ISO-10303-21;
HEADER;
/* Generated by software containing ST-Developer
 * from STEP Tools, Inc. (www.steptools.com) 
 */

FILE_DESCRIPTION(
/* description */ (''),
/* implementation_level */ '2;1');

FILE_NAME(
/* name */ 
'\\\\sinsdv020.ap.infineon.com\\DES_S_PS_ACD\\Working Folder\\PG-VSON-
6-3\\PG-VSON-6-3_Z8B00189760_V02_3D.stp',
/* time_stamp */ '2020-04-16T06:47:35+05:00',
/* author */ ('janartha'),
/* organization */ (''),
/* preprocessor_version */ 'ST-DEVELOPER v16.13',
/* originating_system */ 'AutoCAD Mechanical',
/* authorisation */ '');

FILE_SCHEMA (('AUTOMOTIVE_DESIGN { 1 0 10303 214 3 1 1 }'));
ENDSEC;

DATA;
#10=MECHANICAL_DESIGN_GEOMETRIC_PRESENTATION_REPRESENTATION('',(#77,#78,
#79,#83,#84,#80,#81,#82,#85,#87,#86,#88,#89,#90,#91,#93,#94,#92,#96,#95),
#5898);
#11=PRESENTATION_LAYER_ASSIGNMENT('1','3D_Mold',(#97));
#12=PRESENTATION_LAYER_ASSIGNMENT('2','3D_Pins',(#98,#99,#100,#101,#102,
#103));
#13=PRESENTATION_LAYER_ASSIGNMENT('3','3D_Pin1',(#104));
#14=PRESENTATION_LAYER_ASSIGNMENT('4','3D_Logo',(#105,#106,#107,#108,#109,
#110,#111,#112,#113,#114,#115,#116));
#15=SHAPE_REPRESENTATION_RELATIONSHIP('SRR','None',#5904,#16);
#16=ADVANCED_BREP_SHAPE_REPRESENTATION('',(#97,#98,#99,#100,#101,#102,#103,
#104,#105,#106,#107,#108,#109,#110,#111,#112,#113,#114,#115,#116),#5897);
#17=B_SPLINE_CURVE_WITH_KNOTS('',3,(#5802,#5803,#5804,#5805,#5806,#5807,
#5808,#5809,#5810,#5811,#5812,#5813,#5814),.UNSPECIFIED.,.T.,.F.,(4,1,1,
1,1,1,1,1,1,1,4),(0.,0.226204996144475,0.300027586049544,0.37261102390724,
0.510244371148064,0.693444431154805,0.745036132418441,0.808810624141538,
0.868964842082552,0.948075533073244,1.),.UNSPECIFIED.);
#18=B_SPLINE_CURVE_WITH_KNOTS('',3,(#5817,#5818,#5819,#5820,#5821,#5822,
#5823,#5824,#5825,#5826,#5827,#5828,#5829),.UNSPECIFIED.,.T.,.F.,(4,1,1,
1,1,1,1,1,1,1,4),(-1.,-0.948075533073244,-0.868964842082552,-0.808810624141538,
-0.745036132418441,-0.693444431154805,-0.510244371148064,-0.37261102390724,
-0.300027586049544,-0.226204996144475,0.),.UNSPECIFIED.);
#19=B_SPLINE_CURVE_WITH_KNOTS('',3,(#5861,#5862,#5863,#5864,#5865,#5866,
#5867,#5868,#5869,#5870,#5871,#5872,#5873,#5874,#5875),.UNSPECIFIED.,.T.,
 .F.,(4,1,1,1,1,1,1,1,1,1,1,1,4),(0.,0.10856498290684,0.159029551116057,
0.241919405915454,0.35287247038727,0.433499431953303,0.513483493579249,
0.60763994245176,0.707040804688992,0.752231333980629,0.848035182237584,
0.931872078547226,1.),.UNSPECIFIED.);
#20=B_SPLINE_CURVE_WITH_KNOTS('',3,(#5878,#5879,#5880,#5881,#5882,#5883,
#5884,#5885,#5886,#5887,#5888,#5889,#5890,#5891,#5892),.UNSPECIFIED.,.T.,
 .F.,(4,1,1,1,1,1,1,1,1,1,1,1,4),(0.,0.10856498290684,0.159029551116057,
0.241919405915454,0.35287247038727,0.433499431953303,0.513483493579249,
0.60763994245176,0.707040804688992,0.752231333980629,0.848035182237584,
0.931872078547226,1.),.UNSPECIFIED.);
#21=B_SPLINE_SURFACE_WITH_KNOTS('',3,1,((#5775,#5776),(#5777,#5778),(#5779,
#5780),(#5781,#5782),(#5783,#5784),(#5785,#5786),(#5787,#5788),(#5789,#5790),
(#5791,#5792),(#5793,#5794),(#5795,#5796),(#5797,#5798),(#5799,#5800)),
 .UNSPECIFIED.,.T.,.F.,.F.,(4,1,1,1,1,1,1,1,1,1,4),(2,2),(0.,0.226204996144475,
0.300027586049544,0.37261102390724,0.510244371148064,0.693444431154805,
0.745036132418441,0.808810624141538,0.868964842082552,0.948075533073244,
1.),(0.,0.01),.UNSPECIFIED.);
#22=B_SPLINE_SURFACE_WITH_KNOTS('',3,1,((#5830,#5831),(#5832,#5833),(#5834,
#5835),(#5836,#5837),(#5838,#5839),(#5840,#5841),(#5842,#5843),(#5844,#5845),
(#5846,#5847),(#5848,#5849),(#5850,#5851),(#5852,#5853),(#5854,#5855),(#5856,
#5857),(#5858,#5859)),.UNSPECIFIED.,.T.,.F.,.F.,(4,1,1,1,1,1,1,1,1,1,1,
1,4),(2,2),(0.,0.10856498290684,0.159029551116057,0.241919405915454,0.35287247038727,
0.433499431953303,0.513483493579249,0.60763994245176,0.707040804688992,
0.752231333980629,0.848035182237584,0.931872078547226,1.),(0.,0.01),
 .UNSPECIFIED.);
#23=(
BOUNDED_CURVE()
B_SPLINE_CURVE(2,(#4472,#4473,#4474,#4475,#4476),.UNSPECIFIED.,.F.,.F.)
B_SPLINE_CURVE_WITH_KNOTS((3,2,3),(3.,4.57079632679433,5.57079632679433),
 .UNSPECIFIED.)
CURVE()
GEOMETRIC_REPRESENTATION_ITEM()
RATIONAL_B_SPLINE_CURVE((1.,0.707106781186749,1.,1.,1.))
REPRESENTATION_ITEM('')
);
#24=(
BOUNDED_CURVE()
B_SPLINE_CURVE(2,(#4478,#4479,#4480,#4481,#4482),.UNSPECIFIED.,.F.,.F.)
B_SPLINE_CURVE_WITH_KNOTS((3,2,3),(-5.57079632679433,-4.57079632679433,
-3.),.UNSPECIFIED.)
CURVE()
GEOMETRIC_REPRESENTATION_ITEM()
RATIONAL_B_SPLINE_CURVE((1.,1.,1.,0.707106781186749,1.))
REPRESENTATION_ITEM('')
);
#25=(
BOUNDED_CURVE()
B_SPLINE_CURVE(2,(#4505,#4506,#4507,#4508,#4509,#4510,#4511),
 .UNSPECIFIED.,.F.,.F.)
B_SPLINE_CURVE_WITH_KNOTS((3,2,2,3),(6.57079632679433,7.57079632679433,
8.35619449019291,9.1415926535915),.UNSPECIFIED.)
CURVE()
GEOMETRIC_REPRESENTATION_ITEM()
RATIONAL_B_SPLINE_CURVE((1.,1.,1.,0.923879532511069,1.,0.923879532511069,
1.))
REPRESENTATION_ITEM('')
);
#26=(
BOUNDED_CURVE()
B_SPLINE_CURVE(2,(#4513,#4514,#4515,#4516,#4517,#4518,#4519),
 .UNSPECIFIED.,.F.,.F.)
B_SPLINE_CURVE_WITH_KNOTS((3,2,2,3),(-9.1415926535915,-8.35619449019291,
-7.57079632679433,-6.57079632679433),.UNSPECIFIED.)
CURVE()
GEOMETRIC_REPRESENTATION_ITEM()
RATIONAL_B_SPLINE_CURVE((1.,0.923879532511069,1.,0.923879532511069,1.,1.,
1.))
REPRESENTATION_ITEM('')
);
#27=(
BOUNDED_CURVE()
B_SPLINE_CURVE(2,(#4542,#4543,#4544,#4545,#4546,#4547,#4548),
 .UNSPECIFIED.,.F.,.F.)
B_SPLINE_CURVE_WITH_KNOTS((3,2,2,3),(10.1415926535915,10.9269908169894,
11.7123889803872,12.7123889803872),.UNSPECIFIED.)
CURVE()
GEOMETRIC_REPRESENTATION_ITEM()
RATIONAL_B_SPLINE_CURVE((1.,0.923879532511205,1.,0.923879532511205,1.,1.,
1.))
REPRESENTATION_ITEM('')
);
#28=(
BOUNDED_CURVE()
B_SPLINE_CURVE(2,(#4550,#4551,#4552,#4553,#4554,#4555,#4556),
 .UNSPECIFIED.,.F.,.F.)
B_SPLINE_CURVE_WITH_KNOTS((3,2,2,3),(-12.7123889803872,-11.7123889803872,
-10.9269908169894,-10.1415926535915),.UNSPECIFIED.)
CURVE()
GEOMETRIC_REPRESENTATION_ITEM()
RATIONAL_B_SPLINE_CURVE((1.,1.,1.,0.923879532511205,1.,0.923879532511205,
1.))
REPRESENTATION_ITEM('')
);
#29=(
BOUNDED_CURVE()
B_SPLINE_CURVE(2,(#4579,#4580,#4581,#4582,#4583,#4584,#4585),
 .UNSPECIFIED.,.F.,.F.)
B_SPLINE_CURVE_WITH_KNOTS((3,2,2,3),(13.7123889803872,14.7123889803872,
15.4977871437853,16.2831853071833),.UNSPECIFIED.)
CURVE()
GEOMETRIC_REPRESENTATION_ITEM()
RATIONAL_B_SPLINE_CURVE((1.,1.,1.,0.923879532511178,1.,0.923879532511178,
1.))
REPRESENTATION_ITEM('')
);
#30=(
BOUNDED_CURVE()
B_SPLINE_CURVE(2,(#4587,#4588,#4589,#4590,#4591,#4592,#4593),
 .UNSPECIFIED.,.F.,.F.)
B_SPLINE_CURVE_WITH_KNOTS((3,2,2,3),(-16.2831853071833,-15.4977871437853,
-14.7123889803872,-13.7123889803872),.UNSPECIFIED.)
CURVE()
GEOMETRIC_REPRESENTATION_ITEM()
RATIONAL_B_SPLINE_CURVE((1.,0.923879532511178,1.,0.923879532511178,1.,1.,
1.))
REPRESENTATION_ITEM('')
);
#31=(
BOUNDED_CURVE()
B_SPLINE_CURVE(3,(#4991,#4992,#4993,#4994,#4995),.UNSPECIFIED.,.F.,.F.)
B_SPLINE_CURVE_WITH_KNOTS((4,1,4),(4.,4.69281617866225,4.93584583967148),
 .UNSPECIFIED.)
CURVE()
GEOMETRIC_REPRESENTATION_ITEM()
RATIONAL_B_SPLINE_CURVE((1.,1.,1.,1.,1.))
REPRESENTATION_ITEM('')
);
#32=(
BOUNDED_CURVE()
B_SPLINE_CURVE(3,(#4997,#4998,#4999,#5000,#5001),.UNSPECIFIED.,.F.,.F.)
B_SPLINE_CURVE_WITH_KNOTS((4,1,4),(4.,4.69281617866225,4.93584583967148),
 .UNSPECIFIED.)
CURVE()
GEOMETRIC_REPRESENTATION_ITEM()
RATIONAL_B_SPLINE_CURVE((1.,1.,1.,1.,1.))
REPRESENTATION_ITEM('')
);
#33=(
BOUNDED_CURVE()
B_SPLINE_CURVE(3,(#5035,#5036,#5037,#5038,#5039,#5040,#5041),
 .UNSPECIFIED.,.F.,.F.)
B_SPLINE_CURVE_WITH_KNOTS((4,1,1,1,4),(0.,0.273050639591528,0.407842189197198,
0.669894738613446,1.),.UNSPECIFIED.)
CURVE()
GEOMETRIC_REPRESENTATION_ITEM()
RATIONAL_B_SPLINE_CURVE((1.,1.,1.,1.,1.,1.,1.))
REPRESENTATION_ITEM('')
);
#34=(
BOUNDED_CURVE()
B_SPLINE_CURVE(3,(#5042,#5043,#5044,#5045,#5046,#5047,#5048),
 .UNSPECIFIED.,.F.,.F.)
B_SPLINE_CURVE_WITH_KNOTS((4,1,1,1,4),(0.,0.273050639591528,0.407842189197198,
0.669894738613446,1.),.UNSPECIFIED.)
CURVE()
GEOMETRIC_REPRESENTATION_ITEM()
RATIONAL_B_SPLINE_CURVE((1.,1.,1.,1.,1.,1.,1.))
REPRESENTATION_ITEM('')
);
#35=(
BOUNDED_CURVE()
B_SPLINE_CURVE(3,(#5101,#5102,#5103,#5104,#5105),.UNSPECIFIED.,.F.,.F.)
B_SPLINE_CURVE_WITH_KNOTS((4,1,4),(4.,4.69281617866225,4.93584583967148),
 .UNSPECIFIED.)
CURVE()
GEOMETRIC_REPRESENTATION_ITEM()
RATIONAL_B_SPLINE_CURVE((1.,1.,1.,1.,1.))
REPRESENTATION_ITEM('')
);
#36=(
BOUNDED_CURVE()
B_SPLINE_CURVE(3,(#5107,#5108,#5109,#5110,#5111),.UNSPECIFIED.,.F.,.F.)
B_SPLINE_CURVE_WITH_KNOTS((4,1,4),(4.,4.69281617866225,4.93584583967148),
 .UNSPECIFIED.)
CURVE()
GEOMETRIC_REPRESENTATION_ITEM()
RATIONAL_B_SPLINE_CURVE((1.,1.,1.,1.,1.))
REPRESENTATION_ITEM('')
);
#37=(
BOUNDED_CURVE()
B_SPLINE_CURVE(3,(#5145,#5146,#5147,#5148,#5149,#5150,#5151),
 .UNSPECIFIED.,.F.,.F.)
B_SPLINE_CURVE_WITH_KNOTS((4,1,1,1,4),(0.,0.273050639591528,0.407842189197198,
0.669894738613446,1.),.UNSPECIFIED.)
CURVE()
GEOMETRIC_REPRESENTATION_ITEM()
RATIONAL_B_SPLINE_CURVE((1.,1.,1.,1.,1.,1.,1.))
REPRESENTATION_ITEM('')
);
#38=(
BOUNDED_CURVE()
B_SPLINE_CURVE(3,(#5152,#5153,#5154,#5155,#5156,#5157,#5158),
 .UNSPECIFIED.,.F.,.F.)
B_SPLINE_CURVE_WITH_KNOTS((4,1,1,1,4),(0.,0.273050639591528,0.407842189197198,
0.669894738613446,1.),.UNSPECIFIED.)
CURVE()
GEOMETRIC_REPRESENTATION_ITEM()
RATIONAL_B_SPLINE_CURVE((1.,1.,1.,1.,1.,1.,1.))
REPRESENTATION_ITEM('')
);
#39=(
BOUNDED_CURVE()
B_SPLINE_CURVE(3,(#5237,#5238,#5239,#5240,#5241),.UNSPECIFIED.,.F.,.F.)
B_SPLINE_CURVE_WITH_KNOTS((4,1,4),(4.,4.69281617866225,4.93584583967148),
 .UNSPECIFIED.)
CURVE()
GEOMETRIC_REPRESENTATION_ITEM()
RATIONAL_B_SPLINE_CURVE((1.,1.,1.,1.,1.))
REPRESENTATION_ITEM('')
);
#40=(
BOUNDED_CURVE()
B_SPLINE_CURVE(3,(#5243,#5244,#5245,#5246,#5247),.UNSPECIFIED.,.F.,.F.)
B_SPLINE_CURVE_WITH_KNOTS((4,1,4),(4.,4.69281617866225,4.93584583967148),
 .UNSPECIFIED.)
CURVE()
GEOMETRIC_REPRESENTATION_ITEM()
RATIONAL_B_SPLINE_CURVE((1.,1.,1.,1.,1.))
REPRESENTATION_ITEM('')
);
#41=(
BOUNDED_CURVE()
B_SPLINE_CURVE(3,(#5281,#5282,#5283,#5284,#5285,#5286,#5287),
 .UNSPECIFIED.,.F.,.F.)
B_SPLINE_CURVE_WITH_KNOTS((4,1,1,1,4),(0.,0.273050639591528,0.407842189197198,
0.669894738613446,1.),.UNSPECIFIED.)
CURVE()
GEOMETRIC_REPRESENTATION_ITEM()
RATIONAL_B_SPLINE_CURVE((1.,1.,1.,1.,1.,1.,1.))
REPRESENTATION_ITEM('')
);
#42=(
BOUNDED_CURVE()
B_SPLINE_CURVE(3,(#5288,#5289,#5290,#5291,#5292,#5293,#5294),
 .UNSPECIFIED.,.F.,.F.)
B_SPLINE_CURVE_WITH_KNOTS((4,1,1,1,4),(0.,0.273050639591528,0.407842189197198,
0.669894738613446,1.),.UNSPECIFIED.)
CURVE()
GEOMETRIC_REPRESENTATION_ITEM()
RATIONAL_B_SPLINE_CURVE((1.,1.,1.,1.,1.,1.,1.))
REPRESENTATION_ITEM('')
);
#43=(
BOUNDED_CURVE()
B_SPLINE_CURVE(3,(#5307,#5308,#5309,#5310),.UNSPECIFIED.,.F.,.F.)
B_SPLINE_CURVE_WITH_KNOTS((4,4),(13.,14.),.UNSPECIFIED.)
CURVE()
GEOMETRIC_REPRESENTATION_ITEM()
RATIONAL_B_SPLINE_CURVE((1.,1.,1.,1.))
REPRESENTATION_ITEM('')
);
#44=(
BOUNDED_CURVE()
B_SPLINE_CURVE(3,(#5314,#5315,#5316,#5317),.UNSPECIFIED.,.F.,.F.)
B_SPLINE_CURVE_WITH_KNOTS((4,4),(13.,14.),.UNSPECIFIED.)
CURVE()
GEOMETRIC_REPRESENTATION_ITEM()
RATIONAL_B_SPLINE_CURVE((1.,1.,1.,1.))
REPRESENTATION_ITEM('')
);
#45=(
BOUNDED_CURVE()
B_SPLINE_CURVE(3,(#5394,#5395,#5396,#5397),.UNSPECIFIED.,.F.,.F.)
B_SPLINE_CURVE_WITH_KNOTS((4,4),(1.,2.),.UNSPECIFIED.)
CURVE()
GEOMETRIC_REPRESENTATION_ITEM()
RATIONAL_B_SPLINE_CURVE((1.,1.,1.,1.))
REPRESENTATION_ITEM('')
);
#46=(
BOUNDED_CURVE()
B_SPLINE_CURVE(3,(#5399,#5400,#5401,#5402),.UNSPECIFIED.,.F.,.F.)
B_SPLINE_CURVE_WITH_KNOTS((4,4),(1.,2.),.UNSPECIFIED.)
CURVE()
GEOMETRIC_REPRESENTATION_ITEM()
RATIONAL_B_SPLINE_CURVE((1.,1.,1.,1.))
REPRESENTATION_ITEM('')
);
#47=(
BOUNDED_CURVE()
B_SPLINE_CURVE(3,(#5472,#5473,#5474,#5475,#5476,#5477,#5478,#5479),
 .UNSPECIFIED.,.F.,.F.)
B_SPLINE_CURVE_WITH_KNOTS((4,1,1,1,1,4),(0.,0.221606117427734,0.380634447400623,
0.555003441801504,0.713067074813334,1.),.UNSPECIFIED.)
CURVE()
GEOMETRIC_REPRESENTATION_ITEM()
RATIONAL_B_SPLINE_CURVE((1.,1.,1.,1.,1.,1.,1.,1.))
REPRESENTATION_ITEM('')
);
#48=(
BOUNDED_CURVE()
B_SPLINE_CURVE(3,(#5480,#5481,#5482,#5483,#5484,#5485,#5486,#5487),
 .UNSPECIFIED.,.F.,.F.)
B_SPLINE_CURVE_WITH_KNOTS((4,1,1,1,1,4),(-1.,-0.713067074813334,-0.555003441801504,
-0.380634447400623,-0.221606117427734,0.),.UNSPECIFIED.)
CURVE()
GEOMETRIC_REPRESENTATION_ITEM()
RATIONAL_B_SPLINE_CURVE((1.,1.,1.,1.,1.,1.,1.,1.))
REPRESENTATION_ITEM('')
);
#49=(
BOUNDED_CURVE()
B_SPLINE_CURVE(3,(#5504,#5505,#5506,#5507,#5508,#5509,#5510),
 .UNSPECIFIED.,.F.,.F.)
B_SPLINE_CURVE_WITH_KNOTS((4,1,1,1,4),(7.,7.2851953294035,7.42481262252017,
7.60441608943189,8.),.UNSPECIFIED.)
CURVE()
GEOMETRIC_REPRESENTATION_ITEM()
RATIONAL_B_SPLINE_CURVE((1.,1.,1.,1.,1.,1.,1.))
REPRESENTATION_ITEM('')
);
#50=(
BOUNDED_CURVE()
B_SPLINE_CURVE(3,(#5514,#5515,#5516,#5517,#5518,#5519,#5520),
 .UNSPECIFIED.,.F.,.F.)
B_SPLINE_CURVE_WITH_KNOTS((4,1,1,1,4),(7.,7.2851953294035,7.42481262252017,
7.60441608943189,8.),.UNSPECIFIED.)
CURVE()
GEOMETRIC_REPRESENTATION_ITEM()
RATIONAL_B_SPLINE_CURVE((1.,1.,1.,1.,1.,1.,1.))
REPRESENTATION_ITEM('')
);
#51=(
BOUNDED_CURVE()
B_SPLINE_CURVE(3,(#5545,#5546,#5547,#5548,#5549,#5550,#5551,#5552),
 .UNSPECIFIED.,.F.,.F.)
B_SPLINE_CURVE_WITH_KNOTS((4,1,1,1,1,4),(5.,5.31171321087471,5.43089495435747,
5.6277382825847,5.74248586225182,6.),.UNSPECIFIED.)
CURVE()
GEOMETRIC_REPRESENTATION_ITEM()
RATIONAL_B_SPLINE_CURVE((1.,1.,1.,1.,1.,1.,1.,1.))
REPRESENTATION_ITEM('')
);
#52=(
BOUNDED_CURVE()
B_SPLINE_CURVE(3,(#5554,#5555,#5556,#5557,#5558,#5559,#5560,#5561),
 .UNSPECIFIED.,.F.,.F.)
B_SPLINE_CURVE_WITH_KNOTS((4,1,1,1,1,4),(5.,5.31171321087471,5.43089495435747,
5.6277382825847,5.74248586225182,6.),.UNSPECIFIED.)
CURVE()
GEOMETRIC_REPRESENTATION_ITEM()
RATIONAL_B_SPLINE_CURVE((1.,1.,1.,1.,1.,1.,1.,1.))
REPRESENTATION_ITEM('')
);
#53=(
BOUNDED_CURVE()
B_SPLINE_CURVE(3,(#5586,#5587,#5588,#5589,#5590,#5591,#5592,#5593),
 .UNSPECIFIED.,.F.,.F.)
B_SPLINE_CURVE_WITH_KNOTS((4,1,1,1,1,4),(3.,3.28782064558328,3.43392108813293,
3.56910278738454,3.70108898562556,4.),.UNSPECIFIED.)
CURVE()
GEOMETRIC_REPRESENTATION_ITEM()
RATIONAL_B_SPLINE_CURVE((1.,1.,1.,1.,1.,1.,1.,1.))
REPRESENTATION_ITEM('')
);
#54=(
BOUNDED_CURVE()
B_SPLINE_CURVE(3,(#5595,#5596,#5597,#5598,#5599,#5600,#5601,#5602),
 .UNSPECIFIED.,.F.,.F.)
B_SPLINE_CURVE_WITH_KNOTS((4,1,1,1,1,4),(3.,3.28782064558328,3.43392108813293,
3.56910278738454,3.70108898562556,4.),.UNSPECIFIED.)
CURVE()
GEOMETRIC_REPRESENTATION_ITEM()
RATIONAL_B_SPLINE_CURVE((1.,1.,1.,1.,1.,1.,1.,1.))
REPRESENTATION_ITEM('')
);
#55=(
BOUNDED_CURVE()
B_SPLINE_CURVE(3,(#5677,#5678,#5679,#5680,#5681,#5682,#5683),
 .UNSPECIFIED.,.F.,.F.)
B_SPLINE_CURVE_WITH_KNOTS((4,1,1,1,4),(8.24992306914941,8.79199545455597,
8.94168578043941,9.0716180768389,9.24992306914941),.UNSPECIFIED.)
CURVE()
GEOMETRIC_REPRESENTATION_ITEM()
RATIONAL_B_SPLINE_CURVE((1.,1.,1.,1.,1.,1.,1.))
REPRESENTATION_ITEM('')
);
#56=(
BOUNDED_CURVE()
B_SPLINE_CURVE(3,(#5687,#5688,#5689,#5690,#5691,#5692,#5693),
 .UNSPECIFIED.,.F.,.F.)
B_SPLINE_CURVE_WITH_KNOTS((4,1,1,1,4),(8.24992306914941,8.79199545455597,
8.94168578043941,9.0716180768389,9.24992306914941),.UNSPECIFIED.)
CURVE()
GEOMETRIC_REPRESENTATION_ITEM()
RATIONAL_B_SPLINE_CURVE((1.,1.,1.,1.,1.,1.,1.))
REPRESENTATION_ITEM('')
);
#57=(
BOUNDED_CURVE()
B_SPLINE_CURVE(3,(#5750,#5751,#5752,#5753,#5754,#5755,#5756,#5757,#5758),
 .UNSPECIFIED.,.F.,.F.)
B_SPLINE_CURVE_WITH_KNOTS((4,1,1,1,1,1,4),(1.,1.20173843724544,1.31887202881251,
1.42144809007961,1.52552690536999,1.72482539413752,2.),.UNSPECIFIED.)
CURVE()
GEOMETRIC_REPRESENTATION_ITEM()
RATIONAL_B_SPLINE_CURVE((1.,1.,1.,1.,1.,1.,1.,1.,1.))
REPRESENTATION_ITEM('')
);
#58=(
BOUNDED_CURVE()
B_SPLINE_CURVE(3,(#5760,#5761,#5762,#5763,#5764,#5765,#5766,#5767,#5768),
 .UNSPECIFIED.,.F.,.F.)
B_SPLINE_CURVE_WITH_KNOTS((4,1,1,1,1,1,4),(1.,1.20173843724544,1.31887202881251,
1.42144809007961,1.52552690536999,1.72482539413752,2.),.UNSPECIFIED.)
CURVE()
GEOMETRIC_REPRESENTATION_ITEM()
RATIONAL_B_SPLINE_CURVE((1.,1.,1.,1.,1.,1.,1.,1.,1.))
REPRESENTATION_ITEM('')
);
#59=(
BOUNDED_SURFACE()
B_SPLINE_SURFACE(2,1,((#4461,#4462),(#4463,#4464),(#4465,#4466),(#4467,
#4468),(#4469,#4470)),.UNSPECIFIED.,.F.,.F.,.F.)
B_SPLINE_SURFACE_WITH_KNOTS((3,2,3),(2,2),(-5.57079632679433,-4.57079632679433,
-3.),(0.,0.2),.UNSPECIFIED.)
GEOMETRIC_REPRESENTATION_ITEM()
RATIONAL_B_SPLINE_SURFACE(((1.,1.),(1.,1.),(1.,1.),(0.707106781186749,0.707106781186749),
(1.,1.)))
REPRESENTATION_ITEM('')
SURFACE()
);
#60=(
BOUNDED_SURFACE()
B_SPLINE_SURFACE(2,1,((#4490,#4491),(#4492,#4493),(#4494,#4495),(#4496,
#4497),(#4498,#4499),(#4500,#4501),(#4502,#4503)),.UNSPECIFIED.,.F.,.F.,
 .F.)
B_SPLINE_SURFACE_WITH_KNOTS((3,2,2,3),(2,2),(-9.1415926535915,-8.35619449019291,
-7.57079632679433,-6.57079632679433),(0.,0.2),.UNSPECIFIED.)
GEOMETRIC_REPRESENTATION_ITEM()
RATIONAL_B_SPLINE_SURFACE(((1.,1.),(0.923879532511069,0.923879532511069),
(1.,1.),(0.923879532511069,0.923879532511069),(1.,1.),(1.,1.),(1.,1.)))
REPRESENTATION_ITEM('')
SURFACE()
);
#61=(
BOUNDED_SURFACE()
B_SPLINE_SURFACE(2,1,((#4527,#4528),(#4529,#4530),(#4531,#4532),(#4533,
#4534),(#4535,#4536),(#4537,#4538),(#4539,#4540)),.UNSPECIFIED.,.F.,.F.,
 .F.)
B_SPLINE_SURFACE_WITH_KNOTS((3,2,2,3),(2,2),(-12.7123889803872,-11.7123889803872,
-10.9269908169894,-10.1415926535915),(0.,0.2),.UNSPECIFIED.)
GEOMETRIC_REPRESENTATION_ITEM()
RATIONAL_B_SPLINE_SURFACE(((1.,1.),(1.,1.),(1.,1.),(0.923879532511205,0.923879532511205),
(1.,1.),(0.923879532511205,0.923879532511205),(1.,1.)))
REPRESENTATION_ITEM('')
SURFACE()
);
#62=(
BOUNDED_SURFACE()
B_SPLINE_SURFACE(2,1,((#4564,#4565),(#4566,#4567),(#4568,#4569),(#4570,
#4571),(#4572,#4573),(#4574,#4575),(#4576,#4577)),.UNSPECIFIED.,.F.,.F.,
 .F.)
B_SPLINE_SURFACE_WITH_KNOTS((3,2,2,3),(2,2),(-16.2831853071833,-15.4977871437853,
-14.7123889803872,-13.7123889803872),(0.,0.2),.UNSPECIFIED.)
GEOMETRIC_REPRESENTATION_ITEM()
RATIONAL_B_SPLINE_SURFACE(((1.,1.),(0.923879532511178,0.923879532511178),
(1.,1.),(0.923879532511178,0.923879532511178),(1.,1.),(1.,1.),(1.,1.)))
REPRESENTATION_ITEM('')
SURFACE()
);
#63=(
BOUNDED_SURFACE()
B_SPLINE_SURFACE(3,1,((#4980,#4981),(#4982,#4983),(#4984,#4985),(#4986,
#4987),(#4988,#4989)),.UNSPECIFIED.,.F.,.F.,.F.)
B_SPLINE_SURFACE_WITH_KNOTS((4,1,4),(2,2),(4.,4.69281617866225,4.93584583967148),
(0.,0.01),.UNSPECIFIED.)
GEOMETRIC_REPRESENTATION_ITEM()
RATIONAL_B_SPLINE_SURFACE(((1.,1.),(1.,1.),(1.,1.),(1.,1.),(1.,1.)))
REPRESENTATION_ITEM('')
SURFACE()
);
#64=(
BOUNDED_SURFACE()
B_SPLINE_SURFACE(3,1,((#5021,#5022),(#5023,#5024),(#5025,#5026),(#5027,
#5028),(#5029,#5030),(#5031,#5032),(#5033,#5034)),.UNSPECIFIED.,.F.,.F.,
 .F.)
B_SPLINE_SURFACE_WITH_KNOTS((4,1,1,1,4),(2,2),(0.,0.273050639591528,0.407842189197198,
0.669894738613446,1.),(0.,0.01),.UNSPECIFIED.)
GEOMETRIC_REPRESENTATION_ITEM()
RATIONAL_B_SPLINE_SURFACE(((1.,1.),(1.,1.),(1.,1.),(1.,1.),(1.,1.),(1.,
1.),(1.,1.)))
REPRESENTATION_ITEM('')
SURFACE()
);
#65=(
BOUNDED_SURFACE()
B_SPLINE_SURFACE(3,1,((#5090,#5091),(#5092,#5093),(#5094,#5095),(#5096,
#5097),(#5098,#5099)),.UNSPECIFIED.,.F.,.F.,.F.)
B_SPLINE_SURFACE_WITH_KNOTS((4,1,4),(2,2),(4.,4.69281617866225,4.93584583967148),
(0.,0.01),.UNSPECIFIED.)
GEOMETRIC_REPRESENTATION_ITEM()
RATIONAL_B_SPLINE_SURFACE(((1.,1.),(1.,1.),(1.,1.),(1.,1.),(1.,1.)))
REPRESENTATION_ITEM('')
SURFACE()
);
#66=(
BOUNDED_SURFACE()
B_SPLINE_SURFACE(3,1,((#5131,#5132),(#5133,#5134),(#5135,#5136),(#5137,
#5138),(#5139,#5140),(#5141,#5142),(#5143,#5144)),.UNSPECIFIED.,.F.,.F.,
 .F.)
B_SPLINE_SURFACE_WITH_KNOTS((4,1,1,1,4),(2,2),(0.,0.273050639591528,0.407842189197198,
0.669894738613446,1.),(0.,0.01),.UNSPECIFIED.)
GEOMETRIC_REPRESENTATION_ITEM()
RATIONAL_B_SPLINE_SURFACE(((1.,1.),(1.,1.),(1.,1.),(1.,1.),(1.,1.),(1.,
1.),(1.,1.)))
REPRESENTATION_ITEM('')
SURFACE()
);
#67=(
BOUNDED_SURFACE()
B_SPLINE_SURFACE(3,1,((#5226,#5227),(#5228,#5229),(#5230,#5231),(#5232,
#5233),(#5234,#5235)),.UNSPECIFIED.,.F.,.F.,.F.)
B_SPLINE_SURFACE_WITH_KNOTS((4,1,4),(2,2),(4.,4.69281617866225,4.93584583967148),
(0.,0.01),.UNSPECIFIED.)
GEOMETRIC_REPRESENTATION_ITEM()
RATIONAL_B_SPLINE_SURFACE(((1.,1.),(1.,1.),(1.,1.),(1.,1.),(1.,1.)))
REPRESENTATION_ITEM('')
SURFACE()
);
#68=(
BOUNDED_SURFACE()
B_SPLINE_SURFACE(3,1,((#5267,#5268),(#5269,#5270),(#5271,#5272),(#5273,
#5274),(#5275,#5276),(#5277,#5278),(#5279,#5280)),.UNSPECIFIED.,.F.,.F.,
 .F.)
B_SPLINE_SURFACE_WITH_KNOTS((4,1,1,1,4),(2,2),(0.,0.273050639591528,0.407842189197198,
0.669894738613446,1.),(0.,0.01),.UNSPECIFIED.)
GEOMETRIC_REPRESENTATION_ITEM()
RATIONAL_B_SPLINE_SURFACE(((1.,1.),(1.,1.),(1.,1.),(1.,1.),(1.,1.),(1.,
1.),(1.,1.)))
REPRESENTATION_ITEM('')
SURFACE()
);
#69=(
BOUNDED_SURFACE()
B_SPLINE_SURFACE(3,1,((#5297,#5298),(#5299,#5300),(#5301,#5302),(#5303,
#5304)),.UNSPECIFIED.,.F.,.F.,.F.)
B_SPLINE_SURFACE_WITH_KNOTS((4,4),(2,2),(13.,14.),(0.,0.01),
 .UNSPECIFIED.)
GEOMETRIC_REPRESENTATION_ITEM()
RATIONAL_B_SPLINE_SURFACE(((1.,1.),(1.,1.),(1.,1.),(1.,1.)))
REPRESENTATION_ITEM('')
SURFACE()
);
#70=(
BOUNDED_SURFACE()
B_SPLINE_SURFACE(3,1,((#5385,#5386),(#5387,#5388),(#5389,#5390),(#5391,
#5392)),.UNSPECIFIED.,.F.,.F.,.F.)
B_SPLINE_SURFACE_WITH_KNOTS((4,4),(2,2),(1.,2.),(0.,0.01),.UNSPECIFIED.)
GEOMETRIC_REPRESENTATION_ITEM()
RATIONAL_B_SPLINE_SURFACE(((1.,1.),(1.,1.),(1.,1.),(1.,1.)))
REPRESENTATION_ITEM('')
SURFACE()
);
#71=(
BOUNDED_SURFACE()
B_SPLINE_SURFACE(3,1,((#5456,#5457),(#5458,#5459),(#5460,#5461),(#5462,
#5463),(#5464,#5465),(#5466,#5467),(#5468,#5469),(#5470,#5471)),
 .UNSPECIFIED.,.F.,.F.,.F.)
B_SPLINE_SURFACE_WITH_KNOTS((4,1,1,1,1,4),(2,2),(0.,0.221606117427734,0.380634447400623,
0.555003441801504,0.713067074813334,1.),(0.,0.01),.UNSPECIFIED.)
GEOMETRIC_REPRESENTATION_ITEM()
RATIONAL_B_SPLINE_SURFACE(((1.,1.),(1.,1.),(1.,1.),(1.,1.),(1.,1.),(1.,
1.),(1.,1.),(1.,1.)))
REPRESENTATION_ITEM('')
SURFACE()
);
#72=(
BOUNDED_SURFACE()
B_SPLINE_SURFACE(3,1,((#5488,#5489),(#5490,#5491),(#5492,#5493),(#5494,
#5495),(#5496,#5497),(#5498,#5499),(#5500,#5501)),.UNSPECIFIED.,.F.,.F.,
 .F.)
B_SPLINE_SURFACE_WITH_KNOTS((4,1,1,1,4),(2,2),(7.,7.2851953294035,7.42481262252017,
7.60441608943189,8.),(0.,0.01),.UNSPECIFIED.)
GEOMETRIC_REPRESENTATION_ITEM()
RATIONAL_B_SPLINE_SURFACE(((1.,1.),(1.,1.),(1.,1.),(1.,1.),(1.,1.),(1.,
1.),(1.,1.)))
REPRESENTATION_ITEM('')
SURFACE()
);
#73=(
BOUNDED_SURFACE()
B_SPLINE_SURFACE(3,1,((#5528,#5529),(#5530,#5531),(#5532,#5533),(#5534,
#5535),(#5536,#5537),(#5538,#5539),(#5540,#5541),(#5542,#5543)),
 .UNSPECIFIED.,.F.,.F.,.F.)
B_SPLINE_SURFACE_WITH_KNOTS((4,1,1,1,1,4),(2,2),(5.,5.31171321087471,5.43089495435747,
5.6277382825847,5.74248586225182,6.),(0.,0.01),.UNSPECIFIED.)
GEOMETRIC_REPRESENTATION_ITEM()
RATIONAL_B_SPLINE_SURFACE(((1.,1.),(1.,1.),(1.,1.),(1.,1.),(1.,1.),(1.,
1.),(1.,1.),(1.,1.)))
REPRESENTATION_ITEM('')
SURFACE()
);
#74=(
BOUNDED_SURFACE()
B_SPLINE_SURFACE(3,1,((#5569,#5570),(#5571,#5572),(#5573,#5574),(#5575,
#5576),(#5577,#5578),(#5579,#5580),(#5581,#5582),(#5583,#5584)),
 .UNSPECIFIED.,.F.,.F.,.F.)
B_SPLINE_SURFACE_WITH_KNOTS((4,1,1,1,1,4),(2,2),(3.,3.28782064558328,3.43392108813293,
3.56910278738454,3.70108898562556,4.),(0.,0.01),.UNSPECIFIED.)
GEOMETRIC_REPRESENTATION_ITEM()
RATIONAL_B_SPLINE_SURFACE(((1.,1.),(1.,1.),(1.,1.),(1.,1.),(1.,1.),(1.,
1.),(1.,1.),(1.,1.)))
REPRESENTATION_ITEM('')
SURFACE()
);
#75=(
BOUNDED_SURFACE()
B_SPLINE_SURFACE(3,1,((#5661,#5662),(#5663,#5664),(#5665,#5666),(#5667,
#5668),(#5669,#5670),(#5671,#5672),(#5673,#5674)),.UNSPECIFIED.,.F.,.F.,
 .F.)
B_SPLINE_SURFACE_WITH_KNOTS((4,1,1,1,4),(2,2),(8.24992306914941,8.79199545455597,
8.94168578043941,9.0716180768389,9.24992306914941),(0.,0.01),
 .UNSPECIFIED.)
GEOMETRIC_REPRESENTATION_ITEM()
RATIONAL_B_SPLINE_SURFACE(((1.,1.),(1.,1.),(1.,1.),(1.,1.),(1.,1.),(1.,
1.),(1.,1.)))
REPRESENTATION_ITEM('')
SURFACE()
);
#76=(
BOUNDED_SURFACE()
B_SPLINE_SURFACE(3,1,((#5731,#5732),(#5733,#5734),(#5735,#5736),(#5737,
#5738),(#5739,#5740),(#5741,#5742),(#5743,#5744),(#5745,#5746),(#5747,#5748)),
 .UNSPECIFIED.,.F.,.F.,.F.)
B_SPLINE_SURFACE_WITH_KNOTS((4,1,1,1,1,1,4),(2,2),(1.,1.20173843724544,
1.31887202881251,1.42144809007961,1.52552690536999,1.72482539413752,2.),
(0.,0.01),.UNSPECIFIED.)
GEOMETRIC_REPRESENTATION_ITEM()
RATIONAL_B_SPLINE_SURFACE(((1.,1.),(1.,1.),(1.,1.),(1.,1.),(1.,1.),(1.,
1.),(1.,1.),(1.,1.),(1.,1.)))
REPRESENTATION_ITEM('')
SURFACE()
);
#77=STYLED_ITEM('',(#5913),#97);
#78=STYLED_ITEM('',(#5914),#98);
#79=STYLED_ITEM('',(#5914),#99);
#80=STYLED_ITEM('',(#5914),#100);
#81=STYLED_ITEM('',(#5914),#101);
#82=STYLED_ITEM('',(#5914),#102);
#83=STYLED_ITEM('',(#5914),#103);
#84=STYLED_ITEM('',(#5915),#104);
#85=STYLED_ITEM('',(#5915),#105);
#86=STYLED_ITEM('',(#5915),#106);
#87=STYLED_ITEM('',(#5915),#107);
#88=STYLED_ITEM('',(#5915),#108);
#89=STYLED_ITEM('',(#5915),#109);
#90=STYLED_ITEM('',(#5915),#110);
#91=STYLED_ITEM('',(#5915),#111);
#92=STYLED_ITEM('',(#5915),#112);
#93=STYLED_ITEM('',(#5915),#113);
#94=STYLED_ITEM('',(#5915),#114);
#95=STYLED_ITEM('',(#5915),#115);
#96=STYLED_ITEM('',(#5915),#116);
#97=MANIFOLD_SOLID_BREP('6B0',#3379);
#98=MANIFOLD_SOLID_BREP('6B3',#3380);
#99=MANIFOLD_SOLID_BREP('6B7',#3381);
#100=MANIFOLD_SOLID_BREP('6BB',#3382);
#101=MANIFOLD_SOLID_BREP('6BF',#3383);
#102=MANIFOLD_SOLID_BREP('6C3',#3384);
#103=MANIFOLD_SOLID_BREP('6C7',#3385);
#104=MANIFOLD_SOLID_BREP('6CC',#3386);
#105=MANIFOLD_SOLID_BREP('FB6',#3387);
#106=MANIFOLD_SOLID_BREP('FBA',#3388);
#107=MANIFOLD_SOLID_BREP('FBE',#3389);
#108=MANIFOLD_SOLID_BREP('FC2',#3390);
#109=MANIFOLD_SOLID_BREP('FC6',#3391);
#110=MANIFOLD_SOLID_BREP('FCA',#3392);
#111=MANIFOLD_SOLID_BREP('FCE',#3393);
#112=MANIFOLD_SOLID_BREP('FD1',#3394);
#113=MANIFOLD_SOLID_BREP('FD5',#3395);
#114=MANIFOLD_SOLID_BREP('FD9',#3396);
#115=MANIFOLD_SOLID_BREP('FDD',#3397);
#116=MANIFOLD_SOLID_BREP('FE1',#3398);
#117=LINE('',#4423,#501);
#118=LINE('',#4425,#502);
#119=LINE('',#4427,#503);
#120=LINE('',#4428,#504);
#121=LINE('',#4431,#505);
#122=LINE('',#4433,#506);
#123=LINE('',#4434,#507);
#124=LINE('',#4437,#508);
#125=LINE('',#4438,#509);
#126=LINE('',#4441,#510);
#127=LINE('',#4442,#511);
#128=LINE('',#4444,#512);
#129=LINE('',#4449,#513);
#130=LINE('',#4451,#514);
#131=LINE('',#4453,#515);
#132=LINE('',#4454,#516);
#133=LINE('',#4457,#517);
#134=LINE('',#4459,#518);
#135=LINE('',#4460,#519);
#136=LINE('',#4483,#520);
#137=LINE('',#4486,#521);
#138=LINE('',#4488,#522);
#139=LINE('',#4489,#523);
#140=LINE('',#4520,#524);
#141=LINE('',#4523,#525);
#142=LINE('',#4525,#526);
#143=LINE('',#4526,#527);
#144=LINE('',#4557,#528);
#145=LINE('',#4560,#529);
#146=LINE('',#4562,#530);
#147=LINE('',#4563,#531);
#148=LINE('',#4594,#532);
#149=LINE('',#4597,#533);
#150=LINE('',#4599,#534);
#151=LINE('',#4600,#535);
#152=LINE('',#4606,#536);
#153=LINE('',#4609,#537);
#154=LINE('',#4611,#538);
#155=LINE('',#4612,#539);
#156=LINE('',#4615,#540);
#157=LINE('',#4617,#541);
#158=LINE('',#4618,#542);
#159=LINE('',#4621,#543);
#160=LINE('',#4623,#544);
#161=LINE('',#4624,#545);
#162=LINE('',#4630,#546);
#163=LINE('',#4632,#547);
#164=LINE('',#4633,#548);
#165=LINE('',#4639,#549);
#166=LINE('',#4641,#550);
#167=LINE('',#4643,#551);
#168=LINE('',#4644,#552);
#169=LINE('',#4650,#553);
#170=LINE('',#4653,#554);
#171=LINE('',#4655,#555);
#172=LINE('',#4656,#556);
#173=LINE('',#4659,#557);
#174=LINE('',#4661,#558);
#175=LINE('',#4662,#559);
#176=LINE('',#4665,#560);
#177=LINE('',#4667,#561);
#178=LINE('',#4668,#562);
#179=LINE('',#4674,#563);
#180=LINE('',#4677,#564);
#181=LINE('',#4679,#565);
#182=LINE('',#4680,#566);
#183=LINE('',#4682,#567);
#184=LINE('',#4683,#568);
#185=LINE('',#4689,#569);
#186=LINE('',#4691,#570);
#187=LINE('',#4693,#571);
#188=LINE('',#4694,#572);
#189=LINE('',#4697,#573);
#190=LINE('',#4699,#574);
#191=LINE('',#4700,#575);
#192=LINE('',#4703,#576);
#193=LINE('',#4705,#577);
#194=LINE('',#4706,#578);
#195=LINE('',#4712,#579);
#196=LINE('',#4715,#580);
#197=LINE('',#4717,#581);
#198=LINE('',#4718,#582);
#199=LINE('',#4724,#583);
#200=LINE('',#4727,#584);
#201=LINE('',#4729,#585);
#202=LINE('',#4730,#586);
#203=LINE('',#4733,#587);
#204=LINE('',#4735,#588);
#205=LINE('',#4736,#589);
#206=LINE('',#4739,#590);
#207=LINE('',#4741,#591);
#208=LINE('',#4742,#592);
#209=LINE('',#4748,#593);
#210=LINE('',#4751,#594);
#211=LINE('',#4753,#595);
#212=LINE('',#4754,#596);
#213=LINE('',#4760,#597);
#214=LINE('',#4763,#598);
#215=LINE('',#4765,#599);
#216=LINE('',#4766,#600);
#217=LINE('',#4769,#601);
#218=LINE('',#4771,#602);
#219=LINE('',#4772,#603);
#220=LINE('',#4775,#604);
#221=LINE('',#4777,#605);
#222=LINE('',#4778,#606);
#223=LINE('',#4784,#607);
#224=LINE('',#4787,#608);
#225=LINE('',#4789,#609);
#226=LINE('',#4790,#610);
#227=LINE('',#4793,#611);
#228=LINE('',#4795,#612);
#229=LINE('',#4796,#613);
#230=LINE('',#4799,#614);
#231=LINE('',#4801,#615);
#232=LINE('',#4802,#616);
#233=LINE('',#4805,#617);
#234=LINE('',#4807,#618);
#235=LINE('',#4808,#619);
#236=LINE('',#4811,#620);
#237=LINE('',#4813,#621);
#238=LINE('',#4814,#622);
#239=LINE('',#4820,#623);
#240=LINE('',#4823,#624);
#241=LINE('',#4825,#625);
#242=LINE('',#4826,#626);
#243=LINE('',#4829,#627);
#244=LINE('',#4831,#628);
#245=LINE('',#4832,#629);
#246=LINE('',#4835,#630);
#247=LINE('',#4837,#631);
#248=LINE('',#4838,#632);
#249=LINE('',#4844,#633);
#250=LINE('',#4847,#634);
#251=LINE('',#4849,#635);
#252=LINE('',#4850,#636);
#253=LINE('',#4859,#637);
#254=LINE('',#4861,#638);
#255=LINE('',#4863,#639);
#256=LINE('',#4864,#640);
#257=LINE('',#4867,#641);
#258=LINE('',#4869,#642);
#259=LINE('',#4870,#643);
#260=LINE('',#4873,#644);
#261=LINE('',#4875,#645);
#262=LINE('',#4876,#646);
#263=LINE('',#4878,#647);
#264=LINE('',#4879,#648);
#265=LINE('',#4885,#649);
#266=LINE('',#4887,#650);
#267=LINE('',#4889,#651);
#268=LINE('',#4890,#652);
#269=LINE('',#4893,#653);
#270=LINE('',#4895,#654);
#271=LINE('',#4896,#655);
#272=LINE('',#4899,#656);
#273=LINE('',#4901,#657);
#274=LINE('',#4902,#658);
#275=LINE('',#4904,#659);
#276=LINE('',#4905,#660);
#277=LINE('',#4911,#661);
#278=LINE('',#4913,#662);
#279=LINE('',#4915,#663);
#280=LINE('',#4916,#664);
#281=LINE('',#4919,#665);
#282=LINE('',#4921,#666);
#283=LINE('',#4922,#667);
#284=LINE('',#4925,#668);
#285=LINE('',#4927,#669);
#286=LINE('',#4928,#670);
#287=LINE('',#4930,#671);
#288=LINE('',#4931,#672);
#289=LINE('',#4944,#673);
#290=LINE('',#4946,#674);
#291=LINE('',#4948,#675);
#292=LINE('',#4949,#676);
#293=LINE('',#4952,#677);
#294=LINE('',#4954,#678);
#295=LINE('',#4955,#679);
#296=LINE('',#4958,#680);
#297=LINE('',#4960,#681);
#298=LINE('',#4961,#682);
#299=LINE('',#4964,#683);
#300=LINE('',#4966,#684);
#301=LINE('',#4967,#685);
#302=LINE('',#4970,#686);
#303=LINE('',#4972,#687);
#304=LINE('',#4973,#688);
#305=LINE('',#4976,#689);
#306=LINE('',#4978,#690);
#307=LINE('',#4979,#691);
#308=LINE('',#5002,#692);
#309=LINE('',#5005,#693);
#310=LINE('',#5007,#694);
#311=LINE('',#5008,#695);
#312=LINE('',#5011,#696);
#313=LINE('',#5013,#697);
#314=LINE('',#5014,#698);
#315=LINE('',#5017,#699);
#316=LINE('',#5019,#700);
#317=LINE('',#5020,#701);
#318=LINE('',#5054,#702);
#319=LINE('',#5056,#703);
#320=LINE('',#5058,#704);
#321=LINE('',#5059,#705);
#322=LINE('',#5062,#706);
#323=LINE('',#5064,#707);
#324=LINE('',#5065,#708);
#325=LINE('',#5068,#709);
#326=LINE('',#5070,#710);
#327=LINE('',#5071,#711);
#328=LINE('',#5074,#712);
#329=LINE('',#5076,#713);
#330=LINE('',#5077,#714);
#331=LINE('',#5080,#715);
#332=LINE('',#5082,#716);
#333=LINE('',#5083,#717);
#334=LINE('',#5086,#718);
#335=LINE('',#5088,#719);
#336=LINE('',#5089,#720);
#337=LINE('',#5112,#721);
#338=LINE('',#5115,#722);
#339=LINE('',#5117,#723);
#340=LINE('',#5118,#724);
#341=LINE('',#5121,#725);
#342=LINE('',#5123,#726);
#343=LINE('',#5124,#727);
#344=LINE('',#5127,#728);
#345=LINE('',#5129,#729);
#346=LINE('',#5130,#730);
#347=LINE('',#5164,#731);
#348=LINE('',#5166,#732);
#349=LINE('',#5168,#733);
#350=LINE('',#5169,#734);
#351=LINE('',#5172,#735);
#352=LINE('',#5174,#736);
#353=LINE('',#5175,#737);
#354=LINE('',#5178,#738);
#355=LINE('',#5180,#739);
#356=LINE('',#5181,#740);
#357=LINE('',#5183,#741);
#358=LINE('',#5184,#742);
#359=LINE('',#5190,#743);
#360=LINE('',#5192,#744);
#361=LINE('',#5194,#745);
#362=LINE('',#5195,#746);
#363=LINE('',#5198,#747);
#364=LINE('',#5200,#748);
#365=LINE('',#5201,#749);
#366=LINE('',#5204,#750);
#367=LINE('',#5206,#751);
#368=LINE('',#5207,#752);
#369=LINE('',#5210,#753);
#370=LINE('',#5212,#754);
#371=LINE('',#5213,#755);
#372=LINE('',#5216,#756);
#373=LINE('',#5218,#757);
#374=LINE('',#5219,#758);
#375=LINE('',#5222,#759);
#376=LINE('',#5224,#760);
#377=LINE('',#5225,#761);
#378=LINE('',#5248,#762);
#379=LINE('',#5251,#763);
#380=LINE('',#5253,#764);
#381=LINE('',#5254,#765);
#382=LINE('',#5257,#766);
#383=LINE('',#5259,#767);
#384=LINE('',#5260,#768);
#385=LINE('',#5263,#769);
#386=LINE('',#5265,#770);
#387=LINE('',#5266,#771);
#388=LINE('',#5312,#772);
#389=LINE('',#5318,#773);
#390=LINE('',#5321,#774);
#391=LINE('',#5323,#775);
#392=LINE('',#5324,#776);
#393=LINE('',#5327,#777);
#394=LINE('',#5329,#778);
#395=LINE('',#5330,#779);
#396=LINE('',#5333,#780);
#397=LINE('',#5335,#781);
#398=LINE('',#5336,#782);
#399=LINE('',#5339,#783);
#400=LINE('',#5341,#784);
#401=LINE('',#5342,#785);
#402=LINE('',#5345,#786);
#403=LINE('',#5347,#787);
#404=LINE('',#5348,#788);
#405=LINE('',#5351,#789);
#406=LINE('',#5353,#790);
#407=LINE('',#5354,#791);
#408=LINE('',#5357,#792);
#409=LINE('',#5359,#793);
#410=LINE('',#5360,#794);
#411=LINE('',#5363,#795);
#412=LINE('',#5365,#796);
#413=LINE('',#5366,#797);
#414=LINE('',#5369,#798);
#415=LINE('',#5371,#799);
#416=LINE('',#5372,#800);
#417=LINE('',#5375,#801);
#418=LINE('',#5377,#802);
#419=LINE('',#5378,#803);
#420=LINE('',#5381,#804);
#421=LINE('',#5383,#805);
#422=LINE('',#5384,#806);
#423=LINE('',#5403,#807);
#424=LINE('',#5405,#808);
#425=LINE('',#5406,#809);
#426=LINE('',#5412,#810);
#427=LINE('',#5414,#811);
#428=LINE('',#5416,#812);
#429=LINE('',#5417,#813);
#430=LINE('',#5420,#814);
#431=LINE('',#5422,#815);
#432=LINE('',#5423,#816);
#433=LINE('',#5426,#817);
#434=LINE('',#5428,#818);
#435=LINE('',#5429,#819);
#436=LINE('',#5431,#820);
#437=LINE('',#5432,#821);
#438=LINE('',#5438,#822);
#439=LINE('',#5440,#823);
#440=LINE('',#5442,#824);
#441=LINE('',#5443,#825);
#442=LINE('',#5446,#826);
#443=LINE('',#5448,#827);
#444=LINE('',#5449,#828);
#445=LINE('',#5452,#829);
#446=LINE('',#5454,#830);
#447=LINE('',#5455,#831);
#448=LINE('',#5512,#832);
#449=LINE('',#5521,#833);
#450=LINE('',#5524,#834);
#451=LINE('',#5526,#835);
#452=LINE('',#5527,#836);
#453=LINE('',#5562,#837);
#454=LINE('',#5565,#838);
#455=LINE('',#5567,#839);
#456=LINE('',#5568,#840);
#457=LINE('',#5603,#841);
#458=LINE('',#5606,#842);
#459=LINE('',#5608,#843);
#460=LINE('',#5609,#844);
#461=LINE('',#5612,#845);
#462=LINE('',#5614,#846);
#463=LINE('',#5615,#847);
#464=LINE('',#5617,#848);
#465=LINE('',#5618,#849);
#466=LINE('',#5624,#850);
#467=LINE('',#5626,#851);
#468=LINE('',#5628,#852);
#469=LINE('',#5629,#853);
#470=LINE('',#5632,#854);
#471=LINE('',#5634,#855);
#472=LINE('',#5635,#856);
#473=LINE('',#5638,#857);
#474=LINE('',#5640,#858);
#475=LINE('',#5641,#859);
#476=LINE('',#5643,#860);
#477=LINE('',#5644,#861);
#478=LINE('',#5685,#862);
#479=LINE('',#5694,#863);
#480=LINE('',#5697,#864);
#481=LINE('',#5699,#865);
#482=LINE('',#5700,#866);
#483=LINE('',#5703,#867);
#484=LINE('',#5705,#868);
#485=LINE('',#5706,#869);
#486=LINE('',#5709,#870);
#487=LINE('',#5711,#871);
#488=LINE('',#5712,#872);
#489=LINE('',#5715,#873);
#490=LINE('',#5717,#874);
#491=LINE('',#5718,#875);
#492=LINE('',#5724,#876);
#493=LINE('',#5727,#877);
#494=LINE('',#5729,#878);
#495=LINE('',#5730,#879);
#496=LINE('',#5769,#880);
#497=LINE('',#5771,#881);
#498=LINE('',#5772,#882);
#499=LINE('',#5816,#883);
#500=LINE('',#5877,#884);
#501=VECTOR('',#3621,1.);
#502=VECTOR('',#3622,1.);
#503=VECTOR('',#3623,1.);
#504=VECTOR('',#3624,1.);
#505=VECTOR('',#3627,1.);
#506=VECTOR('',#3628,1.);
#507=VECTOR('',#3629,1.);
#508=VECTOR('',#3632,1.);
#509=VECTOR('',#3633,1.);
#510=VECTOR('',#3636,1.);
#511=VECTOR('',#3637,1.);
#512=VECTOR('',#3640,1.);
#513=VECTOR('',#3645,1.);
#514=VECTOR('',#3646,1.);
#515=VECTOR('',#3647,1.);
#516=VECTOR('',#3648,1.);
#517=VECTOR('',#3651,1.);
#518=VECTOR('',#3652,1.);
#519=VECTOR('',#3653,1.);
#520=VECTOR('',#3654,1.);
#521=VECTOR('',#3657,1.);
#522=VECTOR('',#3658,1.);
#523=VECTOR('',#3659,1.);
#524=VECTOR('',#3660,1.);
#525=VECTOR('',#3663,1.);
#526=VECTOR('',#3664,1.);
#527=VECTOR('',#3665,1.);
#528=VECTOR('',#3666,1.);
#529=VECTOR('',#3669,1.);
#530=VECTOR('',#3670,1.);
#531=VECTOR('',#3671,1.);
#532=VECTOR('',#3672,1.);
#533=VECTOR('',#3675,1.);
#534=VECTOR('',#3676,1.);
#535=VECTOR('',#3677,1.);
#536=VECTOR('',#3684,1.);
#537=VECTOR('',#3687,1.);
#538=VECTOR('',#3688,1.);
#539=VECTOR('',#3689,1.);
#540=VECTOR('',#3692,1.);
#541=VECTOR('',#3693,1.);
#542=VECTOR('',#3694,1.);
#543=VECTOR('',#3697,1.);
#544=VECTOR('',#3698,1.);
#545=VECTOR('',#3699,1.);
#546=VECTOR('',#3706,1.);
#547=VECTOR('',#3709,1.);
#548=VECTOR('',#3710,1.);
#549=VECTOR('',#3717,1.);
#550=VECTOR('',#3718,1.);
#551=VECTOR('',#3719,1.);
#552=VECTOR('',#3720,1.);
#553=VECTOR('',#3727,1.);
#554=VECTOR('',#3730,1.);
#555=VECTOR('',#3731,1.);
#556=VECTOR('',#3732,1.);
#557=VECTOR('',#3735,1.);
#558=VECTOR('',#3736,1.);
#559=VECTOR('',#3737,1.);
#560=VECTOR('',#3740,1.);
#561=VECTOR('',#3741,1.);
#562=VECTOR('',#3742,1.);
#563=VECTOR('',#3749,1.);
#564=VECTOR('',#3752,1.);
#565=VECTOR('',#3753,1.);
#566=VECTOR('',#3754,1.);
#567=VECTOR('',#3757,1.);
#568=VECTOR('',#3758,1.);
#569=VECTOR('',#3765,1.);
#570=VECTOR('',#3766,1.);
#571=VECTOR('',#3767,1.);
#572=VECTOR('',#3768,1.);
#573=VECTOR('',#3771,1.);
#574=VECTOR('',#3772,1.);
#575=VECTOR('',#3773,1.);
#576=VECTOR('',#3776,1.);
#577=VECTOR('',#3777,1.);
#578=VECTOR('',#3778,1.);
#579=VECTOR('',#3785,1.);
#580=VECTOR('',#3788,1.);
#581=VECTOR('',#3789,1.);
#582=VECTOR('',#3790,1.);
#583=VECTOR('',#3797,1.);
#584=VECTOR('',#3800,1.);
#585=VECTOR('',#3801,1.);
#586=VECTOR('',#3802,1.);
#587=VECTOR('',#3805,1.);
#588=VECTOR('',#3806,1.);
#589=VECTOR('',#3807,1.);
#590=VECTOR('',#3810,1.);
#591=VECTOR('',#3811,1.);
#592=VECTOR('',#3812,1.);
#593=VECTOR('',#3819,1.);
#594=VECTOR('',#3822,1.);
#595=VECTOR('',#3823,1.);
#596=VECTOR('',#3824,1.);
#597=VECTOR('',#3831,1.);
#598=VECTOR('',#3834,1.);
#599=VECTOR('',#3835,1.);
#600=VECTOR('',#3836,1.);
#601=VECTOR('',#3839,1.);
#602=VECTOR('',#3840,1.);
#603=VECTOR('',#3841,1.);
#604=VECTOR('',#3844,1.);
#605=VECTOR('',#3845,1.);
#606=VECTOR('',#3846,1.);
#607=VECTOR('',#3853,1.);
#608=VECTOR('',#3856,1.);
#609=VECTOR('',#3857,1.);
#610=VECTOR('',#3858,1.);
#611=VECTOR('',#3861,1.);
#612=VECTOR('',#3862,1.);
#613=VECTOR('',#3863,1.);
#614=VECTOR('',#3866,1.);
#615=VECTOR('',#3867,1.);
#616=VECTOR('',#3868,1.);
#617=VECTOR('',#3871,1.);
#618=VECTOR('',#3872,1.);
#619=VECTOR('',#3873,1.);
#620=VECTOR('',#3876,1.);
#621=VECTOR('',#3877,1.);
#622=VECTOR('',#3878,1.);
#623=VECTOR('',#3885,1.);
#624=VECTOR('',#3888,1.);
#625=VECTOR('',#3889,1.);
#626=VECTOR('',#3890,1.);
#627=VECTOR('',#3893,1.);
#628=VECTOR('',#3894,1.);
#629=VECTOR('',#3895,1.);
#630=VECTOR('',#3898,1.);
#631=VECTOR('',#3899,1.);
#632=VECTOR('',#3900,1.);
#633=VECTOR('',#3907,1.);
#634=VECTOR('',#3910,1.);
#635=VECTOR('',#3911,1.);
#636=VECTOR('',#3912,1.);
#637=VECTOR('',#3925,1.);
#638=VECTOR('',#3926,1.);
#639=VECTOR('',#3927,1.);
#640=VECTOR('',#3928,1.);
#641=VECTOR('',#3931,1.);
#642=VECTOR('',#3932,1.);
#643=VECTOR('',#3933,1.);
#644=VECTOR('',#3936,1.);
#645=VECTOR('',#3937,1.);
#646=VECTOR('',#3938,1.);
#647=VECTOR('',#3941,1.);
#648=VECTOR('',#3942,1.);
#649=VECTOR('',#3949,1.);
#650=VECTOR('',#3950,1.);
#651=VECTOR('',#3951,1.);
#652=VECTOR('',#3952,1.);
#653=VECTOR('',#3955,1.);
#654=VECTOR('',#3956,1.);
#655=VECTOR('',#3957,1.);
#656=VECTOR('',#3960,1.);
#657=VECTOR('',#3961,1.);
#658=VECTOR('',#3962,1.);
#659=VECTOR('',#3965,1.);
#660=VECTOR('',#3966,1.);
#661=VECTOR('',#3973,1.);
#662=VECTOR('',#3974,1.);
#663=VECTOR('',#3975,1.);
#664=VECTOR('',#3976,1.);
#665=VECTOR('',#3979,1.);
#666=VECTOR('',#3980,1.);
#667=VECTOR('',#3981,1.);
#668=VECTOR('',#3984,1.);
#669=VECTOR('',#3985,1.);
#670=VECTOR('',#3986,1.);
#671=VECTOR('',#3989,1.);
#672=VECTOR('',#3990,1.);
#673=VECTOR('',#4007,1.);
#674=VECTOR('',#4008,1.);
#675=VECTOR('',#4009,1.);
#676=VECTOR('',#4010,1.);
#677=VECTOR('',#4013,1.);
#678=VECTOR('',#4014,1.);
#679=VECTOR('',#4015,1.);
#680=VECTOR('',#4018,1.);
#681=VECTOR('',#4019,1.);
#682=VECTOR('',#4020,1.);
#683=VECTOR('',#4023,1.);
#684=VECTOR('',#4024,1.);
#685=VECTOR('',#4025,1.);
#686=VECTOR('',#4028,1.);
#687=VECTOR('',#4029,1.);
#688=VECTOR('',#4030,1.);
#689=VECTOR('',#4033,1.);
#690=VECTOR('',#4034,1.);
#691=VECTOR('',#4035,1.);
#692=VECTOR('',#4036,1.);
#693=VECTOR('',#4039,1.);
#694=VECTOR('',#4040,1.);
#695=VECTOR('',#4041,1.);
#696=VECTOR('',#4044,1.);
#697=VECTOR('',#4045,1.);
#698=VECTOR('',#4046,1.);
#699=VECTOR('',#4049,1.);
#700=VECTOR('',#4050,1.);
#701=VECTOR('',#4051,1.);
#702=VECTOR('',#4058,1.);
#703=VECTOR('',#4059,1.);
#704=VECTOR('',#4060,1.);
#705=VECTOR('',#4061,1.);
#706=VECTOR('',#4064,1.);
#707=VECTOR('',#4065,1.);
#708=VECTOR('',#4066,1.);
#709=VECTOR('',#4069,1.);
#710=VECTOR('',#4070,1.);
#711=VECTOR('',#4071,1.);
#712=VECTOR('',#4074,1.);
#713=VECTOR('',#4075,1.);
#714=VECTOR('',#4076,1.);
#715=VECTOR('',#4079,1.);
#716=VECTOR('',#4080,1.);
#717=VECTOR('',#4081,1.);
#718=VECTOR('',#4084,1.);
#719=VECTOR('',#4085,1.);
#720=VECTOR('',#4086,1.);
#721=VECTOR('',#4087,1.);
#722=VECTOR('',#4090,1.);
#723=VECTOR('',#4091,1.);
#724=VECTOR('',#4092,1.);
#725=VECTOR('',#4095,1.);
#726=VECTOR('',#4096,1.);
#727=VECTOR('',#4097,1.);
#728=VECTOR('',#4100,1.);
#729=VECTOR('',#4101,1.);
#730=VECTOR('',#4102,1.);
#731=VECTOR('',#4109,1.);
#732=VECTOR('',#4110,1.);
#733=VECTOR('',#4111,1.);
#734=VECTOR('',#4112,1.);
#735=VECTOR('',#4115,1.);
#736=VECTOR('',#4116,1.);
#737=VECTOR('',#4117,1.);
#738=VECTOR('',#4120,1.);
#739=VECTOR('',#4121,1.);
#740=VECTOR('',#4122,1.);
#741=VECTOR('',#4125,1.);
#742=VECTOR('',#4126,1.);
#743=VECTOR('',#4133,1.);
#744=VECTOR('',#4134,1.);
#745=VECTOR('',#4135,1.);
#746=VECTOR('',#4136,1.);
#747=VECTOR('',#4139,1.);
#748=VECTOR('',#4140,1.);
#749=VECTOR('',#4141,1.);
#750=VECTOR('',#4144,1.);
#751=VECTOR('',#4145,1.);
#752=VECTOR('',#4146,1.);
#753=VECTOR('',#4149,1.);
#754=VECTOR('',#4150,1.);
#755=VECTOR('',#4151,1.);
#756=VECTOR('',#4154,1.);
#757=VECTOR('',#4155,1.);
#758=VECTOR('',#4156,1.);
#759=VECTOR('',#4159,1.);
#760=VECTOR('',#4160,1.);
#761=VECTOR('',#4161,1.);
#762=VECTOR('',#4162,1.);
#763=VECTOR('',#4165,1.);
#764=VECTOR('',#4166,1.);
#765=VECTOR('',#4167,1.);
#766=VECTOR('',#4170,1.);
#767=VECTOR('',#4171,1.);
#768=VECTOR('',#4172,1.);
#769=VECTOR('',#4175,1.);
#770=VECTOR('',#4176,1.);
#771=VECTOR('',#4177,1.);
#772=VECTOR('',#4182,1.);
#773=VECTOR('',#4183,1.);
#774=VECTOR('',#4186,1.);
#775=VECTOR('',#4187,1.);
#776=VECTOR('',#4188,1.);
#777=VECTOR('',#4191,1.);
#778=VECTOR('',#4192,1.);
#779=VECTOR('',#4193,1.);
#780=VECTOR('',#4196,1.);
#781=VECTOR('',#4197,1.);
#782=VECTOR('',#4198,1.);
#783=VECTOR('',#4201,1.);
#784=VECTOR('',#4202,1.);
#785=VECTOR('',#4203,1.);
#786=VECTOR('',#4206,1.);
#787=VECTOR('',#4207,1.);
#788=VECTOR('',#4208,1.);
#789=VECTOR('',#4211,1.);
#790=VECTOR('',#4212,1.);
#791=VECTOR('',#4213,1.);
#792=VECTOR('',#4216,1.);
#793=VECTOR('',#4217,1.);
#794=VECTOR('',#4218,1.);
#795=VECTOR('',#4221,1.);
#796=VECTOR('',#4222,1.);
#797=VECTOR('',#4223,1.);
#798=VECTOR('',#4226,1.);
#799=VECTOR('',#4227,1.);
#800=VECTOR('',#4228,1.);
#801=VECTOR('',#4231,1.);
#802=VECTOR('',#4232,1.);
#803=VECTOR('',#4233,1.);
#804=VECTOR('',#4236,1.);
#805=VECTOR('',#4237,1.);
#806=VECTOR('',#4238,1.);
#807=VECTOR('',#4239,1.);
#808=VECTOR('',#4242,1.);
#809=VECTOR('',#4243,1.);
#810=VECTOR('',#4250,1.);
#811=VECTOR('',#4251,1.);
#812=VECTOR('',#4252,1.);
#813=VECTOR('',#4253,1.);
#814=VECTOR('',#4256,1.);
#815=VECTOR('',#4257,1.);
#816=VECTOR('',#4258,1.);
#817=VECTOR('',#4261,1.);
#818=VECTOR('',#4262,1.);
#819=VECTOR('',#4263,1.);
#820=VECTOR('',#4266,1.);
#821=VECTOR('',#4267,1.);
#822=VECTOR('',#4274,1.);
#823=VECTOR('',#4275,1.);
#824=VECTOR('',#4276,1.);
#825=VECTOR('',#4277,1.);
#826=VECTOR('',#4280,1.);
#827=VECTOR('',#4281,1.);
#828=VECTOR('',#4282,1.);
#829=VECTOR('',#4285,1.);
#830=VECTOR('',#4286,1.);
#831=VECTOR('',#4287,1.);
#832=VECTOR('',#4288,1.);
#833=VECTOR('',#4289,1.);
#834=VECTOR('',#4292,1.);
#835=VECTOR('',#4293,1.);
#836=VECTOR('',#4294,1.);
#837=VECTOR('',#4295,1.);
#838=VECTOR('',#4298,1.);
#839=VECTOR('',#4299,1.);
#840=VECTOR('',#4300,1.);
#841=VECTOR('',#4301,1.);
#842=VECTOR('',#4304,1.);
#843=VECTOR('',#4305,1.);
#844=VECTOR('',#4306,1.);
#845=VECTOR('',#4309,1.);
#846=VECTOR('',#4310,1.);
#847=VECTOR('',#4311,1.);
#848=VECTOR('',#4314,1.);
#849=VECTOR('',#4315,1.);
#850=VECTOR('',#4322,1.);
#851=VECTOR('',#4323,1.);
#852=VECTOR('',#4324,1.);
#853=VECTOR('',#4325,1.);
#854=VECTOR('',#4328,1.);
#855=VECTOR('',#4329,1.);
#856=VECTOR('',#4330,1.);
#857=VECTOR('',#4333,1.);
#858=VECTOR('',#4334,1.);
#859=VECTOR('',#4335,1.);
#860=VECTOR('',#4338,1.);
#861=VECTOR('',#4339,1.);
#862=VECTOR('',#4364,1.);
#863=VECTOR('',#4365,1.);
#864=VECTOR('',#4368,1.);
#865=VECTOR('',#4369,1.);
#866=VECTOR('',#4370,1.);
#867=VECTOR('',#4373,1.);
#868=VECTOR('',#4374,1.);
#869=VECTOR('',#4375,1.);
#870=VECTOR('',#4378,1.);
#871=VECTOR('',#4379,1.);
#872=VECTOR('',#4380,1.);
#873=VECTOR('',#4383,1.);
#874=VECTOR('',#4384,1.);
#875=VECTOR('',#4385,1.);
#876=VECTOR('',#4392,1.);
#877=VECTOR('',#4395,1.);
#878=VECTOR('',#4396,1.);
#879=VECTOR('',#4397,1.);
#880=VECTOR('',#4398,1.);
#881=VECTOR('',#4401,1.);
#882=VECTOR('',#4402,1.);
#883=VECTOR('',#4407,1.);
#884=VECTOR('',#4408,1.);
#885=PLANE('',#3403);
#886=PLANE('',#3404);
#887=PLANE('',#3405);
#888=PLANE('',#3406);
#889=PLANE('',#3407);
#890=PLANE('',#3408);
#891=PLANE('',#3409);
#892=PLANE('',#3410);
#893=PLANE('',#3411);
#894=PLANE('',#3412);
#895=PLANE('',#3413);
#896=PLANE('',#3414);
#897=PLANE('',#3415);
#898=PLANE('',#3419);
#899=PLANE('',#3420);
#900=PLANE('',#3421);
#901=PLANE('',#3425);
#902=PLANE('',#3426);
#903=PLANE('',#3427);
#904=PLANE('',#3428);
#905=PLANE('',#3432);
#906=PLANE('',#3433);
#907=PLANE('',#3434);
#908=PLANE('',#3438);
#909=PLANE('',#3439);
#910=PLANE('',#3440);
#911=PLANE('',#3441);
#912=PLANE('',#3442);
#913=PLANE('',#3443);
#914=PLANE('',#3444);
#915=PLANE('',#3448);
#916=PLANE('',#3452);
#917=PLANE('',#3453);
#918=PLANE('',#3454);
#919=PLANE('',#3458);
#920=PLANE('',#3462);
#921=PLANE('',#3463);
#922=PLANE('',#3464);
#923=PLANE('',#3468);
#924=PLANE('',#3469);
#925=PLANE('',#3470);
#926=PLANE('',#3471);
#927=PLANE('',#3472);
#928=PLANE('',#3476);
#929=PLANE('',#3477);
#930=PLANE('',#3478);
#931=PLANE('',#3482);
#932=PLANE('',#3486);
#933=PLANE('',#3487);
#934=PLANE('',#3488);
#935=PLANE('',#3489);
#936=PLANE('',#3490);
#937=PLANE('',#3491);
#938=PLANE('',#3492);
#939=PLANE('',#3493);
#940=PLANE('',#3494);
#941=PLANE('',#3495);
#942=PLANE('',#3496);
#943=PLANE('',#3497);
#944=PLANE('',#3498);
#945=PLANE('',#3499);
#946=PLANE('',#3500);
#947=PLANE('',#3501);
#948=PLANE('',#3502);
#949=PLANE('',#3503);
#950=PLANE('',#3504);
#951=PLANE('',#3505);
#952=PLANE('',#3509);
#953=PLANE('',#3510);
#954=PLANE('',#3511);
#955=PLANE('',#3512);
#956=PLANE('',#3513);
#957=PLANE('',#3514);
#958=PLANE('',#3515);
#959=PLANE('',#3516);
#960=PLANE('',#3517);
#961=PLANE('',#3518);
#962=PLANE('',#3519);
#963=PLANE('',#3520);
#964=PLANE('',#3521);
#965=PLANE('',#3522);
#966=PLANE('',#3523);
#967=PLANE('',#3524);
#968=PLANE('',#3525);
#969=PLANE('',#3526);
#970=PLANE('',#3527);
#971=PLANE('',#3528);
#972=PLANE('',#3529);
#973=PLANE('',#3530);
#974=PLANE('',#3531);
#975=PLANE('',#3532);
#976=PLANE('',#3533);
#977=PLANE('',#3534);
#978=PLANE('',#3535);
#979=PLANE('',#3536);
#980=PLANE('',#3537);
#981=PLANE('',#3538);
#982=PLANE('',#3539);
#983=PLANE('',#3540);
#984=PLANE('',#3541);
#985=PLANE('',#3542);
#986=PLANE('',#3543);
#987=PLANE('',#3544);
#988=PLANE('',#3545);
#989=PLANE('',#3546);
#990=PLANE('',#3547);
#991=PLANE('',#3548);
#992=PLANE('',#3549);
#993=PLANE('',#3550);
#994=PLANE('',#3551);
#995=PLANE('',#3552);
#996=PLANE('',#3553);
#997=PLANE('',#3554);
#998=PLANE('',#3555);
#999=PLANE('',#3556);
#1000=PLANE('',#3557);
#1001=PLANE('',#3558);
#1002=PLANE('',#3559);
#1003=PLANE('',#3560);
#1004=PLANE('',#3561);
#1005=PLANE('',#3562);
#1006=PLANE('',#3563);
#1007=PLANE('',#3564);
#1008=PLANE('',#3565);
#1009=PLANE('',#3566);
#1010=PLANE('',#3567);
#1011=PLANE('',#3568);
#1012=PLANE('',#3569);
#1013=PLANE('',#3570);
#1014=PLANE('',#3571);
#1015=PLANE('',#3572);
#1016=PLANE('',#3573);
#1017=PLANE('',#3574);
#1018=PLANE('',#3575);
#1019=PLANE('',#3576);
#1020=PLANE('',#3577);
#1021=PLANE('',#3578);
#1022=PLANE('',#3579);
#1023=PLANE('',#3580);
#1024=PLANE('',#3581);
#1025=PLANE('',#3582);
#1026=PLANE('',#3583);
#1027=PLANE('',#3584);
#1028=PLANE('',#3585);
#1029=PLANE('',#3589);
#1030=PLANE('',#3590);
#1031=PLANE('',#3594);
#1032=PLANE('',#3595);
#1033=PLANE('',#3596);
#1034=PLANE('',#3597);
#1035=PLANE('',#3598);
#1036=PLANE('',#3599);
#1037=PLANE('',#3603);
#1038=PLANE('',#3604);
#1039=PLANE('',#3605);
#1040=PLANE('',#3606);
#1041=PLANE('',#3607);
#1042=PLANE('',#3608);
#1043=FACE_BOUND('',#1248,.T.);
#1044=FACE_BOUND('',#1253,.T.);
#1045=FACE_BOUND('',#1334,.T.);
#1046=FACE_BOUND('',#1417,.T.);
#1047=FACE_BOUND('',#1419,.T.);
#1048=FACE_BOUND('',#1427,.T.);
#1049=FACE_BOUND('',#1431,.T.);
#1050=FACE_BOUND('',#1448,.T.);
#1051=FACE_BOUND('',#1450,.T.);
#1052=FACE_OUTER_BOUND('',#1247,.T.);
#1053=FACE_OUTER_BOUND('',#1249,.T.);
#1054=FACE_OUTER_BOUND('',#1250,.T.);
#1055=FACE_OUTER_BOUND('',#1251,.T.);
#1056=FACE_OUTER_BOUND('',#1252,.T.);
#1057=FACE_OUTER_BOUND('',#1254,.T.);
#1058=FACE_OUTER_BOUND('',#1255,.T.);
#1059=FACE_OUTER_BOUND('',#1256,.T.);
#1060=FACE_OUTER_BOUND('',#1257,.T.);
#1061=FACE_OUTER_BOUND('',#1258,.T.);
#1062=FACE_OUTER_BOUND('',#1259,.T.);
#1063=FACE_OUTER_BOUND('',#1260,.T.);
#1064=FACE_OUTER_BOUND('',#1261,.T.);
#1065=FACE_OUTER_BOUND('',#1262,.T.);
#1066=FACE_OUTER_BOUND('',#1263,.T.);
#1067=FACE_OUTER_BOUND('',#1264,.T.);
#1068=FACE_OUTER_BOUND('',#1265,.T.);
#1069=FACE_OUTER_BOUND('',#1266,.T.);
#1070=FACE_OUTER_BOUND('',#1267,.T.);
#1071=FACE_OUTER_BOUND('',#1268,.T.);
#1072=FACE_OUTER_BOUND('',#1269,.T.);
#1073=FACE_OUTER_BOUND('',#1270,.T.);
#1074=FACE_OUTER_BOUND('',#1271,.T.);
#1075=FACE_OUTER_BOUND('',#1272,.T.);
#1076=FACE_OUTER_BOUND('',#1273,.T.);
#1077=FACE_OUTER_BOUND('',#1274,.T.);
#1078=FACE_OUTER_BOUND('',#1275,.T.);
#1079=FACE_OUTER_BOUND('',#1276,.T.);
#1080=FACE_OUTER_BOUND('',#1277,.T.);
#1081=FACE_OUTER_BOUND('',#1278,.T.);
#1082=FACE_OUTER_BOUND('',#1279,.T.);
#1083=FACE_OUTER_BOUND('',#1280,.T.);
#1084=FACE_OUTER_BOUND('',#1281,.T.);
#1085=FACE_OUTER_BOUND('',#1282,.T.);
#1086=FACE_OUTER_BOUND('',#1283,.T.);
#1087=FACE_OUTER_BOUND('',#1284,.T.);
#1088=FACE_OUTER_BOUND('',#1285,.T.);
#1089=FACE_OUTER_BOUND('',#1286,.T.);
#1090=FACE_OUTER_BOUND('',#1287,.T.);
#1091=FACE_OUTER_BOUND('',#1288,.T.);
#1092=FACE_OUTER_BOUND('',#1289,.T.);
#1093=FACE_OUTER_BOUND('',#1290,.T.);
#1094=FACE_OUTER_BOUND('',#1291,.T.);
#1095=FACE_OUTER_BOUND('',#1292,.T.);
#1096=FACE_OUTER_BOUND('',#1293,.T.);
#1097=FACE_OUTER_BOUND('',#1294,.T.);
#1098=FACE_OUTER_BOUND('',#1295,.T.);
#1099=FACE_OUTER_BOUND('',#1296,.T.);
#1100=FACE_OUTER_BOUND('',#1297,.T.);
#1101=FACE_OUTER_BOUND('',#1298,.T.);
#1102=FACE_OUTER_BOUND('',#1299,.T.);
#1103=FACE_OUTER_BOUND('',#1300,.T.);
#1104=FACE_OUTER_BOUND('',#1301,.T.);
#1105=FACE_OUTER_BOUND('',#1302,.T.);
#1106=FACE_OUTER_BOUND('',#1303,.T.);
#1107=FACE_OUTER_BOUND('',#1304,.T.);
#1108=FACE_OUTER_BOUND('',#1305,.T.);
#1109=FACE_OUTER_BOUND('',#1306,.T.);
#1110=FACE_OUTER_BOUND('',#1307,.T.);
#1111=FACE_OUTER_BOUND('',#1308,.T.);
#1112=FACE_OUTER_BOUND('',#1309,.T.);
#1113=FACE_OUTER_BOUND('',#1310,.T.);
#1114=FACE_OUTER_BOUND('',#1311,.T.);
#1115=FACE_OUTER_BOUND('',#1312,.T.);
#1116=FACE_OUTER_BOUND('',#1313,.T.);
#1117=FACE_OUTER_BOUND('',#1314,.T.);
#1118=FACE_OUTER_BOUND('',#1315,.T.);
#1119=FACE_OUTER_BOUND('',#1316,.T.);
#1120=FACE_OUTER_BOUND('',#1317,.T.);
#1121=FACE_OUTER_BOUND('',#1318,.T.);
#1122=FACE_OUTER_BOUND('',#1319,.T.);
#1123=FACE_OUTER_BOUND('',#1320,.T.);
#1124=FACE_OUTER_BOUND('',#1321,.T.);
#1125=FACE_OUTER_BOUND('',#1322,.T.);
#1126=FACE_OUTER_BOUND('',#1323,.T.);
#1127=FACE_OUTER_BOUND('',#1324,.T.);
#1128=FACE_OUTER_BOUND('',#1325,.T.);
#1129=FACE_OUTER_BOUND('',#1326,.T.);
#1130=FACE_OUTER_BOUND('',#1327,.T.);
#1131=FACE_OUTER_BOUND('',#1328,.T.);
#1132=FACE_OUTER_BOUND('',#1329,.T.);
#1133=FACE_OUTER_BOUND('',#1330,.T.);
#1134=FACE_OUTER_BOUND('',#1331,.T.);
#1135=FACE_OUTER_BOUND('',#1332,.T.);
#1136=FACE_OUTER_BOUND('',#1333,.T.);
#1137=FACE_OUTER_BOUND('',#1335,.T.);
#1138=FACE_OUTER_BOUND('',#1336,.T.);
#1139=FACE_OUTER_BOUND('',#1337,.T.);
#1140=FACE_OUTER_BOUND('',#1338,.T.);
#1141=FACE_OUTER_BOUND('',#1339,.T.);
#1142=FACE_OUTER_BOUND('',#1340,.T.);
#1143=FACE_OUTER_BOUND('',#1341,.T.);
#1144=FACE_OUTER_BOUND('',#1342,.T.);
#1145=FACE_OUTER_BOUND('',#1343,.T.);
#1146=FACE_OUTER_BOUND('',#1344,.T.);
#1147=FACE_OUTER_BOUND('',#1345,.T.);
#1148=FACE_OUTER_BOUND('',#1346,.T.);
#1149=FACE_OUTER_BOUND('',#1347,.T.);
#1150=FACE_OUTER_BOUND('',#1348,.T.);
#1151=FACE_OUTER_BOUND('',#1349,.T.);
#1152=FACE_OUTER_BOUND('',#1350,.T.);
#1153=FACE_OUTER_BOUND('',#1351,.T.);
#1154=FACE_OUTER_BOUND('',#1352,.T.);
#1155=FACE_OUTER_BOUND('',#1353,.T.);
#1156=FACE_OUTER_BOUND('',#1354,.T.);
#1157=FACE_OUTER_BOUND('',#1355,.T.);
#1158=FACE_OUTER_BOUND('',#1356,.T.);
#1159=FACE_OUTER_BOUND('',#1357,.T.);
#1160=FACE_OUTER_BOUND('',#1358,.T.);
#1161=FACE_OUTER_BOUND('',#1359,.T.);
#1162=FACE_OUTER_BOUND('',#1360,.T.);
#1163=FACE_OUTER_BOUND('',#1361,.T.);
#1164=FACE_OUTER_BOUND('',#1362,.T.);
#1165=FACE_OUTER_BOUND('',#1363,.T.);
#1166=FACE_OUTER_BOUND('',#1364,.T.);
#1167=FACE_OUTER_BOUND('',#1365,.T.);
#1168=FACE_OUTER_BOUND('',#1366,.T.);
#1169=FACE_OUTER_BOUND('',#1367,.T.);
#1170=FACE_OUTER_BOUND('',#1368,.T.);
#1171=FACE_OUTER_BOUND('',#1369,.T.);
#1172=FACE_OUTER_BOUND('',#1370,.T.);
#1173=FACE_OUTER_BOUND('',#1371,.T.);
#1174=FACE_OUTER_BOUND('',#1372,.T.);
#1175=FACE_OUTER_BOUND('',#1373,.T.);
#1176=FACE_OUTER_BOUND('',#1374,.T.);
#1177=FACE_OUTER_BOUND('',#1375,.T.);
#1178=FACE_OUTER_BOUND('',#1376,.T.);
#1179=FACE_OUTER_BOUND('',#1377,.T.);
#1180=FACE_OUTER_BOUND('',#1378,.T.);
#1181=FACE_OUTER_BOUND('',#1379,.T.);
#1182=FACE_OUTER_BOUND('',#1380,.T.);
#1183=FACE_OUTER_BOUND('',#1381,.T.);
#1184=FACE_OUTER_BOUND('',#1382,.T.);
#1185=FACE_OUTER_BOUND('',#1383,.T.);
#1186=FACE_OUTER_BOUND('',#1384,.T.);
#1187=FACE_OUTER_BOUND('',#1385,.T.);
#1188=FACE_OUTER_BOUND('',#1386,.T.);
#1189=FACE_OUTER_BOUND('',#1387,.T.);
#1190=FACE_OUTER_BOUND('',#1388,.T.);
#1191=FACE_OUTER_BOUND('',#1389,.T.);
#1192=FACE_OUTER_BOUND('',#1390,.T.);
#1193=FACE_OUTER_BOUND('',#1391,.T.);
#1194=FACE_OUTER_BOUND('',#1392,.T.);
#1195=FACE_OUTER_BOUND('',#1393,.T.);
#1196=FACE_OUTER_BOUND('',#1394,.T.);
#1197=FACE_OUTER_BOUND('',#1395,.T.);
#1198=FACE_OUTER_BOUND('',#1396,.T.);
#1199=FACE_OUTER_BOUND('',#1397,.T.);
#1200=FACE_OUTER_BOUND('',#1398,.T.);
#1201=FACE_OUTER_BOUND('',#1399,.T.);
#1202=FACE_OUTER_BOUND('',#1400,.T.);
#1203=FACE_OUTER_BOUND('',#1401,.T.);
#1204=FACE_OUTER_BOUND('',#1402,.T.);
#1205=FACE_OUTER_BOUND('',#1403,.T.);
#1206=FACE_OUTER_BOUND('',#1404,.T.);
#1207=FACE_OUTER_BOUND('',#1405,.T.);
#1208=FACE_OUTER_BOUND('',#1406,.T.);
#1209=FACE_OUTER_BOUND('',#1407,.T.);
#1210=FACE_OUTER_BOUND('',#1408,.T.);
#1211=FACE_OUTER_BOUND('',#1409,.T.);
#1212=FACE_OUTER_BOUND('',#1410,.T.);
#1213=FACE_OUTER_BOUND('',#1411,.T.);
#1214=FACE_OUTER_BOUND('',#1412,.T.);
#1215=FACE_OUTER_BOUND('',#1413,.T.);
#1216=FACE_OUTER_BOUND('',#1414,.T.);
#1217=FACE_OUTER_BOUND('',#1415,.T.);
#1218=FACE_OUTER_BOUND('',#1416,.T.);
#1219=FACE_OUTER_BOUND('',#1418,.T.);
#1220=FACE_OUTER_BOUND('',#1420,.T.);
#1221=FACE_OUTER_BOUND('',#1421,.T.);
#1222=FACE_OUTER_BOUND('',#1422,.T.);
#1223=FACE_OUTER_BOUND('',#1423,.T.);
#1224=FACE_OUTER_BOUND('',#1424,.T.);
#1225=FACE_OUTER_BOUND('',#1425,.T.);
#1226=FACE_OUTER_BOUND('',#1426,.T.);
#1227=FACE_OUTER_BOUND('',#1428,.T.);
#1228=FACE_OUTER_BOUND('',#1429,.T.);
#1229=FACE_OUTER_BOUND('',#1430,.T.);
#1230=FACE_OUTER_BOUND('',#1432,.T.);
#1231=FACE_OUTER_BOUND('',#1433,.T.);
#1232=FACE_OUTER_BOUND('',#1434,.T.);
#1233=FACE_OUTER_BOUND('',#1435,.T.);
#1234=FACE_OUTER_BOUND('',#1436,.T.);
#1235=FACE_OUTER_BOUND('',#1437,.T.);
#1236=FACE_OUTER_BOUND('',#1438,.T.);
#1237=FACE_OUTER_BOUND('',#1439,.T.);
#1238=FACE_OUTER_BOUND('',#1440,.T.);
#1239=FACE_OUTER_BOUND('',#1441,.T.);
#1240=FACE_OUTER_BOUND('',#1442,.T.);
#1241=FACE_OUTER_BOUND('',#1443,.T.);
#1242=FACE_OUTER_BOUND('',#1444,.T.);
#1243=FACE_OUTER_BOUND('',#1445,.T.);
#1244=FACE_OUTER_BOUND('',#1446,.T.);
#1245=FACE_OUTER_BOUND('',#1447,.T.);
#1246=FACE_OUTER_BOUND('',#1449,.T.);
#1247=EDGE_LOOP('',(#2251));
#1248=EDGE_LOOP('',(#2252));
#1249=EDGE_LOOP('',(#2253));
#1250=EDGE_LOOP('',(#2254,#2255,#2256,#2257));
#1251=EDGE_LOOP('',(#2258,#2259,#2260,#2261));
#1252=EDGE_LOOP('',(#2262,#2263,#2264,#2265));
#1253=EDGE_LOOP('',(#2266));
#1254=EDGE_LOOP('',(#2267,#2268,#2269,#2270));
#1255=EDGE_LOOP('',(#2271,#2272,#2273,#2274));
#1256=EDGE_LOOP('',(#2275,#2276,#2277,#2278));
#1257=EDGE_LOOP('',(#2279,#2280,#2281,#2282));
#1258=EDGE_LOOP('',(#2283,#2284,#2285,#2286));
#1259=EDGE_LOOP('',(#2287,#2288,#2289,#2290));
#1260=EDGE_LOOP('',(#2291,#2292,#2293,#2294));
#1261=EDGE_LOOP('',(#2295,#2296,#2297,#2298));
#1262=EDGE_LOOP('',(#2299,#2300,#2301,#2302));
#1263=EDGE_LOOP('',(#2303,#2304,#2305,#2306));
#1264=EDGE_LOOP('',(#2307,#2308,#2309,#2310));
#1265=EDGE_LOOP('',(#2311,#2312,#2313,#2314));
#1266=EDGE_LOOP('',(#2315,#2316,#2317,#2318));
#1267=EDGE_LOOP('',(#2319,#2320,#2321,#2322));
#1268=EDGE_LOOP('',(#2323,#2324,#2325,#2326));
#1269=EDGE_LOOP('',(#2327,#2328,#2329,#2330));
#1270=EDGE_LOOP('',(#2331,#2332,#2333,#2334));
#1271=EDGE_LOOP('',(#2335,#2336,#2337,#2338));
#1272=EDGE_LOOP('',(#2339,#2340,#2341,#2342));
#1273=EDGE_LOOP('',(#2343,#2344,#2345,#2346,#2347,#2348,#2349,#2350,#2351,
#2352,#2353,#2354,#2355,#2356,#2357,#2358));
#1274=EDGE_LOOP('',(#2359,#2360,#2361,#2362,#2363,#2364,#2365,#2366,#2367,
#2368,#2369,#2370,#2371,#2372,#2373,#2374));
#1275=EDGE_LOOP('',(#2375,#2376,#2377,#2378));
#1276=EDGE_LOOP('',(#2379,#2380,#2381,#2382));
#1277=EDGE_LOOP('',(#2383,#2384,#2385,#2386));
#1278=EDGE_LOOP('',(#2387,#2388,#2389,#2390));
#1279=EDGE_LOOP('',(#2391,#2392,#2393,#2394));
#1280=EDGE_LOOP('',(#2395,#2396,#2397,#2398));
#1281=EDGE_LOOP('',(#2399,#2400,#2401,#2402));
#1282=EDGE_LOOP('',(#2403,#2404,#2405,#2406));
#1283=EDGE_LOOP('',(#2407,#2408,#2409,#2410,#2411,#2412,#2413,#2414));
#1284=EDGE_LOOP('',(#2415,#2416,#2417,#2418,#2419,#2420,#2421,#2422));
#1285=EDGE_LOOP('',(#2423,#2424,#2425,#2426));
#1286=EDGE_LOOP('',(#2427,#2428,#2429,#2430));
#1287=EDGE_LOOP('',(#2431,#2432,#2433,#2434));
#1288=EDGE_LOOP('',(#2435,#2436,#2437,#2438));
#1289=EDGE_LOOP('',(#2439,#2440,#2441,#2442));
#1290=EDGE_LOOP('',(#2443,#2444,#2445,#2446));
#1291=EDGE_LOOP('',(#2447,#2448,#2449,#2450));
#1292=EDGE_LOOP('',(#2451,#2452,#2453,#2454));
#1293=EDGE_LOOP('',(#2455,#2456,#2457,#2458));
#1294=EDGE_LOOP('',(#2459,#2460,#2461,#2462));
#1295=EDGE_LOOP('',(#2463,#2464,#2465,#2466));
#1296=EDGE_LOOP('',(#2467,#2468,#2469,#2470));
#1297=EDGE_LOOP('',(#2471,#2472,#2473,#2474));
#1298=EDGE_LOOP('',(#2475,#2476,#2477,#2478));
#1299=EDGE_LOOP('',(#2479,#2480,#2481,#2482));
#1300=EDGE_LOOP('',(#2483,#2484,#2485,#2486));
#1301=EDGE_LOOP('',(#2487,#2488,#2489,#2490));
#1302=EDGE_LOOP('',(#2491,#2492,#2493,#2494));
#1303=EDGE_LOOP('',(#2495,#2496,#2497,#2498));
#1304=EDGE_LOOP('',(#2499,#2500,#2501,#2502));
#1305=EDGE_LOOP('',(#2503,#2504,#2505,#2506));
#1306=EDGE_LOOP('',(#2507,#2508,#2509,#2510));
#1307=EDGE_LOOP('',(#2511,#2512,#2513,#2514));
#1308=EDGE_LOOP('',(#2515,#2516,#2517,#2518));
#1309=EDGE_LOOP('',(#2519,#2520,#2521,#2522));
#1310=EDGE_LOOP('',(#2523,#2524,#2525,#2526));
#1311=EDGE_LOOP('',(#2527,#2528,#2529,#2530));
#1312=EDGE_LOOP('',(#2531,#2532,#2533,#2534));
#1313=EDGE_LOOP('',(#2535,#2536,#2537,#2538,#2539,#2540,#2541,#2542,#2543,
#2544,#2545,#2546,#2547,#2548,#2549,#2550,#2551,#2552,#2553,#2554,#2555,
#2556,#2557,#2558,#2559,#2560,#2561,#2562));
#1314=EDGE_LOOP('',(#2563,#2564,#2565,#2566,#2567,#2568,#2569,#2570,#2571,
#2572,#2573,#2574,#2575,#2576,#2577,#2578,#2579,#2580,#2581,#2582,#2583,
#2584,#2585,#2586,#2587,#2588,#2589,#2590));
#1315=EDGE_LOOP('',(#2591,#2592,#2593,#2594));
#1316=EDGE_LOOP('',(#2595,#2596,#2597,#2598));
#1317=EDGE_LOOP('',(#2599,#2600,#2601,#2602));
#1318=EDGE_LOOP('',(#2603,#2604,#2605,#2606));
#1319=EDGE_LOOP('',(#2607,#2608,#2609,#2610));
#1320=EDGE_LOOP('',(#2611,#2612,#2613,#2614));
#1321=EDGE_LOOP('',(#2615,#2616,#2617,#2618));
#1322=EDGE_LOOP('',(#2619,#2620,#2621,#2622));
#1323=EDGE_LOOP('',(#2623,#2624,#2625,#2626));
#1324=EDGE_LOOP('',(#2627,#2628,#2629,#2630));
#1325=EDGE_LOOP('',(#2631,#2632,#2633,#2634));
#1326=EDGE_LOOP('',(#2635,#2636,#2637,#2638));
#1327=EDGE_LOOP('',(#2639,#2640,#2641,#2642));
#1328=EDGE_LOOP('',(#2643,#2644,#2645,#2646));
#1329=EDGE_LOOP('',(#2647,#2648,#2649,#2650));
#1330=EDGE_LOOP('',(#2651,#2652,#2653,#2654));
#1331=EDGE_LOOP('',(#2655,#2656,#2657,#2658));
#1332=EDGE_LOOP('',(#2659,#2660,#2661,#2662));
#1333=EDGE_LOOP('',(#2663));
#1334=EDGE_LOOP('',(#2664));
#1335=EDGE_LOOP('',(#2665));
#1336=EDGE_LOOP('',(#2666));
#1337=EDGE_LOOP('',(#2667,#2668,#2669,#2670));
#1338=EDGE_LOOP('',(#2671,#2672,#2673,#2674));
#1339=EDGE_LOOP('',(#2675,#2676,#2677,#2678));
#1340=EDGE_LOOP('',(#2679,#2680,#2681,#2682));
#1341=EDGE_LOOP('',(#2683,#2684,#2685,#2686));
#1342=EDGE_LOOP('',(#2687,#2688,#2689,#2690));
#1343=EDGE_LOOP('',(#2691,#2692,#2693,#2694));
#1344=EDGE_LOOP('',(#2695,#2696,#2697,#2698));
#1345=EDGE_LOOP('',(#2699,#2700,#2701,#2702));
#1346=EDGE_LOOP('',(#2703,#2704,#2705,#2706));
#1347=EDGE_LOOP('',(#2707,#2708,#2709,#2710));
#1348=EDGE_LOOP('',(#2711,#2712,#2713,#2714,#2715,#2716,#2717,#2718,#2719,
#2720,#2721));
#1349=EDGE_LOOP('',(#2722,#2723,#2724,#2725,#2726,#2727,#2728,#2729,#2730,
#2731,#2732));
#1350=EDGE_LOOP('',(#2733,#2734,#2735,#2736));
#1351=EDGE_LOOP('',(#2737,#2738,#2739,#2740));
#1352=EDGE_LOOP('',(#2741,#2742,#2743,#2744));
#1353=EDGE_LOOP('',(#2745,#2746,#2747,#2748));
#1354=EDGE_LOOP('',(#2749,#2750,#2751,#2752));
#1355=EDGE_LOOP('',(#2753,#2754,#2755,#2756));
#1356=EDGE_LOOP('',(#2757,#2758,#2759,#2760));
#1357=EDGE_LOOP('',(#2761,#2762,#2763,#2764));
#1358=EDGE_LOOP('',(#2765,#2766,#2767,#2768));
#1359=EDGE_LOOP('',(#2769,#2770,#2771,#2772));
#1360=EDGE_LOOP('',(#2773,#2774,#2775,#2776));
#1361=EDGE_LOOP('',(#2777,#2778,#2779,#2780,#2781,#2782,#2783,#2784,#2785,
#2786,#2787));
#1362=EDGE_LOOP('',(#2788,#2789,#2790,#2791,#2792,#2793,#2794,#2795,#2796,
#2797,#2798));
#1363=EDGE_LOOP('',(#2799,#2800,#2801,#2802));
#1364=EDGE_LOOP('',(#2803,#2804,#2805,#2806));
#1365=EDGE_LOOP('',(#2807,#2808,#2809,#2810));
#1366=EDGE_LOOP('',(#2811,#2812,#2813,#2814));
#1367=EDGE_LOOP('',(#2815,#2816,#2817,#2818));
#1368=EDGE_LOOP('',(#2819,#2820,#2821,#2822));
#1369=EDGE_LOOP('',(#2823,#2824,#2825,#2826));
#1370=EDGE_LOOP('',(#2827,#2828,#2829,#2830));
#1371=EDGE_LOOP('',(#2831,#2832,#2833,#2834));
#1372=EDGE_LOOP('',(#2835,#2836,#2837,#2838));
#1373=EDGE_LOOP('',(#2839,#2840,#2841,#2842));
#1374=EDGE_LOOP('',(#2843,#2844,#2845,#2846));
#1375=EDGE_LOOP('',(#2847,#2848,#2849,#2850));
#1376=EDGE_LOOP('',(#2851,#2852,#2853,#2854));
#1377=EDGE_LOOP('',(#2855,#2856,#2857,#2858));
#1378=EDGE_LOOP('',(#2859,#2860,#2861,#2862));
#1379=EDGE_LOOP('',(#2863,#2864,#2865,#2866));
#1380=EDGE_LOOP('',(#2867,#2868,#2869,#2870,#2871,#2872,#2873,#2874,#2875,
#2876,#2877));
#1381=EDGE_LOOP('',(#2878,#2879,#2880,#2881,#2882,#2883,#2884,#2885,#2886,
#2887,#2888));
#1382=EDGE_LOOP('',(#2889,#2890,#2891,#2892));
#1383=EDGE_LOOP('',(#2893,#2894,#2895,#2896));
#1384=EDGE_LOOP('',(#2897,#2898,#2899,#2900));
#1385=EDGE_LOOP('',(#2901,#2902,#2903,#2904));
#1386=EDGE_LOOP('',(#2905,#2906,#2907,#2908));
#1387=EDGE_LOOP('',(#2909,#2910,#2911,#2912));
#1388=EDGE_LOOP('',(#2913,#2914,#2915,#2916));
#1389=EDGE_LOOP('',(#2917,#2918,#2919,#2920));
#1390=EDGE_LOOP('',(#2921,#2922,#2923,#2924));
#1391=EDGE_LOOP('',(#2925,#2926,#2927,#2928));
#1392=EDGE_LOOP('',(#2929,#2930,#2931,#2932));
#1393=EDGE_LOOP('',(#2933,#2934,#2935,#2936));
#1394=EDGE_LOOP('',(#2937,#2938,#2939,#2940));
#1395=EDGE_LOOP('',(#2941,#2942,#2943,#2944));
#1396=EDGE_LOOP('',(#2945,#2946,#2947,#2948,#2949,#2950,#2951,#2952,#2953,
#2954,#2955,#2956,#2957,#2958));
#1397=EDGE_LOOP('',(#2959,#2960,#2961,#2962,#2963,#2964,#2965,#2966,#2967,
#2968,#2969,#2970,#2971,#2972));
#1398=EDGE_LOOP('',(#2973,#2974,#2975,#2976));
#1399=EDGE_LOOP('',(#2977,#2978,#2979,#2980));
#1400=EDGE_LOOP('',(#2981,#2982,#2983,#2984));
#1401=EDGE_LOOP('',(#2985,#2986,#2987,#2988));
#1402=EDGE_LOOP('',(#2989,#2990,#2991,#2992));
#1403=EDGE_LOOP('',(#2993,#2994,#2995,#2996));
#1404=EDGE_LOOP('',(#2997,#2998,#2999,#3000));
#1405=EDGE_LOOP('',(#3001,#3002,#3003,#3004));
#1406=EDGE_LOOP('',(#3005,#3006,#3007,#3008));
#1407=EDGE_LOOP('',(#3009,#3010,#3011,#3012));
#1408=EDGE_LOOP('',(#3013,#3014,#3015,#3016));
#1409=EDGE_LOOP('',(#3017,#3018,#3019,#3020));
#1410=EDGE_LOOP('',(#3021,#3022,#3023,#3024));
#1411=EDGE_LOOP('',(#3025,#3026,#3027,#3028));
#1412=EDGE_LOOP('',(#3029,#3030,#3031,#3032));
#1413=EDGE_LOOP('',(#3033,#3034,#3035,#3036));
#1414=EDGE_LOOP('',(#3037,#3038,#3039,#3040));
#1415=EDGE_LOOP('',(#3041,#3042,#3043,#3044));
#1416=EDGE_LOOP('',(#3045,#3046,#3047,#3048,#3049,#3050,#3051,#3052));
#1417=EDGE_LOOP('',(#3053,#3054,#3055,#3056));
#1418=EDGE_LOOP('',(#3057,#3058,#3059,#3060,#3061,#3062,#3063,#3064));
#1419=EDGE_LOOP('',(#3065,#3066,#3067,#3068));
#1420=EDGE_LOOP('',(#3069,#3070,#3071,#3072));
#1421=EDGE_LOOP('',(#3073,#3074,#3075,#3076));
#1422=EDGE_LOOP('',(#3077,#3078,#3079,#3080));
#1423=EDGE_LOOP('',(#3081,#3082,#3083,#3084));
#1424=EDGE_LOOP('',(#3085,#3086,#3087,#3088));
#1425=EDGE_LOOP('',(#3089,#3090,#3091,#3092));
#1426=EDGE_LOOP('',(#3093));
#1427=EDGE_LOOP('',(#3094));
#1428=EDGE_LOOP('',(#3095));
#1429=EDGE_LOOP('',(#3096));
#1430=EDGE_LOOP('',(#3097));
#1431=EDGE_LOOP('',(#3098));
#1432=EDGE_LOOP('',(#3099));
#1433=EDGE_LOOP('',(#3100));
#1434=EDGE_LOOP('',(#3101,#3102,#3103,#3104));
#1435=EDGE_LOOP('',(#3105,#3106,#3107,#3108));
#1436=EDGE_LOOP('',(#3109,#3110,#3111,#3112));
#1437=EDGE_LOOP('',(#3113,#3114,#3115,#3116));
#1438=EDGE_LOOP('',(#3117,#3118,#3119,#3120));
#1439=EDGE_LOOP('',(#3121,#3122,#3123,#3124));
#1440=EDGE_LOOP('',(#3125,#3126,#3127,#3128));
#1441=EDGE_LOOP('',(#3129,#3130,#3131,#3132));
#1442=EDGE_LOOP('',(#3133,#3134,#3135,#3136));
#1443=EDGE_LOOP('',(#3137,#3138,#3139,#3140,#3141,#3142,#3143,#3144,#3145));
#1444=EDGE_LOOP('',(#3146,#3147,#3148,#3149,#3150,#3151,#3152,#3153,#3154));
#1445=EDGE_LOOP('',(#3155,#3156,#3157,#3158));
#1446=EDGE_LOOP('',(#3159,#3160,#3161,#3162));
#1447=EDGE_LOOP('',(#3163));
#1448=EDGE_LOOP('',(#3164));
#1449=EDGE_LOOP('',(#3165));
#1450=EDGE_LOOP('',(#3166));
#1451=CIRCLE('',#3401,0.15);
#1452=CIRCLE('',#3402,0.15);
#1453=CIRCLE('',#3417,0.0750000000001627);
#1454=CIRCLE('',#3418,0.0750000000001636);
#1455=CIRCLE('',#3423,0.0500000000001784);
#1456=CIRCLE('',#3424,0.0500000000001784);
#1457=CIRCLE('',#3430,0.0749999999998483);
#1458=CIRCLE('',#3431,0.0749999999998483);
#1459=CIRCLE('',#3436,0.100000000000363);
#1460=CIRCLE('',#3437,0.100000000000363);
#1461=CIRCLE('',#3446,0.100000000000108);
#1462=CIRCLE('',#3447,0.100000000000108);
#1463=CIRCLE('',#3450,0.100000000000135);
#1464=CIRCLE('',#3451,0.100000000000135);
#1465=CIRCLE('',#3456,0.100000000000108);
#1466=CIRCLE('',#3457,0.100000000000108);
#1467=CIRCLE('',#3460,0.100000000000107);
#1468=CIRCLE('',#3461,0.100000000000107);
#1469=CIRCLE('',#3466,0.0999999999999659);
#1470=CIRCLE('',#3467,0.0999999999999659);
#1471=CIRCLE('',#3474,0.100000000000308);
#1472=CIRCLE('',#3475,0.100000000000308);
#1473=CIRCLE('',#3480,0.100000000000081);
#1474=CIRCLE('',#3481,0.100000000000081);
#1475=CIRCLE('',#3484,0.100000000000107);
#1476=CIRCLE('',#3485,0.100000000000107);
#1477=CIRCLE('',#3507,0.15);
#1478=CIRCLE('',#3508,0.15);
#1479=CIRCLE('',#3587,0.0610526026583319);
#1480=CIRCLE('',#3588,0.0610526026583319);
#1481=CIRCLE('',#3592,0.0300530673884853);
#1482=CIRCLE('',#3593,0.0300530673884853);
#1483=CIRCLE('',#3601,0.0248321785577115);
#1484=CIRCLE('',#3602,0.0248321785577115);
#1485=VERTEX_POINT('',#4415);
#1486=VERTEX_POINT('',#4417);
#1487=VERTEX_POINT('',#4421);
#1488=VERTEX_POINT('',#4422);
#1489=VERTEX_POINT('',#4424);
#1490=VERTEX_POINT('',#4426);
#1491=VERTEX_POINT('',#4430);
#1492=VERTEX_POINT('',#4432);
#1493=VERTEX_POINT('',#4436);
#1494=VERTEX_POINT('',#4440);
#1495=VERTEX_POINT('',#4447);
#1496=VERTEX_POINT('',#4448);
#1497=VERTEX_POINT('',#4450);
#1498=VERTEX_POINT('',#4452);
#1499=VERTEX_POINT('',#4456);
#1500=VERTEX_POINT('',#4458);
#1501=VERTEX_POINT('',#4471);
#1502=VERTEX_POINT('',#4477);
#1503=VERTEX_POINT('',#4485);
#1504=VERTEX_POINT('',#4487);
#1505=VERTEX_POINT('',#4504);
#1506=VERTEX_POINT('',#4512);
#1507=VERTEX_POINT('',#4522);
#1508=VERTEX_POINT('',#4524);
#1509=VERTEX_POINT('',#4541);
#1510=VERTEX_POINT('',#4549);
#1511=VERTEX_POINT('',#4559);
#1512=VERTEX_POINT('',#4561);
#1513=VERTEX_POINT('',#4578);
#1514=VERTEX_POINT('',#4586);
#1515=VERTEX_POINT('',#4596);
#1516=VERTEX_POINT('',#4598);
#1517=VERTEX_POINT('',#4602);
#1518=VERTEX_POINT('',#4604);
#1519=VERTEX_POINT('',#4608);
#1520=VERTEX_POINT('',#4610);
#1521=VERTEX_POINT('',#4614);
#1522=VERTEX_POINT('',#4616);
#1523=VERTEX_POINT('',#4620);
#1524=VERTEX_POINT('',#4622);
#1525=VERTEX_POINT('',#4626);
#1526=VERTEX_POINT('',#4628);
#1527=VERTEX_POINT('',#4637);
#1528=VERTEX_POINT('',#4638);
#1529=VERTEX_POINT('',#4640);
#1530=VERTEX_POINT('',#4642);
#1531=VERTEX_POINT('',#4646);
#1532=VERTEX_POINT('',#4648);
#1533=VERTEX_POINT('',#4652);
#1534=VERTEX_POINT('',#4654);
#1535=VERTEX_POINT('',#4658);
#1536=VERTEX_POINT('',#4660);
#1537=VERTEX_POINT('',#4664);
#1538=VERTEX_POINT('',#4666);
#1539=VERTEX_POINT('',#4670);
#1540=VERTEX_POINT('',#4672);
#1541=VERTEX_POINT('',#4676);
#1542=VERTEX_POINT('',#4678);
#1543=VERTEX_POINT('',#4687);
#1544=VERTEX_POINT('',#4688);
#1545=VERTEX_POINT('',#4690);
#1546=VERTEX_POINT('',#4692);
#1547=VERTEX_POINT('',#4696);
#1548=VERTEX_POINT('',#4698);
#1549=VERTEX_POINT('',#4702);
#1550=VERTEX_POINT('',#4704);
#1551=VERTEX_POINT('',#4708);
#1552=VERTEX_POINT('',#4710);
#1553=VERTEX_POINT('',#4714);
#1554=VERTEX_POINT('',#4716);
#1555=VERTEX_POINT('',#4720);
#1556=VERTEX_POINT('',#4722);
#1557=VERTEX_POINT('',#4726);
#1558=VERTEX_POINT('',#4728);
#1559=VERTEX_POINT('',#4732);
#1560=VERTEX_POINT('',#4734);
#1561=VERTEX_POINT('',#4738);
#1562=VERTEX_POINT('',#4740);
#1563=VERTEX_POINT('',#4744);
#1564=VERTEX_POINT('',#4746);
#1565=VERTEX_POINT('',#4750);
#1566=VERTEX_POINT('',#4752);
#1567=VERTEX_POINT('',#4756);
#1568=VERTEX_POINT('',#4758);
#1569=VERTEX_POINT('',#4762);
#1570=VERTEX_POINT('',#4764);
#1571=VERTEX_POINT('',#4768);
#1572=VERTEX_POINT('',#4770);
#1573=VERTEX_POINT('',#4774);
#1574=VERTEX_POINT('',#4776);
#1575=VERTEX_POINT('',#4780);
#1576=VERTEX_POINT('',#4782);
#1577=VERTEX_POINT('',#4786);
#1578=VERTEX_POINT('',#4788);
#1579=VERTEX_POINT('',#4792);
#1580=VERTEX_POINT('',#4794);
#1581=VERTEX_POINT('',#4798);
#1582=VERTEX_POINT('',#4800);
#1583=VERTEX_POINT('',#4804);
#1584=VERTEX_POINT('',#4806);
#1585=VERTEX_POINT('',#4810);
#1586=VERTEX_POINT('',#4812);
#1587=VERTEX_POINT('',#4816);
#1588=VERTEX_POINT('',#4818);
#1589=VERTEX_POINT('',#4822);
#1590=VERTEX_POINT('',#4824);
#1591=VERTEX_POINT('',#4828);
#1592=VERTEX_POINT('',#4830);
#1593=VERTEX_POINT('',#4834);
#1594=VERTEX_POINT('',#4836);
#1595=VERTEX_POINT('',#4840);
#1596=VERTEX_POINT('',#4842);
#1597=VERTEX_POINT('',#4846);
#1598=VERTEX_POINT('',#4848);
#1599=VERTEX_POINT('',#4857);
#1600=VERTEX_POINT('',#4858);
#1601=VERTEX_POINT('',#4860);
#1602=VERTEX_POINT('',#4862);
#1603=VERTEX_POINT('',#4866);
#1604=VERTEX_POINT('',#4868);
#1605=VERTEX_POINT('',#4872);
#1606=VERTEX_POINT('',#4874);
#1607=VERTEX_POINT('',#4883);
#1608=VERTEX_POINT('',#4884);
#1609=VERTEX_POINT('',#4886);
#1610=VERTEX_POINT('',#4888);
#1611=VERTEX_POINT('',#4892);
#1612=VERTEX_POINT('',#4894);
#1613=VERTEX_POINT('',#4898);
#1614=VERTEX_POINT('',#4900);
#1615=VERTEX_POINT('',#4909);
#1616=VERTEX_POINT('',#4910);
#1617=VERTEX_POINT('',#4912);
#1618=VERTEX_POINT('',#4914);
#1619=VERTEX_POINT('',#4918);
#1620=VERTEX_POINT('',#4920);
#1621=VERTEX_POINT('',#4924);
#1622=VERTEX_POINT('',#4926);
#1623=VERTEX_POINT('',#4935);
#1624=VERTEX_POINT('',#4937);
#1625=VERTEX_POINT('',#4942);
#1626=VERTEX_POINT('',#4943);
#1627=VERTEX_POINT('',#4945);
#1628=VERTEX_POINT('',#4947);
#1629=VERTEX_POINT('',#4951);
#1630=VERTEX_POINT('',#4953);
#1631=VERTEX_POINT('',#4957);
#1632=VERTEX_POINT('',#4959);
#1633=VERTEX_POINT('',#4963);
#1634=VERTEX_POINT('',#4965);
#1635=VERTEX_POINT('',#4969);
#1636=VERTEX_POINT('',#4971);
#1637=VERTEX_POINT('',#4975);
#1638=VERTEX_POINT('',#4977);
#1639=VERTEX_POINT('',#4990);
#1640=VERTEX_POINT('',#4996);
#1641=VERTEX_POINT('',#5004);
#1642=VERTEX_POINT('',#5006);
#1643=VERTEX_POINT('',#5010);
#1644=VERTEX_POINT('',#5012);
#1645=VERTEX_POINT('',#5016);
#1646=VERTEX_POINT('',#5018);
#1647=VERTEX_POINT('',#5052);
#1648=VERTEX_POINT('',#5053);
#1649=VERTEX_POINT('',#5055);
#1650=VERTEX_POINT('',#5057);
#1651=VERTEX_POINT('',#5061);
#1652=VERTEX_POINT('',#5063);
#1653=VERTEX_POINT('',#5067);
#1654=VERTEX_POINT('',#5069);
#1655=VERTEX_POINT('',#5073);
#1656=VERTEX_POINT('',#5075);
#1657=VERTEX_POINT('',#5079);
#1658=VERTEX_POINT('',#5081);
#1659=VERTEX_POINT('',#5085);
#1660=VERTEX_POINT('',#5087);
#1661=VERTEX_POINT('',#5100);
#1662=VERTEX_POINT('',#5106);
#1663=VERTEX_POINT('',#5114);
#1664=VERTEX_POINT('',#5116);
#1665=VERTEX_POINT('',#5120);
#1666=VERTEX_POINT('',#5122);
#1667=VERTEX_POINT('',#5126);
#1668=VERTEX_POINT('',#5128);
#1669=VERTEX_POINT('',#5162);
#1670=VERTEX_POINT('',#5163);
#1671=VERTEX_POINT('',#5165);
#1672=VERTEX_POINT('',#5167);
#1673=VERTEX_POINT('',#5171);
#1674=VERTEX_POINT('',#5173);
#1675=VERTEX_POINT('',#5177);
#1676=VERTEX_POINT('',#5179);
#1677=VERTEX_POINT('',#5188);
#1678=VERTEX_POINT('',#5189);
#1679=VERTEX_POINT('',#5191);
#1680=VERTEX_POINT('',#5193);
#1681=VERTEX_POINT('',#5197);
#1682=VERTEX_POINT('',#5199);
#1683=VERTEX_POINT('',#5203);
#1684=VERTEX_POINT('',#5205);
#1685=VERTEX_POINT('',#5209);
#1686=VERTEX_POINT('',#5211);
#1687=VERTEX_POINT('',#5215);
#1688=VERTEX_POINT('',#5217);
#1689=VERTEX_POINT('',#5221);
#1690=VERTEX_POINT('',#5223);
#1691=VERTEX_POINT('',#5236);
#1692=VERTEX_POINT('',#5242);
#1693=VERTEX_POINT('',#5250);
#1694=VERTEX_POINT('',#5252);
#1695=VERTEX_POINT('',#5256);
#1696=VERTEX_POINT('',#5258);
#1697=VERTEX_POINT('',#5262);
#1698=VERTEX_POINT('',#5264);
#1699=VERTEX_POINT('',#5305);
#1700=VERTEX_POINT('',#5306);
#1701=VERTEX_POINT('',#5311);
#1702=VERTEX_POINT('',#5313);
#1703=VERTEX_POINT('',#5320);
#1704=VERTEX_POINT('',#5322);
#1705=VERTEX_POINT('',#5326);
#1706=VERTEX_POINT('',#5328);
#1707=VERTEX_POINT('',#5332);
#1708=VERTEX_POINT('',#5334);
#1709=VERTEX_POINT('',#5338);
#1710=VERTEX_POINT('',#5340);
#1711=VERTEX_POINT('',#5344);
#1712=VERTEX_POINT('',#5346);
#1713=VERTEX_POINT('',#5350);
#1714=VERTEX_POINT('',#5352);
#1715=VERTEX_POINT('',#5356);
#1716=VERTEX_POINT('',#5358);
#1717=VERTEX_POINT('',#5362);
#1718=VERTEX_POINT('',#5364);
#1719=VERTEX_POINT('',#5368);
#1720=VERTEX_POINT('',#5370);
#1721=VERTEX_POINT('',#5374);
#1722=VERTEX_POINT('',#5376);
#1723=VERTEX_POINT('',#5380);
#1724=VERTEX_POINT('',#5382);
#1725=VERTEX_POINT('',#5393);
#1726=VERTEX_POINT('',#5398);
#1727=VERTEX_POINT('',#5410);
#1728=VERTEX_POINT('',#5411);
#1729=VERTEX_POINT('',#5413);
#1730=VERTEX_POINT('',#5415);
#1731=VERTEX_POINT('',#5419);
#1732=VERTEX_POINT('',#5421);
#1733=VERTEX_POINT('',#5425);
#1734=VERTEX_POINT('',#5427);
#1735=VERTEX_POINT('',#5436);
#1736=VERTEX_POINT('',#5437);
#1737=VERTEX_POINT('',#5439);
#1738=VERTEX_POINT('',#5441);
#1739=VERTEX_POINT('',#5445);
#1740=VERTEX_POINT('',#5447);
#1741=VERTEX_POINT('',#5451);
#1742=VERTEX_POINT('',#5453);
#1743=VERTEX_POINT('',#5502);
#1744=VERTEX_POINT('',#5503);
#1745=VERTEX_POINT('',#5511);
#1746=VERTEX_POINT('',#5513);
#1747=VERTEX_POINT('',#5523);
#1748=VERTEX_POINT('',#5525);
#1749=VERTEX_POINT('',#5544);
#1750=VERTEX_POINT('',#5553);
#1751=VERTEX_POINT('',#5564);
#1752=VERTEX_POINT('',#5566);
#1753=VERTEX_POINT('',#5585);
#1754=VERTEX_POINT('',#5594);
#1755=VERTEX_POINT('',#5605);
#1756=VERTEX_POINT('',#5607);
#1757=VERTEX_POINT('',#5611);
#1758=VERTEX_POINT('',#5613);
#1759=VERTEX_POINT('',#5622);
#1760=VERTEX_POINT('',#5623);
#1761=VERTEX_POINT('',#5625);
#1762=VERTEX_POINT('',#5627);
#1763=VERTEX_POINT('',#5631);
#1764=VERTEX_POINT('',#5633);
#1765=VERTEX_POINT('',#5637);
#1766=VERTEX_POINT('',#5639);
#1767=VERTEX_POINT('',#5648);
#1768=VERTEX_POINT('',#5650);
#1769=VERTEX_POINT('',#5655);
#1770=VERTEX_POINT('',#5657);
#1771=VERTEX_POINT('',#5675);
#1772=VERTEX_POINT('',#5676);
#1773=VERTEX_POINT('',#5684);
#1774=VERTEX_POINT('',#5686);
#1775=VERTEX_POINT('',#5696);
#1776=VERTEX_POINT('',#5698);
#1777=VERTEX_POINT('',#5702);
#1778=VERTEX_POINT('',#5704);
#1779=VERTEX_POINT('',#5708);
#1780=VERTEX_POINT('',#5710);
#1781=VERTEX_POINT('',#5714);
#1782=VERTEX_POINT('',#5716);
#1783=VERTEX_POINT('',#5720);
#1784=VERTEX_POINT('',#5722);
#1785=VERTEX_POINT('',#5726);
#1786=VERTEX_POINT('',#5728);
#1787=VERTEX_POINT('',#5749);
#1788=VERTEX_POINT('',#5759);
#1789=VERTEX_POINT('',#5801);
#1790=VERTEX_POINT('',#5815);
#1791=VERTEX_POINT('',#5860);
#1792=VERTEX_POINT('',#5876);
#1793=EDGE_CURVE('',#1485,#1485,#1451,.T.);
#1794=EDGE_CURVE('',#1486,#1486,#1452,.T.);
#1795=EDGE_CURVE('',#1487,#1488,#117,.T.);
#1796=EDGE_CURVE('',#1489,#1487,#118,.T.);
#1797=EDGE_CURVE('',#1490,#1489,#119,.T.);
#1798=EDGE_CURVE('',#1488,#1490,#120,.T.);
#1799=EDGE_CURVE('',#1491,#1487,#121,.T.);
#1800=EDGE_CURVE('',#1492,#1491,#122,.T.);
#1801=EDGE_CURVE('',#1489,#1492,#123,.T.);
#1802=EDGE_CURVE('',#1488,#1493,#124,.T.);
#1803=EDGE_CURVE('',#1493,#1491,#125,.T.);
#1804=EDGE_CURVE('',#1493,#1494,#126,.T.);
#1805=EDGE_CURVE('',#1492,#1494,#127,.T.);
#1806=EDGE_CURVE('',#1494,#1490,#128,.T.);
#1807=EDGE_CURVE('',#1495,#1496,#129,.T.);
#1808=EDGE_CURVE('',#1495,#1497,#130,.T.);
#1809=EDGE_CURVE('',#1498,#1497,#131,.T.);
#1810=EDGE_CURVE('',#1496,#1498,#132,.T.);
#1811=EDGE_CURVE('',#1496,#1499,#133,.T.);
#1812=EDGE_CURVE('',#1500,#1498,#134,.T.);
#1813=EDGE_CURVE('',#1499,#1500,#135,.T.);
#1814=EDGE_CURVE('',#1499,#1501,#23,.T.);
#1815=EDGE_CURVE('',#1502,#1500,#24,.T.);
#1816=EDGE_CURVE('',#1501,#1502,#136,.T.);
#1817=EDGE_CURVE('',#1501,#1503,#137,.T.);
#1818=EDGE_CURVE('',#1504,#1502,#138,.T.);
#1819=EDGE_CURVE('',#1503,#1504,#139,.T.);
#1820=EDGE_CURVE('',#1503,#1505,#25,.T.);
#1821=EDGE_CURVE('',#1506,#1504,#26,.T.);
#1822=EDGE_CURVE('',#1505,#1506,#140,.T.);
#1823=EDGE_CURVE('',#1505,#1507,#141,.T.);
#1824=EDGE_CURVE('',#1508,#1506,#142,.T.);
#1825=EDGE_CURVE('',#1507,#1508,#143,.T.);
#1826=EDGE_CURVE('',#1507,#1509,#27,.T.);
#1827=EDGE_CURVE('',#1510,#1508,#28,.T.);
#1828=EDGE_CURVE('',#1509,#1510,#144,.T.);
#1829=EDGE_CURVE('',#1509,#1511,#145,.T.);
#1830=EDGE_CURVE('',#1512,#1510,#146,.T.);
#1831=EDGE_CURVE('',#1511,#1512,#147,.T.);
#1832=EDGE_CURVE('',#1511,#1513,#29,.T.);
#1833=EDGE_CURVE('',#1514,#1512,#30,.T.);
#1834=EDGE_CURVE('',#1513,#1514,#148,.T.);
#1835=EDGE_CURVE('',#1513,#1515,#149,.T.);
#1836=EDGE_CURVE('',#1516,#1514,#150,.T.);
#1837=EDGE_CURVE('',#1515,#1516,#151,.T.);
#1838=EDGE_CURVE('',#1515,#1517,#1453,.T.);
#1839=EDGE_CURVE('',#1518,#1516,#1454,.T.);
#1840=EDGE_CURVE('',#1517,#1518,#152,.T.);
#1841=EDGE_CURVE('',#1517,#1519,#153,.T.);
#1842=EDGE_CURVE('',#1520,#1518,#154,.T.);
#1843=EDGE_CURVE('',#1519,#1520,#155,.T.);
#1844=EDGE_CURVE('',#1519,#1521,#156,.T.);
#1845=EDGE_CURVE('',#1522,#1520,#157,.T.);
#1846=EDGE_CURVE('',#1521,#1522,#158,.T.);
#1847=EDGE_CURVE('',#1521,#1523,#159,.T.);
#1848=EDGE_CURVE('',#1524,#1522,#160,.T.);
#1849=EDGE_CURVE('',#1523,#1524,#161,.T.);
#1850=EDGE_CURVE('',#1523,#1525,#1455,.T.);
#1851=EDGE_CURVE('',#1526,#1524,#1456,.T.);
#1852=EDGE_CURVE('',#1525,#1526,#162,.T.);
#1853=EDGE_CURVE('',#1525,#1495,#163,.T.);
#1854=EDGE_CURVE('',#1497,#1526,#164,.T.);
#1855=EDGE_CURVE('',#1527,#1528,#165,.T.);
#1856=EDGE_CURVE('',#1527,#1529,#166,.T.);
#1857=EDGE_CURVE('',#1530,#1529,#167,.T.);
#1858=EDGE_CURVE('',#1528,#1530,#168,.T.);
#1859=EDGE_CURVE('',#1528,#1531,#1457,.T.);
#1860=EDGE_CURVE('',#1532,#1530,#1458,.T.);
#1861=EDGE_CURVE('',#1531,#1532,#169,.T.);
#1862=EDGE_CURVE('',#1531,#1533,#170,.T.);
#1863=EDGE_CURVE('',#1534,#1532,#171,.T.);
#1864=EDGE_CURVE('',#1533,#1534,#172,.T.);
#1865=EDGE_CURVE('',#1533,#1535,#173,.T.);
#1866=EDGE_CURVE('',#1536,#1534,#174,.T.);
#1867=EDGE_CURVE('',#1535,#1536,#175,.T.);
#1868=EDGE_CURVE('',#1535,#1537,#176,.T.);
#1869=EDGE_CURVE('',#1538,#1536,#177,.T.);
#1870=EDGE_CURVE('',#1537,#1538,#178,.T.);
#1871=EDGE_CURVE('',#1537,#1539,#1459,.T.);
#1872=EDGE_CURVE('',#1540,#1538,#1460,.T.);
#1873=EDGE_CURVE('',#1539,#1540,#179,.T.);
#1874=EDGE_CURVE('',#1539,#1541,#180,.T.);
#1875=EDGE_CURVE('',#1542,#1540,#181,.T.);
#1876=EDGE_CURVE('',#1541,#1542,#182,.T.);
#1877=EDGE_CURVE('',#1541,#1527,#183,.T.);
#1878=EDGE_CURVE('',#1529,#1542,#184,.T.);
#1879=EDGE_CURVE('',#1543,#1544,#185,.T.);
#1880=EDGE_CURVE('',#1543,#1545,#186,.T.);
#1881=EDGE_CURVE('',#1546,#1545,#187,.T.);
#1882=EDGE_CURVE('',#1544,#1546,#188,.T.);
#1883=EDGE_CURVE('',#1544,#1547,#189,.T.);
#1884=EDGE_CURVE('',#1548,#1546,#190,.T.);
#1885=EDGE_CURVE('',#1547,#1548,#191,.T.);
#1886=EDGE_CURVE('',#1547,#1549,#192,.T.);
#1887=EDGE_CURVE('',#1550,#1548,#193,.T.);
#1888=EDGE_CURVE('',#1549,#1550,#194,.T.);
#1889=EDGE_CURVE('',#1549,#1551,#1461,.T.);
#1890=EDGE_CURVE('',#1552,#1550,#1462,.T.);
#1891=EDGE_CURVE('',#1551,#1552,#195,.T.);
#1892=EDGE_CURVE('',#1551,#1553,#196,.T.);
#1893=EDGE_CURVE('',#1554,#1552,#197,.T.);
#1894=EDGE_CURVE('',#1553,#1554,#198,.T.);
#1895=EDGE_CURVE('',#1553,#1555,#1463,.T.);
#1896=EDGE_CURVE('',#1556,#1554,#1464,.T.);
#1897=EDGE_CURVE('',#1555,#1556,#199,.T.);
#1898=EDGE_CURVE('',#1555,#1557,#200,.T.);
#1899=EDGE_CURVE('',#1558,#1556,#201,.T.);
#1900=EDGE_CURVE('',#1557,#1558,#202,.T.);
#1901=EDGE_CURVE('',#1557,#1559,#203,.T.);
#1902=EDGE_CURVE('',#1560,#1558,#204,.T.);
#1903=EDGE_CURVE('',#1559,#1560,#205,.T.);
#1904=EDGE_CURVE('',#1559,#1561,#206,.T.);
#1905=EDGE_CURVE('',#1562,#1560,#207,.T.);
#1906=EDGE_CURVE('',#1561,#1562,#208,.T.);
#1907=EDGE_CURVE('',#1561,#1563,#1465,.T.);
#1908=EDGE_CURVE('',#1564,#1562,#1466,.T.);
#1909=EDGE_CURVE('',#1563,#1564,#209,.T.);
#1910=EDGE_CURVE('',#1563,#1565,#210,.T.);
#1911=EDGE_CURVE('',#1566,#1564,#211,.T.);
#1912=EDGE_CURVE('',#1565,#1566,#212,.T.);
#1913=EDGE_CURVE('',#1565,#1567,#1467,.T.);
#1914=EDGE_CURVE('',#1568,#1566,#1468,.T.);
#1915=EDGE_CURVE('',#1567,#1568,#213,.T.);
#1916=EDGE_CURVE('',#1567,#1569,#214,.T.);
#1917=EDGE_CURVE('',#1570,#1568,#215,.T.);
#1918=EDGE_CURVE('',#1569,#1570,#216,.T.);
#1919=EDGE_CURVE('',#1569,#1571,#217,.T.);
#1920=EDGE_CURVE('',#1572,#1570,#218,.T.);
#1921=EDGE_CURVE('',#1571,#1572,#219,.T.);
#1922=EDGE_CURVE('',#1571,#1573,#220,.T.);
#1923=EDGE_CURVE('',#1574,#1572,#221,.T.);
#1924=EDGE_CURVE('',#1573,#1574,#222,.T.);
#1925=EDGE_CURVE('',#1573,#1575,#1469,.T.);
#1926=EDGE_CURVE('',#1576,#1574,#1470,.T.);
#1927=EDGE_CURVE('',#1575,#1576,#223,.T.);
#1928=EDGE_CURVE('',#1575,#1577,#224,.T.);
#1929=EDGE_CURVE('',#1578,#1576,#225,.T.);
#1930=EDGE_CURVE('',#1577,#1578,#226,.T.);
#1931=EDGE_CURVE('',#1577,#1579,#227,.T.);
#1932=EDGE_CURVE('',#1580,#1578,#228,.T.);
#1933=EDGE_CURVE('',#1579,#1580,#229,.T.);
#1934=EDGE_CURVE('',#1579,#1581,#230,.T.);
#1935=EDGE_CURVE('',#1582,#1580,#231,.T.);
#1936=EDGE_CURVE('',#1581,#1582,#232,.T.);
#1937=EDGE_CURVE('',#1581,#1583,#233,.T.);
#1938=EDGE_CURVE('',#1584,#1582,#234,.T.);
#1939=EDGE_CURVE('',#1583,#1584,#235,.T.);
#1940=EDGE_CURVE('',#1583,#1585,#236,.T.);
#1941=EDGE_CURVE('',#1586,#1584,#237,.T.);
#1942=EDGE_CURVE('',#1585,#1586,#238,.T.);
#1943=EDGE_CURVE('',#1585,#1587,#1471,.T.);
#1944=EDGE_CURVE('',#1588,#1586,#1472,.T.);
#1945=EDGE_CURVE('',#1587,#1588,#239,.T.);
#1946=EDGE_CURVE('',#1587,#1589,#240,.T.);
#1947=EDGE_CURVE('',#1590,#1588,#241,.T.);
#1948=EDGE_CURVE('',#1589,#1590,#242,.T.);
#1949=EDGE_CURVE('',#1589,#1591,#243,.T.);
#1950=EDGE_CURVE('',#1592,#1590,#244,.T.);
#1951=EDGE_CURVE('',#1591,#1592,#245,.T.);
#1952=EDGE_CURVE('',#1591,#1593,#246,.T.);
#1953=EDGE_CURVE('',#1594,#1592,#247,.T.);
#1954=EDGE_CURVE('',#1593,#1594,#248,.T.);
#1955=EDGE_CURVE('',#1593,#1595,#1473,.T.);
#1956=EDGE_CURVE('',#1596,#1594,#1474,.T.);
#1957=EDGE_CURVE('',#1595,#1596,#249,.T.);
#1958=EDGE_CURVE('',#1595,#1597,#250,.T.);
#1959=EDGE_CURVE('',#1598,#1596,#251,.T.);
#1960=EDGE_CURVE('',#1597,#1598,#252,.T.);
#1961=EDGE_CURVE('',#1597,#1543,#1475,.T.);
#1962=EDGE_CURVE('',#1545,#1598,#1476,.T.);
#1963=EDGE_CURVE('',#1599,#1600,#253,.T.);
#1964=EDGE_CURVE('',#1599,#1601,#254,.T.);
#1965=EDGE_CURVE('',#1602,#1601,#255,.T.);
#1966=EDGE_CURVE('',#1600,#1602,#256,.T.);
#1967=EDGE_CURVE('',#1600,#1603,#257,.T.);
#1968=EDGE_CURVE('',#1604,#1602,#258,.T.);
#1969=EDGE_CURVE('',#1603,#1604,#259,.T.);
#1970=EDGE_CURVE('',#1603,#1605,#260,.T.);
#1971=EDGE_CURVE('',#1606,#1604,#261,.T.);
#1972=EDGE_CURVE('',#1605,#1606,#262,.T.);
#1973=EDGE_CURVE('',#1605,#1599,#263,.T.);
#1974=EDGE_CURVE('',#1601,#1606,#264,.T.);
#1975=EDGE_CURVE('',#1607,#1608,#265,.T.);
#1976=EDGE_CURVE('',#1607,#1609,#266,.T.);
#1977=EDGE_CURVE('',#1610,#1609,#267,.T.);
#1978=EDGE_CURVE('',#1608,#1610,#268,.T.);
#1979=EDGE_CURVE('',#1608,#1611,#269,.T.);
#1980=EDGE_CURVE('',#1612,#1610,#270,.T.);
#1981=EDGE_CURVE('',#1611,#1612,#271,.T.);
#1982=EDGE_CURVE('',#1611,#1613,#272,.T.);
#1983=EDGE_CURVE('',#1614,#1612,#273,.T.);
#1984=EDGE_CURVE('',#1613,#1614,#274,.T.);
#1985=EDGE_CURVE('',#1613,#1607,#275,.T.);
#1986=EDGE_CURVE('',#1609,#1614,#276,.T.);
#1987=EDGE_CURVE('',#1615,#1616,#277,.T.);
#1988=EDGE_CURVE('',#1615,#1617,#278,.T.);
#1989=EDGE_CURVE('',#1618,#1617,#279,.T.);
#1990=EDGE_CURVE('',#1616,#1618,#280,.T.);
#1991=EDGE_CURVE('',#1616,#1619,#281,.T.);
#1992=EDGE_CURVE('',#1620,#1618,#282,.T.);
#1993=EDGE_CURVE('',#1619,#1620,#283,.T.);
#1994=EDGE_CURVE('',#1619,#1621,#284,.T.);
#1995=EDGE_CURVE('',#1622,#1620,#285,.T.);
#1996=EDGE_CURVE('',#1621,#1622,#286,.T.);
#1997=EDGE_CURVE('',#1621,#1615,#287,.T.);
#1998=EDGE_CURVE('',#1617,#1622,#288,.T.);
#1999=EDGE_CURVE('',#1623,#1623,#1477,.T.);
#2000=EDGE_CURVE('',#1624,#1624,#1478,.T.);
#2001=EDGE_CURVE('',#1625,#1626,#289,.T.);
#2002=EDGE_CURVE('',#1626,#1627,#290,.T.);
#2003=EDGE_CURVE('',#1628,#1627,#291,.T.);
#2004=EDGE_CURVE('',#1625,#1628,#292,.T.);
#2005=EDGE_CURVE('',#1629,#1625,#293,.T.);
#2006=EDGE_CURVE('',#1630,#1628,#294,.T.);
#2007=EDGE_CURVE('',#1629,#1630,#295,.T.);
#2008=EDGE_CURVE('',#1631,#1629,#296,.T.);
#2009=EDGE_CURVE('',#1632,#1630,#297,.T.);
#2010=EDGE_CURVE('',#1631,#1632,#298,.T.);
#2011=EDGE_CURVE('',#1633,#1631,#299,.T.);
#2012=EDGE_CURVE('',#1634,#1632,#300,.T.);
#2013=EDGE_CURVE('',#1633,#1634,#301,.T.);
#2014=EDGE_CURVE('',#1635,#1633,#302,.T.);
#2015=EDGE_CURVE('',#1636,#1634,#303,.T.);
#2016=EDGE_CURVE('',#1635,#1636,#304,.T.);
#2017=EDGE_CURVE('',#1637,#1635,#305,.T.);
#2018=EDGE_CURVE('',#1638,#1636,#306,.T.);
#2019=EDGE_CURVE('',#1637,#1638,#307,.T.);
#2020=EDGE_CURVE('',#1639,#1637,#31,.T.);
#2021=EDGE_CURVE('',#1640,#1638,#32,.T.);
#2022=EDGE_CURVE('',#1639,#1640,#308,.T.);
#2023=EDGE_CURVE('',#1641,#1639,#309,.T.);
#2024=EDGE_CURVE('',#1642,#1640,#310,.T.);
#2025=EDGE_CURVE('',#1641,#1642,#311,.T.);
#2026=EDGE_CURVE('',#1643,#1641,#312,.T.);
#2027=EDGE_CURVE('',#1644,#1642,#313,.T.);
#2028=EDGE_CURVE('',#1643,#1644,#314,.T.);
#2029=EDGE_CURVE('',#1645,#1643,#315,.T.);
#2030=EDGE_CURVE('',#1646,#1644,#316,.T.);
#2031=EDGE_CURVE('',#1645,#1646,#317,.T.);
#2032=EDGE_CURVE('',#1626,#1645,#33,.T.);
#2033=EDGE_CURVE('',#1627,#1646,#34,.T.);
#2034=EDGE_CURVE('',#1647,#1648,#318,.T.);
#2035=EDGE_CURVE('',#1648,#1649,#319,.T.);
#2036=EDGE_CURVE('',#1650,#1649,#320,.T.);
#2037=EDGE_CURVE('',#1647,#1650,#321,.T.);
#2038=EDGE_CURVE('',#1651,#1647,#322,.T.);
#2039=EDGE_CURVE('',#1652,#1650,#323,.T.);
#2040=EDGE_CURVE('',#1651,#1652,#324,.T.);
#2041=EDGE_CURVE('',#1653,#1651,#325,.T.);
#2042=EDGE_CURVE('',#1654,#1652,#326,.T.);
#2043=EDGE_CURVE('',#1653,#1654,#327,.T.);
#2044=EDGE_CURVE('',#1655,#1653,#328,.T.);
#2045=EDGE_CURVE('',#1656,#1654,#329,.T.);
#2046=EDGE_CURVE('',#1655,#1656,#330,.T.);
#2047=EDGE_CURVE('',#1657,#1655,#331,.T.);
#2048=EDGE_CURVE('',#1658,#1656,#332,.T.);
#2049=EDGE_CURVE('',#1657,#1658,#333,.T.);
#2050=EDGE_CURVE('',#1659,#1657,#334,.T.);
#2051=EDGE_CURVE('',#1660,#1658,#335,.T.);
#2052=EDGE_CURVE('',#1659,#1660,#336,.T.);
#2053=EDGE_CURVE('',#1661,#1659,#35,.T.);
#2054=EDGE_CURVE('',#1662,#1660,#36,.T.);
#2055=EDGE_CURVE('',#1661,#1662,#337,.T.);
#2056=EDGE_CURVE('',#1663,#1661,#338,.T.);
#2057=EDGE_CURVE('',#1664,#1662,#339,.T.);
#2058=EDGE_CURVE('',#1663,#1664,#340,.T.);
#2059=EDGE_CURVE('',#1665,#1663,#341,.T.);
#2060=EDGE_CURVE('',#1666,#1664,#342,.T.);
#2061=EDGE_CURVE('',#1665,#1666,#343,.T.);
#2062=EDGE_CURVE('',#1667,#1665,#344,.T.);
#2063=EDGE_CURVE('',#1668,#1666,#345,.T.);
#2064=EDGE_CURVE('',#1667,#1668,#346,.T.);
#2065=EDGE_CURVE('',#1648,#1667,#37,.T.);
#2066=EDGE_CURVE('',#1649,#1668,#38,.T.);
#2067=EDGE_CURVE('',#1669,#1670,#347,.T.);
#2068=EDGE_CURVE('',#1670,#1671,#348,.T.);
#2069=EDGE_CURVE('',#1672,#1671,#349,.T.);
#2070=EDGE_CURVE('',#1669,#1672,#350,.T.);
#2071=EDGE_CURVE('',#1673,#1669,#351,.T.);
#2072=EDGE_CURVE('',#1674,#1672,#352,.T.);
#2073=EDGE_CURVE('',#1673,#1674,#353,.T.);
#2074=EDGE_CURVE('',#1675,#1673,#354,.T.);
#2075=EDGE_CURVE('',#1676,#1674,#355,.T.);
#2076=EDGE_CURVE('',#1675,#1676,#356,.T.);
#2077=EDGE_CURVE('',#1670,#1675,#357,.T.);
#2078=EDGE_CURVE('',#1671,#1676,#358,.T.);
#2079=EDGE_CURVE('',#1677,#1678,#359,.T.);
#2080=EDGE_CURVE('',#1678,#1679,#360,.T.);
#2081=EDGE_CURVE('',#1680,#1679,#361,.T.);
#2082=EDGE_CURVE('',#1677,#1680,#362,.T.);
#2083=EDGE_CURVE('',#1681,#1677,#363,.T.);
#2084=EDGE_CURVE('',#1682,#1680,#364,.T.);
#2085=EDGE_CURVE('',#1681,#1682,#365,.T.);
#2086=EDGE_CURVE('',#1683,#1681,#366,.T.);
#2087=EDGE_CURVE('',#1684,#1682,#367,.T.);
#2088=EDGE_CURVE('',#1683,#1684,#368,.T.);
#2089=EDGE_CURVE('',#1685,#1683,#369,.T.);
#2090=EDGE_CURVE('',#1686,#1684,#370,.T.);
#2091=EDGE_CURVE('',#1685,#1686,#371,.T.);
#2092=EDGE_CURVE('',#1687,#1685,#372,.T.);
#2093=EDGE_CURVE('',#1688,#1686,#373,.T.);
#2094=EDGE_CURVE('',#1687,#1688,#374,.T.);
#2095=EDGE_CURVE('',#1689,#1687,#375,.T.);
#2096=EDGE_CURVE('',#1690,#1688,#376,.T.);
#2097=EDGE_CURVE('',#1689,#1690,#377,.T.);
#2098=EDGE_CURVE('',#1691,#1689,#39,.T.);
#2099=EDGE_CURVE('',#1692,#1690,#40,.T.);
#2100=EDGE_CURVE('',#1691,#1692,#378,.T.);
#2101=EDGE_CURVE('',#1693,#1691,#379,.T.);
#2102=EDGE_CURVE('',#1694,#1692,#380,.T.);
#2103=EDGE_CURVE('',#1693,#1694,#381,.T.);
#2104=EDGE_CURVE('',#1695,#1693,#382,.T.);
#2105=EDGE_CURVE('',#1696,#1694,#383,.T.);
#2106=EDGE_CURVE('',#1695,#1696,#384,.T.);
#2107=EDGE_CURVE('',#1697,#1695,#385,.T.);
#2108=EDGE_CURVE('',#1698,#1696,#386,.T.);
#2109=EDGE_CURVE('',#1697,#1698,#387,.T.);
#2110=EDGE_CURVE('',#1678,#1697,#41,.T.);
#2111=EDGE_CURVE('',#1679,#1698,#42,.T.);
#2112=EDGE_CURVE('',#1699,#1700,#43,.T.);
#2113=EDGE_CURVE('',#1700,#1701,#388,.T.);
#2114=EDGE_CURVE('',#1702,#1701,#44,.T.);
#2115=EDGE_CURVE('',#1699,#1702,#389,.T.);
#2116=EDGE_CURVE('',#1703,#1699,#390,.T.);
#2117=EDGE_CURVE('',#1704,#1702,#391,.T.);
#2118=EDGE_CURVE('',#1703,#1704,#392,.T.);
#2119=EDGE_CURVE('',#1705,#1703,#393,.T.);
#2120=EDGE_CURVE('',#1706,#1704,#394,.T.);
#2121=EDGE_CURVE('',#1705,#1706,#395,.T.);
#2122=EDGE_CURVE('',#1707,#1705,#396,.T.);
#2123=EDGE_CURVE('',#1708,#1706,#397,.T.);
#2124=EDGE_CURVE('',#1707,#1708,#398,.T.);
#2125=EDGE_CURVE('',#1709,#1707,#399,.T.);
#2126=EDGE_CURVE('',#1710,#1708,#400,.T.);
#2127=EDGE_CURVE('',#1709,#1710,#401,.T.);
#2128=EDGE_CURVE('',#1711,#1709,#402,.T.);
#2129=EDGE_CURVE('',#1712,#1710,#403,.T.);
#2130=EDGE_CURVE('',#1711,#1712,#404,.T.);
#2131=EDGE_CURVE('',#1713,#1711,#405,.T.);
#2132=EDGE_CURVE('',#1714,#1712,#406,.T.);
#2133=EDGE_CURVE('',#1713,#1714,#407,.T.);
#2134=EDGE_CURVE('',#1715,#1713,#408,.T.);
#2135=EDGE_CURVE('',#1716,#1714,#409,.T.);
#2136=EDGE_CURVE('',#1715,#1716,#410,.T.);
#2137=EDGE_CURVE('',#1717,#1715,#411,.T.);
#2138=EDGE_CURVE('',#1718,#1716,#412,.T.);
#2139=EDGE_CURVE('',#1717,#1718,#413,.T.);
#2140=EDGE_CURVE('',#1719,#1717,#414,.T.);
#2141=EDGE_CURVE('',#1720,#1718,#415,.T.);
#2142=EDGE_CURVE('',#1719,#1720,#416,.T.);
#2143=EDGE_CURVE('',#1721,#1719,#417,.T.);
#2144=EDGE_CURVE('',#1722,#1720,#418,.T.);
#2145=EDGE_CURVE('',#1721,#1722,#419,.T.);
#2146=EDGE_CURVE('',#1723,#1721,#420,.T.);
#2147=EDGE_CURVE('',#1724,#1722,#421,.T.);
#2148=EDGE_CURVE('',#1723,#1724,#422,.T.);
#2149=EDGE_CURVE('',#1725,#1723,#45,.T.);
#2150=EDGE_CURVE('',#1726,#1724,#46,.T.);
#2151=EDGE_CURVE('',#1725,#1726,#423,.T.);
#2152=EDGE_CURVE('',#1700,#1725,#424,.T.);
#2153=EDGE_CURVE('',#1701,#1726,#425,.T.);
#2154=EDGE_CURVE('',#1727,#1728,#426,.T.);
#2155=EDGE_CURVE('',#1728,#1729,#427,.T.);
#2156=EDGE_CURVE('',#1730,#1729,#428,.T.);
#2157=EDGE_CURVE('',#1727,#1730,#429,.T.);
#2158=EDGE_CURVE('',#1731,#1727,#430,.T.);
#2159=EDGE_CURVE('',#1732,#1730,#431,.T.);
#2160=EDGE_CURVE('',#1731,#1732,#432,.T.);
#2161=EDGE_CURVE('',#1733,#1731,#433,.T.);
#2162=EDGE_CURVE('',#1734,#1732,#434,.T.);
#2163=EDGE_CURVE('',#1733,#1734,#435,.T.);
#2164=EDGE_CURVE('',#1728,#1733,#436,.T.);
#2165=EDGE_CURVE('',#1729,#1734,#437,.T.);
#2166=EDGE_CURVE('',#1735,#1736,#438,.T.);
#2167=EDGE_CURVE('',#1735,#1737,#439,.T.);
#2168=EDGE_CURVE('',#1738,#1737,#440,.T.);
#2169=EDGE_CURVE('',#1736,#1738,#441,.T.);
#2170=EDGE_CURVE('',#1739,#1735,#442,.T.);
#2171=EDGE_CURVE('',#1739,#1740,#443,.T.);
#2172=EDGE_CURVE('',#1737,#1740,#444,.T.);
#2173=EDGE_CURVE('',#1741,#1739,#445,.T.);
#2174=EDGE_CURVE('',#1741,#1742,#446,.T.);
#2175=EDGE_CURVE('',#1740,#1742,#447,.T.);
#2176=EDGE_CURVE('',#1736,#1741,#47,.T.);
#2177=EDGE_CURVE('',#1742,#1738,#48,.T.);
#2178=EDGE_CURVE('',#1743,#1744,#49,.T.);
#2179=EDGE_CURVE('',#1744,#1745,#448,.T.);
#2180=EDGE_CURVE('',#1746,#1745,#50,.T.);
#2181=EDGE_CURVE('',#1743,#1746,#449,.T.);
#2182=EDGE_CURVE('',#1747,#1743,#450,.T.);
#2183=EDGE_CURVE('',#1748,#1746,#451,.T.);
#2184=EDGE_CURVE('',#1747,#1748,#452,.T.);
#2185=EDGE_CURVE('',#1749,#1747,#51,.T.);
#2186=EDGE_CURVE('',#1750,#1748,#52,.T.);
#2187=EDGE_CURVE('',#1749,#1750,#453,.T.);
#2188=EDGE_CURVE('',#1751,#1749,#454,.T.);
#2189=EDGE_CURVE('',#1752,#1750,#455,.T.);
#2190=EDGE_CURVE('',#1751,#1752,#456,.T.);
#2191=EDGE_CURVE('',#1753,#1751,#53,.T.);
#2192=EDGE_CURVE('',#1754,#1752,#54,.T.);
#2193=EDGE_CURVE('',#1753,#1754,#457,.T.);
#2194=EDGE_CURVE('',#1755,#1753,#458,.T.);
#2195=EDGE_CURVE('',#1756,#1754,#459,.T.);
#2196=EDGE_CURVE('',#1755,#1756,#460,.T.);
#2197=EDGE_CURVE('',#1757,#1755,#461,.T.);
#2198=EDGE_CURVE('',#1758,#1756,#462,.T.);
#2199=EDGE_CURVE('',#1757,#1758,#463,.T.);
#2200=EDGE_CURVE('',#1744,#1757,#464,.T.);
#2201=EDGE_CURVE('',#1745,#1758,#465,.T.);
#2202=EDGE_CURVE('',#1759,#1760,#466,.T.);
#2203=EDGE_CURVE('',#1760,#1761,#467,.T.);
#2204=EDGE_CURVE('',#1762,#1761,#468,.T.);
#2205=EDGE_CURVE('',#1759,#1762,#469,.T.);
#2206=EDGE_CURVE('',#1763,#1759,#470,.T.);
#2207=EDGE_CURVE('',#1764,#1762,#471,.T.);
#2208=EDGE_CURVE('',#1763,#1764,#472,.T.);
#2209=EDGE_CURVE('',#1765,#1763,#473,.T.);
#2210=EDGE_CURVE('',#1766,#1764,#474,.T.);
#2211=EDGE_CURVE('',#1765,#1766,#475,.T.);
#2212=EDGE_CURVE('',#1760,#1765,#476,.T.);
#2213=EDGE_CURVE('',#1761,#1766,#477,.T.);
#2214=EDGE_CURVE('',#1767,#1767,#1479,.T.);
#2215=EDGE_CURVE('',#1768,#1768,#1480,.T.);
#2216=EDGE_CURVE('',#1769,#1769,#1481,.T.);
#2217=EDGE_CURVE('',#1770,#1770,#1482,.T.);
#2218=EDGE_CURVE('',#1771,#1772,#55,.T.);
#2219=EDGE_CURVE('',#1772,#1773,#478,.T.);
#2220=EDGE_CURVE('',#1774,#1773,#56,.T.);
#2221=EDGE_CURVE('',#1771,#1774,#479,.T.);
#2222=EDGE_CURVE('',#1775,#1771,#480,.T.);
#2223=EDGE_CURVE('',#1776,#1774,#481,.T.);
#2224=EDGE_CURVE('',#1775,#1776,#482,.T.);
#2225=EDGE_CURVE('',#1777,#1775,#483,.T.);
#2226=EDGE_CURVE('',#1778,#1776,#484,.T.);
#2227=EDGE_CURVE('',#1777,#1778,#485,.T.);
#2228=EDGE_CURVE('',#1779,#1777,#486,.T.);
#2229=EDGE_CURVE('',#1780,#1778,#487,.T.);
#2230=EDGE_CURVE('',#1779,#1780,#488,.T.);
#2231=EDGE_CURVE('',#1781,#1779,#489,.T.);
#2232=EDGE_CURVE('',#1782,#1780,#490,.T.);
#2233=EDGE_CURVE('',#1781,#1782,#491,.T.);
#2234=EDGE_CURVE('',#1783,#1781,#1483,.T.);
#2235=EDGE_CURVE('',#1784,#1782,#1484,.T.);
#2236=EDGE_CURVE('',#1783,#1784,#492,.T.);
#2237=EDGE_CURVE('',#1785,#1783,#493,.T.);
#2238=EDGE_CURVE('',#1786,#1784,#494,.T.);
#2239=EDGE_CURVE('',#1785,#1786,#495,.T.);
#2240=EDGE_CURVE('',#1787,#1785,#57,.T.);
#2241=EDGE_CURVE('',#1788,#1786,#58,.T.);
#2242=EDGE_CURVE('',#1787,#1788,#496,.T.);
#2243=EDGE_CURVE('',#1772,#1787,#497,.T.);
#2244=EDGE_CURVE('',#1773,#1788,#498,.T.);
#2245=EDGE_CURVE('',#1789,#1789,#17,.T.);
#2246=EDGE_CURVE('',#1789,#1790,#499,.T.);
#2247=EDGE_CURVE('',#1790,#1790,#18,.T.);
#2248=EDGE_CURVE('',#1791,#1791,#19,.T.);
#2249=EDGE_CURVE('',#1791,#1792,#500,.T.);
#2250=EDGE_CURVE('',#1792,#1792,#20,.T.);
#2251=ORIENTED_EDGE('',*,*,#1793,.T.);
#2252=ORIENTED_EDGE('',*,*,#1794,.F.);
#2253=ORIENTED_EDGE('',*,*,#1793,.F.);
#2254=ORIENTED_EDGE('',*,*,#1795,.F.);
#2255=ORIENTED_EDGE('',*,*,#1796,.F.);
#2256=ORIENTED_EDGE('',*,*,#1797,.F.);
#2257=ORIENTED_EDGE('',*,*,#1798,.F.);
#2258=ORIENTED_EDGE('',*,*,#1796,.T.);
#2259=ORIENTED_EDGE('',*,*,#1799,.F.);
#2260=ORIENTED_EDGE('',*,*,#1800,.F.);
#2261=ORIENTED_EDGE('',*,*,#1801,.F.);
#2262=ORIENTED_EDGE('',*,*,#1795,.T.);
#2263=ORIENTED_EDGE('',*,*,#1802,.T.);
#2264=ORIENTED_EDGE('',*,*,#1803,.T.);
#2265=ORIENTED_EDGE('',*,*,#1799,.T.);
#2266=ORIENTED_EDGE('',*,*,#1794,.T.);
#2267=ORIENTED_EDGE('',*,*,#1800,.T.);
#2268=ORIENTED_EDGE('',*,*,#1803,.F.);
#2269=ORIENTED_EDGE('',*,*,#1804,.T.);
#2270=ORIENTED_EDGE('',*,*,#1805,.F.);
#2271=ORIENTED_EDGE('',*,*,#1798,.T.);
#2272=ORIENTED_EDGE('',*,*,#1806,.F.);
#2273=ORIENTED_EDGE('',*,*,#1804,.F.);
#2274=ORIENTED_EDGE('',*,*,#1802,.F.);
#2275=ORIENTED_EDGE('',*,*,#1797,.T.);
#2276=ORIENTED_EDGE('',*,*,#1801,.T.);
#2277=ORIENTED_EDGE('',*,*,#1805,.T.);
#2278=ORIENTED_EDGE('',*,*,#1806,.T.);
#2279=ORIENTED_EDGE('',*,*,#1807,.F.);
#2280=ORIENTED_EDGE('',*,*,#1808,.T.);
#2281=ORIENTED_EDGE('',*,*,#1809,.F.);
#2282=ORIENTED_EDGE('',*,*,#1810,.F.);
#2283=ORIENTED_EDGE('',*,*,#1811,.F.);
#2284=ORIENTED_EDGE('',*,*,#1810,.T.);
#2285=ORIENTED_EDGE('',*,*,#1812,.F.);
#2286=ORIENTED_EDGE('',*,*,#1813,.F.);
#2287=ORIENTED_EDGE('',*,*,#1814,.F.);
#2288=ORIENTED_EDGE('',*,*,#1813,.T.);
#2289=ORIENTED_EDGE('',*,*,#1815,.F.);
#2290=ORIENTED_EDGE('',*,*,#1816,.F.);
#2291=ORIENTED_EDGE('',*,*,#1817,.F.);
#2292=ORIENTED_EDGE('',*,*,#1816,.T.);
#2293=ORIENTED_EDGE('',*,*,#1818,.F.);
#2294=ORIENTED_EDGE('',*,*,#1819,.F.);
#2295=ORIENTED_EDGE('',*,*,#1820,.F.);
#2296=ORIENTED_EDGE('',*,*,#1819,.T.);
#2297=ORIENTED_EDGE('',*,*,#1821,.F.);
#2298=ORIENTED_EDGE('',*,*,#1822,.F.);
#2299=ORIENTED_EDGE('',*,*,#1823,.F.);
#2300=ORIENTED_EDGE('',*,*,#1822,.T.);
#2301=ORIENTED_EDGE('',*,*,#1824,.F.);
#2302=ORIENTED_EDGE('',*,*,#1825,.F.);
#2303=ORIENTED_EDGE('',*,*,#1826,.F.);
#2304=ORIENTED_EDGE('',*,*,#1825,.T.);
#2305=ORIENTED_EDGE('',*,*,#1827,.F.);
#2306=ORIENTED_EDGE('',*,*,#1828,.F.);
#2307=ORIENTED_EDGE('',*,*,#1829,.F.);
#2308=ORIENTED_EDGE('',*,*,#1828,.T.);
#2309=ORIENTED_EDGE('',*,*,#1830,.F.);
#2310=ORIENTED_EDGE('',*,*,#1831,.F.);
#2311=ORIENTED_EDGE('',*,*,#1832,.F.);
#2312=ORIENTED_EDGE('',*,*,#1831,.T.);
#2313=ORIENTED_EDGE('',*,*,#1833,.F.);
#2314=ORIENTED_EDGE('',*,*,#1834,.F.);
#2315=ORIENTED_EDGE('',*,*,#1835,.F.);
#2316=ORIENTED_EDGE('',*,*,#1834,.T.);
#2317=ORIENTED_EDGE('',*,*,#1836,.F.);
#2318=ORIENTED_EDGE('',*,*,#1837,.F.);
#2319=ORIENTED_EDGE('',*,*,#1838,.F.);
#2320=ORIENTED_EDGE('',*,*,#1837,.T.);
#2321=ORIENTED_EDGE('',*,*,#1839,.F.);
#2322=ORIENTED_EDGE('',*,*,#1840,.F.);
#2323=ORIENTED_EDGE('',*,*,#1841,.F.);
#2324=ORIENTED_EDGE('',*,*,#1840,.T.);
#2325=ORIENTED_EDGE('',*,*,#1842,.F.);
#2326=ORIENTED_EDGE('',*,*,#1843,.F.);
#2327=ORIENTED_EDGE('',*,*,#1844,.F.);
#2328=ORIENTED_EDGE('',*,*,#1843,.T.);
#2329=ORIENTED_EDGE('',*,*,#1845,.F.);
#2330=ORIENTED_EDGE('',*,*,#1846,.F.);
#2331=ORIENTED_EDGE('',*,*,#1847,.F.);
#2332=ORIENTED_EDGE('',*,*,#1846,.T.);
#2333=ORIENTED_EDGE('',*,*,#1848,.F.);
#2334=ORIENTED_EDGE('',*,*,#1849,.F.);
#2335=ORIENTED_EDGE('',*,*,#1850,.F.);
#2336=ORIENTED_EDGE('',*,*,#1849,.T.);
#2337=ORIENTED_EDGE('',*,*,#1851,.F.);
#2338=ORIENTED_EDGE('',*,*,#1852,.F.);
#2339=ORIENTED_EDGE('',*,*,#1853,.F.);
#2340=ORIENTED_EDGE('',*,*,#1852,.T.);
#2341=ORIENTED_EDGE('',*,*,#1854,.F.);
#2342=ORIENTED_EDGE('',*,*,#1808,.F.);
#2343=ORIENTED_EDGE('',*,*,#1853,.T.);
#2344=ORIENTED_EDGE('',*,*,#1807,.T.);
#2345=ORIENTED_EDGE('',*,*,#1811,.T.);
#2346=ORIENTED_EDGE('',*,*,#1814,.T.);
#2347=ORIENTED_EDGE('',*,*,#1817,.T.);
#2348=ORIENTED_EDGE('',*,*,#1820,.T.);
#2349=ORIENTED_EDGE('',*,*,#1823,.T.);
#2350=ORIENTED_EDGE('',*,*,#1826,.T.);
#2351=ORIENTED_EDGE('',*,*,#1829,.T.);
#2352=ORIENTED_EDGE('',*,*,#1832,.T.);
#2353=ORIENTED_EDGE('',*,*,#1835,.T.);
#2354=ORIENTED_EDGE('',*,*,#1838,.T.);
#2355=ORIENTED_EDGE('',*,*,#1841,.T.);
#2356=ORIENTED_EDGE('',*,*,#1844,.T.);
#2357=ORIENTED_EDGE('',*,*,#1847,.T.);
#2358=ORIENTED_EDGE('',*,*,#1850,.T.);
#2359=ORIENTED_EDGE('',*,*,#1854,.T.);
#2360=ORIENTED_EDGE('',*,*,#1851,.T.);
#2361=ORIENTED_EDGE('',*,*,#1848,.T.);
#2362=ORIENTED_EDGE('',*,*,#1845,.T.);
#2363=ORIENTED_EDGE('',*,*,#1842,.T.);
#2364=ORIENTED_EDGE('',*,*,#1839,.T.);
#2365=ORIENTED_EDGE('',*,*,#1836,.T.);
#2366=ORIENTED_EDGE('',*,*,#1833,.T.);
#2367=ORIENTED_EDGE('',*,*,#1830,.T.);
#2368=ORIENTED_EDGE('',*,*,#1827,.T.);
#2369=ORIENTED_EDGE('',*,*,#1824,.T.);
#2370=ORIENTED_EDGE('',*,*,#1821,.T.);
#2371=ORIENTED_EDGE('',*,*,#1818,.T.);
#2372=ORIENTED_EDGE('',*,*,#1815,.T.);
#2373=ORIENTED_EDGE('',*,*,#1812,.T.);
#2374=ORIENTED_EDGE('',*,*,#1809,.T.);
#2375=ORIENTED_EDGE('',*,*,#1855,.F.);
#2376=ORIENTED_EDGE('',*,*,#1856,.T.);
#2377=ORIENTED_EDGE('',*,*,#1857,.F.);
#2378=ORIENTED_EDGE('',*,*,#1858,.F.);
#2379=ORIENTED_EDGE('',*,*,#1859,.F.);
#2380=ORIENTED_EDGE('',*,*,#1858,.T.);
#2381=ORIENTED_EDGE('',*,*,#1860,.F.);
#2382=ORIENTED_EDGE('',*,*,#1861,.F.);
#2383=ORIENTED_EDGE('',*,*,#1862,.F.);
#2384=ORIENTED_EDGE('',*,*,#1861,.T.);
#2385=ORIENTED_EDGE('',*,*,#1863,.F.);
#2386=ORIENTED_EDGE('',*,*,#1864,.F.);
#2387=ORIENTED_EDGE('',*,*,#1865,.F.);
#2388=ORIENTED_EDGE('',*,*,#1864,.T.);
#2389=ORIENTED_EDGE('',*,*,#1866,.F.);
#2390=ORIENTED_EDGE('',*,*,#1867,.F.);
#2391=ORIENTED_EDGE('',*,*,#1868,.F.);
#2392=ORIENTED_EDGE('',*,*,#1867,.T.);
#2393=ORIENTED_EDGE('',*,*,#1869,.F.);
#2394=ORIENTED_EDGE('',*,*,#1870,.F.);
#2395=ORIENTED_EDGE('',*,*,#1871,.F.);
#2396=ORIENTED_EDGE('',*,*,#1870,.T.);
#2397=ORIENTED_EDGE('',*,*,#1872,.F.);
#2398=ORIENTED_EDGE('',*,*,#1873,.F.);
#2399=ORIENTED_EDGE('',*,*,#1874,.F.);
#2400=ORIENTED_EDGE('',*,*,#1873,.T.);
#2401=ORIENTED_EDGE('',*,*,#1875,.F.);
#2402=ORIENTED_EDGE('',*,*,#1876,.F.);
#2403=ORIENTED_EDGE('',*,*,#1877,.F.);
#2404=ORIENTED_EDGE('',*,*,#1876,.T.);
#2405=ORIENTED_EDGE('',*,*,#1878,.F.);
#2406=ORIENTED_EDGE('',*,*,#1856,.F.);
#2407=ORIENTED_EDGE('',*,*,#1877,.T.);
#2408=ORIENTED_EDGE('',*,*,#1855,.T.);
#2409=ORIENTED_EDGE('',*,*,#1859,.T.);
#2410=ORIENTED_EDGE('',*,*,#1862,.T.);
#2411=ORIENTED_EDGE('',*,*,#1865,.T.);
#2412=ORIENTED_EDGE('',*,*,#1868,.T.);
#2413=ORIENTED_EDGE('',*,*,#1871,.T.);
#2414=ORIENTED_EDGE('',*,*,#1874,.T.);
#2415=ORIENTED_EDGE('',*,*,#1878,.T.);
#2416=ORIENTED_EDGE('',*,*,#1875,.T.);
#2417=ORIENTED_EDGE('',*,*,#1872,.T.);
#2418=ORIENTED_EDGE('',*,*,#1869,.T.);
#2419=ORIENTED_EDGE('',*,*,#1866,.T.);
#2420=ORIENTED_EDGE('',*,*,#1863,.T.);
#2421=ORIENTED_EDGE('',*,*,#1860,.T.);
#2422=ORIENTED_EDGE('',*,*,#1857,.T.);
#2423=ORIENTED_EDGE('',*,*,#1879,.F.);
#2424=ORIENTED_EDGE('',*,*,#1880,.T.);
#2425=ORIENTED_EDGE('',*,*,#1881,.F.);
#2426=ORIENTED_EDGE('',*,*,#1882,.F.);
#2427=ORIENTED_EDGE('',*,*,#1883,.F.);
#2428=ORIENTED_EDGE('',*,*,#1882,.T.);
#2429=ORIENTED_EDGE('',*,*,#1884,.F.);
#2430=ORIENTED_EDGE('',*,*,#1885,.F.);
#2431=ORIENTED_EDGE('',*,*,#1886,.F.);
#2432=ORIENTED_EDGE('',*,*,#1885,.T.);
#2433=ORIENTED_EDGE('',*,*,#1887,.F.);
#2434=ORIENTED_EDGE('',*,*,#1888,.F.);
#2435=ORIENTED_EDGE('',*,*,#1889,.F.);
#2436=ORIENTED_EDGE('',*,*,#1888,.T.);
#2437=ORIENTED_EDGE('',*,*,#1890,.F.);
#2438=ORIENTED_EDGE('',*,*,#1891,.F.);
#2439=ORIENTED_EDGE('',*,*,#1892,.F.);
#2440=ORIENTED_EDGE('',*,*,#1891,.T.);
#2441=ORIENTED_EDGE('',*,*,#1893,.F.);
#2442=ORIENTED_EDGE('',*,*,#1894,.F.);
#2443=ORIENTED_EDGE('',*,*,#1895,.F.);
#2444=ORIENTED_EDGE('',*,*,#1894,.T.);
#2445=ORIENTED_EDGE('',*,*,#1896,.F.);
#2446=ORIENTED_EDGE('',*,*,#1897,.F.);
#2447=ORIENTED_EDGE('',*,*,#1898,.F.);
#2448=ORIENTED_EDGE('',*,*,#1897,.T.);
#2449=ORIENTED_EDGE('',*,*,#1899,.F.);
#2450=ORIENTED_EDGE('',*,*,#1900,.F.);
#2451=ORIENTED_EDGE('',*,*,#1901,.F.);
#2452=ORIENTED_EDGE('',*,*,#1900,.T.);
#2453=ORIENTED_EDGE('',*,*,#1902,.F.);
#2454=ORIENTED_EDGE('',*,*,#1903,.F.);
#2455=ORIENTED_EDGE('',*,*,#1904,.F.);
#2456=ORIENTED_EDGE('',*,*,#1903,.T.);
#2457=ORIENTED_EDGE('',*,*,#1905,.F.);
#2458=ORIENTED_EDGE('',*,*,#1906,.F.);
#2459=ORIENTED_EDGE('',*,*,#1907,.F.);
#2460=ORIENTED_EDGE('',*,*,#1906,.T.);
#2461=ORIENTED_EDGE('',*,*,#1908,.F.);
#2462=ORIENTED_EDGE('',*,*,#1909,.F.);
#2463=ORIENTED_EDGE('',*,*,#1910,.F.);
#2464=ORIENTED_EDGE('',*,*,#1909,.T.);
#2465=ORIENTED_EDGE('',*,*,#1911,.F.);
#2466=ORIENTED_EDGE('',*,*,#1912,.F.);
#2467=ORIENTED_EDGE('',*,*,#1913,.F.);
#2468=ORIENTED_EDGE('',*,*,#1912,.T.);
#2469=ORIENTED_EDGE('',*,*,#1914,.F.);
#2470=ORIENTED_EDGE('',*,*,#1915,.F.);
#2471=ORIENTED_EDGE('',*,*,#1916,.F.);
#2472=ORIENTED_EDGE('',*,*,#1915,.T.);
#2473=ORIENTED_EDGE('',*,*,#1917,.F.);
#2474=ORIENTED_EDGE('',*,*,#1918,.F.);
#2475=ORIENTED_EDGE('',*,*,#1919,.F.);
#2476=ORIENTED_EDGE('',*,*,#1918,.T.);
#2477=ORIENTED_EDGE('',*,*,#1920,.F.);
#2478=ORIENTED_EDGE('',*,*,#1921,.F.);
#2479=ORIENTED_EDGE('',*,*,#1922,.F.);
#2480=ORIENTED_EDGE('',*,*,#1921,.T.);
#2481=ORIENTED_EDGE('',*,*,#1923,.F.);
#2482=ORIENTED_EDGE('',*,*,#1924,.F.);
#2483=ORIENTED_EDGE('',*,*,#1925,.F.);
#2484=ORIENTED_EDGE('',*,*,#1924,.T.);
#2485=ORIENTED_EDGE('',*,*,#1926,.F.);
#2486=ORIENTED_EDGE('',*,*,#1927,.F.);
#2487=ORIENTED_EDGE('',*,*,#1928,.F.);
#2488=ORIENTED_EDGE('',*,*,#1927,.T.);
#2489=ORIENTED_EDGE('',*,*,#1929,.F.);
#2490=ORIENTED_EDGE('',*,*,#1930,.F.);
#2491=ORIENTED_EDGE('',*,*,#1931,.F.);
#2492=ORIENTED_EDGE('',*,*,#1930,.T.);
#2493=ORIENTED_EDGE('',*,*,#1932,.F.);
#2494=ORIENTED_EDGE('',*,*,#1933,.F.);
#2495=ORIENTED_EDGE('',*,*,#1934,.F.);
#2496=ORIENTED_EDGE('',*,*,#1933,.T.);
#2497=ORIENTED_EDGE('',*,*,#1935,.F.);
#2498=ORIENTED_EDGE('',*,*,#1936,.F.);
#2499=ORIENTED_EDGE('',*,*,#1937,.F.);
#2500=ORIENTED_EDGE('',*,*,#1936,.T.);
#2501=ORIENTED_EDGE('',*,*,#1938,.F.);
#2502=ORIENTED_EDGE('',*,*,#1939,.F.);
#2503=ORIENTED_EDGE('',*,*,#1940,.F.);
#2504=ORIENTED_EDGE('',*,*,#1939,.T.);
#2505=ORIENTED_EDGE('',*,*,#1941,.F.);
#2506=ORIENTED_EDGE('',*,*,#1942,.F.);
#2507=ORIENTED_EDGE('',*,*,#1943,.F.);
#2508=ORIENTED_EDGE('',*,*,#1942,.T.);
#2509=ORIENTED_EDGE('',*,*,#1944,.F.);
#2510=ORIENTED_EDGE('',*,*,#1945,.F.);
#2511=ORIENTED_EDGE('',*,*,#1946,.F.);
#2512=ORIENTED_EDGE('',*,*,#1945,.T.);
#2513=ORIENTED_EDGE('',*,*,#1947,.F.);
#2514=ORIENTED_EDGE('',*,*,#1948,.F.);
#2515=ORIENTED_EDGE('',*,*,#1949,.F.);
#2516=ORIENTED_EDGE('',*,*,#1948,.T.);
#2517=ORIENTED_EDGE('',*,*,#1950,.F.);
#2518=ORIENTED_EDGE('',*,*,#1951,.F.);
#2519=ORIENTED_EDGE('',*,*,#1952,.F.);
#2520=ORIENTED_EDGE('',*,*,#1951,.T.);
#2521=ORIENTED_EDGE('',*,*,#1953,.F.);
#2522=ORIENTED_EDGE('',*,*,#1954,.F.);
#2523=ORIENTED_EDGE('',*,*,#1955,.F.);
#2524=ORIENTED_EDGE('',*,*,#1954,.T.);
#2525=ORIENTED_EDGE('',*,*,#1956,.F.);
#2526=ORIENTED_EDGE('',*,*,#1957,.F.);
#2527=ORIENTED_EDGE('',*,*,#1958,.F.);
#2528=ORIENTED_EDGE('',*,*,#1957,.T.);
#2529=ORIENTED_EDGE('',*,*,#1959,.F.);
#2530=ORIENTED_EDGE('',*,*,#1960,.F.);
#2531=ORIENTED_EDGE('',*,*,#1961,.F.);
#2532=ORIENTED_EDGE('',*,*,#1960,.T.);
#2533=ORIENTED_EDGE('',*,*,#1962,.F.);
#2534=ORIENTED_EDGE('',*,*,#1880,.F.);
#2535=ORIENTED_EDGE('',*,*,#1961,.T.);
#2536=ORIENTED_EDGE('',*,*,#1879,.T.);
#2537=ORIENTED_EDGE('',*,*,#1883,.T.);
#2538=ORIENTED_EDGE('',*,*,#1886,.T.);
#2539=ORIENTED_EDGE('',*,*,#1889,.T.);
#2540=ORIENTED_EDGE('',*,*,#1892,.T.);
#2541=ORIENTED_EDGE('',*,*,#1895,.T.);
#2542=ORIENTED_EDGE('',*,*,#1898,.T.);
#2543=ORIENTED_EDGE('',*,*,#1901,.T.);
#2544=ORIENTED_EDGE('',*,*,#1904,.T.);
#2545=ORIENTED_EDGE('',*,*,#1907,.T.);
#2546=ORIENTED_EDGE('',*,*,#1910,.T.);
#2547=ORIENTED_EDGE('',*,*,#1913,.T.);
#2548=ORIENTED_EDGE('',*,*,#1916,.T.);
#2549=ORIENTED_EDGE('',*,*,#1919,.T.);
#2550=ORIENTED_EDGE('',*,*,#1922,.T.);
#2551=ORIENTED_EDGE('',*,*,#1925,.T.);
#2552=ORIENTED_EDGE('',*,*,#1928,.T.);
#2553=ORIENTED_EDGE('',*,*,#1931,.T.);
#2554=ORIENTED_EDGE('',*,*,#1934,.T.);
#2555=ORIENTED_EDGE('',*,*,#1937,.T.);
#2556=ORIENTED_EDGE('',*,*,#1940,.T.);
#2557=ORIENTED_EDGE('',*,*,#1943,.T.);
#2558=ORIENTED_EDGE('',*,*,#1946,.T.);
#2559=ORIENTED_EDGE('',*,*,#1949,.T.);
#2560=ORIENTED_EDGE('',*,*,#1952,.T.);
#2561=ORIENTED_EDGE('',*,*,#1955,.T.);
#2562=ORIENTED_EDGE('',*,*,#1958,.T.);
#2563=ORIENTED_EDGE('',*,*,#1962,.T.);
#2564=ORIENTED_EDGE('',*,*,#1959,.T.);
#2565=ORIENTED_EDGE('',*,*,#1956,.T.);
#2566=ORIENTED_EDGE('',*,*,#1953,.T.);
#2567=ORIENTED_EDGE('',*,*,#1950,.T.);
#2568=ORIENTED_EDGE('',*,*,#1947,.T.);
#2569=ORIENTED_EDGE('',*,*,#1944,.T.);
#2570=ORIENTED_EDGE('',*,*,#1941,.T.);
#2571=ORIENTED_EDGE('',*,*,#1938,.T.);
#2572=ORIENTED_EDGE('',*,*,#1935,.T.);
#2573=ORIENTED_EDGE('',*,*,#1932,.T.);
#2574=ORIENTED_EDGE('',*,*,#1929,.T.);
#2575=ORIENTED_EDGE('',*,*,#1926,.T.);
#2576=ORIENTED_EDGE('',*,*,#1923,.T.);
#2577=ORIENTED_EDGE('',*,*,#1920,.T.);
#2578=ORIENTED_EDGE('',*,*,#1917,.T.);
#2579=ORIENTED_EDGE('',*,*,#1914,.T.);
#2580=ORIENTED_EDGE('',*,*,#1911,.T.);
#2581=ORIENTED_EDGE('',*,*,#1908,.T.);
#2582=ORIENTED_EDGE('',*,*,#1905,.T.);
#2583=ORIENTED_EDGE('',*,*,#1902,.T.);
#2584=ORIENTED_EDGE('',*,*,#1899,.T.);
#2585=ORIENTED_EDGE('',*,*,#1896,.T.);
#2586=ORIENTED_EDGE('',*,*,#1893,.T.);
#2587=ORIENTED_EDGE('',*,*,#1890,.T.);
#2588=ORIENTED_EDGE('',*,*,#1887,.T.);
#2589=ORIENTED_EDGE('',*,*,#1884,.T.);
#2590=ORIENTED_EDGE('',*,*,#1881,.T.);
#2591=ORIENTED_EDGE('',*,*,#1963,.F.);
#2592=ORIENTED_EDGE('',*,*,#1964,.T.);
#2593=ORIENTED_EDGE('',*,*,#1965,.F.);
#2594=ORIENTED_EDGE('',*,*,#1966,.F.);
#2595=ORIENTED_EDGE('',*,*,#1967,.F.);
#2596=ORIENTED_EDGE('',*,*,#1966,.T.);
#2597=ORIENTED_EDGE('',*,*,#1968,.F.);
#2598=ORIENTED_EDGE('',*,*,#1969,.F.);
#2599=ORIENTED_EDGE('',*,*,#1970,.F.);
#2600=ORIENTED_EDGE('',*,*,#1969,.T.);
#2601=ORIENTED_EDGE('',*,*,#1971,.F.);
#2602=ORIENTED_EDGE('',*,*,#1972,.F.);
#2603=ORIENTED_EDGE('',*,*,#1973,.F.);
#2604=ORIENTED_EDGE('',*,*,#1972,.T.);
#2605=ORIENTED_EDGE('',*,*,#1974,.F.);
#2606=ORIENTED_EDGE('',*,*,#1964,.F.);
#2607=ORIENTED_EDGE('',*,*,#1973,.T.);
#2608=ORIENTED_EDGE('',*,*,#1963,.T.);
#2609=ORIENTED_EDGE('',*,*,#1967,.T.);
#2610=ORIENTED_EDGE('',*,*,#1970,.T.);
#2611=ORIENTED_EDGE('',*,*,#1974,.T.);
#2612=ORIENTED_EDGE('',*,*,#1971,.T.);
#2613=ORIENTED_EDGE('',*,*,#1968,.T.);
#2614=ORIENTED_EDGE('',*,*,#1965,.T.);
#2615=ORIENTED_EDGE('',*,*,#1975,.F.);
#2616=ORIENTED_EDGE('',*,*,#1976,.T.);
#2617=ORIENTED_EDGE('',*,*,#1977,.F.);
#2618=ORIENTED_EDGE('',*,*,#1978,.F.);
#2619=ORIENTED_EDGE('',*,*,#1979,.F.);
#2620=ORIENTED_EDGE('',*,*,#1978,.T.);
#2621=ORIENTED_EDGE('',*,*,#1980,.F.);
#2622=ORIENTED_EDGE('',*,*,#1981,.F.);
#2623=ORIENTED_EDGE('',*,*,#1982,.F.);
#2624=ORIENTED_EDGE('',*,*,#1981,.T.);
#2625=ORIENTED_EDGE('',*,*,#1983,.F.);
#2626=ORIENTED_EDGE('',*,*,#1984,.F.);
#2627=ORIENTED_EDGE('',*,*,#1985,.F.);
#2628=ORIENTED_EDGE('',*,*,#1984,.T.);
#2629=ORIENTED_EDGE('',*,*,#1986,.F.);
#2630=ORIENTED_EDGE('',*,*,#1976,.F.);
#2631=ORIENTED_EDGE('',*,*,#1985,.T.);
#2632=ORIENTED_EDGE('',*,*,#1975,.T.);
#2633=ORIENTED_EDGE('',*,*,#1979,.T.);
#2634=ORIENTED_EDGE('',*,*,#1982,.T.);
#2635=ORIENTED_EDGE('',*,*,#1986,.T.);
#2636=ORIENTED_EDGE('',*,*,#1983,.T.);
#2637=ORIENTED_EDGE('',*,*,#1980,.T.);
#2638=ORIENTED_EDGE('',*,*,#1977,.T.);
#2639=ORIENTED_EDGE('',*,*,#1987,.F.);
#2640=ORIENTED_EDGE('',*,*,#1988,.T.);
#2641=ORIENTED_EDGE('',*,*,#1989,.F.);
#2642=ORIENTED_EDGE('',*,*,#1990,.F.);
#2643=ORIENTED_EDGE('',*,*,#1991,.F.);
#2644=ORIENTED_EDGE('',*,*,#1990,.T.);
#2645=ORIENTED_EDGE('',*,*,#1992,.F.);
#2646=ORIENTED_EDGE('',*,*,#1993,.F.);
#2647=ORIENTED_EDGE('',*,*,#1994,.F.);
#2648=ORIENTED_EDGE('',*,*,#1993,.T.);
#2649=ORIENTED_EDGE('',*,*,#1995,.F.);
#2650=ORIENTED_EDGE('',*,*,#1996,.F.);
#2651=ORIENTED_EDGE('',*,*,#1997,.F.);
#2652=ORIENTED_EDGE('',*,*,#1996,.T.);
#2653=ORIENTED_EDGE('',*,*,#1998,.F.);
#2654=ORIENTED_EDGE('',*,*,#1988,.F.);
#2655=ORIENTED_EDGE('',*,*,#1997,.T.);
#2656=ORIENTED_EDGE('',*,*,#1987,.T.);
#2657=ORIENTED_EDGE('',*,*,#1991,.T.);
#2658=ORIENTED_EDGE('',*,*,#1994,.T.);
#2659=ORIENTED_EDGE('',*,*,#1998,.T.);
#2660=ORIENTED_EDGE('',*,*,#1995,.T.);
#2661=ORIENTED_EDGE('',*,*,#1992,.T.);
#2662=ORIENTED_EDGE('',*,*,#1989,.T.);
#2663=ORIENTED_EDGE('',*,*,#1999,.F.);
#2664=ORIENTED_EDGE('',*,*,#2000,.F.);
#2665=ORIENTED_EDGE('',*,*,#2000,.T.);
#2666=ORIENTED_EDGE('',*,*,#1999,.T.);
#2667=ORIENTED_EDGE('',*,*,#2001,.T.);
#2668=ORIENTED_EDGE('',*,*,#2002,.T.);
#2669=ORIENTED_EDGE('',*,*,#2003,.F.);
#2670=ORIENTED_EDGE('',*,*,#2004,.F.);
#2671=ORIENTED_EDGE('',*,*,#2005,.T.);
#2672=ORIENTED_EDGE('',*,*,#2004,.T.);
#2673=ORIENTED_EDGE('',*,*,#2006,.F.);
#2674=ORIENTED_EDGE('',*,*,#2007,.F.);
#2675=ORIENTED_EDGE('',*,*,#2008,.T.);
#2676=ORIENTED_EDGE('',*,*,#2007,.T.);
#2677=ORIENTED_EDGE('',*,*,#2009,.F.);
#2678=ORIENTED_EDGE('',*,*,#2010,.F.);
#2679=ORIENTED_EDGE('',*,*,#2011,.T.);
#2680=ORIENTED_EDGE('',*,*,#2010,.T.);
#2681=ORIENTED_EDGE('',*,*,#2012,.F.);
#2682=ORIENTED_EDGE('',*,*,#2013,.F.);
#2683=ORIENTED_EDGE('',*,*,#2014,.T.);
#2684=ORIENTED_EDGE('',*,*,#2013,.T.);
#2685=ORIENTED_EDGE('',*,*,#2015,.F.);
#2686=ORIENTED_EDGE('',*,*,#2016,.F.);
#2687=ORIENTED_EDGE('',*,*,#2017,.T.);
#2688=ORIENTED_EDGE('',*,*,#2016,.T.);
#2689=ORIENTED_EDGE('',*,*,#2018,.F.);
#2690=ORIENTED_EDGE('',*,*,#2019,.F.);
#2691=ORIENTED_EDGE('',*,*,#2020,.T.);
#2692=ORIENTED_EDGE('',*,*,#2019,.T.);
#2693=ORIENTED_EDGE('',*,*,#2021,.F.);
#2694=ORIENTED_EDGE('',*,*,#2022,.F.);
#2695=ORIENTED_EDGE('',*,*,#2023,.T.);
#2696=ORIENTED_EDGE('',*,*,#2022,.T.);
#2697=ORIENTED_EDGE('',*,*,#2024,.F.);
#2698=ORIENTED_EDGE('',*,*,#2025,.F.);
#2699=ORIENTED_EDGE('',*,*,#2026,.T.);
#2700=ORIENTED_EDGE('',*,*,#2025,.T.);
#2701=ORIENTED_EDGE('',*,*,#2027,.F.);
#2702=ORIENTED_EDGE('',*,*,#2028,.F.);
#2703=ORIENTED_EDGE('',*,*,#2029,.T.);
#2704=ORIENTED_EDGE('',*,*,#2028,.T.);
#2705=ORIENTED_EDGE('',*,*,#2030,.F.);
#2706=ORIENTED_EDGE('',*,*,#2031,.F.);
#2707=ORIENTED_EDGE('',*,*,#2032,.T.);
#2708=ORIENTED_EDGE('',*,*,#2031,.T.);
#2709=ORIENTED_EDGE('',*,*,#2033,.F.);
#2710=ORIENTED_EDGE('',*,*,#2002,.F.);
#2711=ORIENTED_EDGE('',*,*,#2033,.T.);
#2712=ORIENTED_EDGE('',*,*,#2030,.T.);
#2713=ORIENTED_EDGE('',*,*,#2027,.T.);
#2714=ORIENTED_EDGE('',*,*,#2024,.T.);
#2715=ORIENTED_EDGE('',*,*,#2021,.T.);
#2716=ORIENTED_EDGE('',*,*,#2018,.T.);
#2717=ORIENTED_EDGE('',*,*,#2015,.T.);
#2718=ORIENTED_EDGE('',*,*,#2012,.T.);
#2719=ORIENTED_EDGE('',*,*,#2009,.T.);
#2720=ORIENTED_EDGE('',*,*,#2006,.T.);
#2721=ORIENTED_EDGE('',*,*,#2003,.T.);
#2722=ORIENTED_EDGE('',*,*,#2032,.F.);
#2723=ORIENTED_EDGE('',*,*,#2001,.F.);
#2724=ORIENTED_EDGE('',*,*,#2005,.F.);
#2725=ORIENTED_EDGE('',*,*,#2008,.F.);
#2726=ORIENTED_EDGE('',*,*,#2011,.F.);
#2727=ORIENTED_EDGE('',*,*,#2014,.F.);
#2728=ORIENTED_EDGE('',*,*,#2017,.F.);
#2729=ORIENTED_EDGE('',*,*,#2020,.F.);
#2730=ORIENTED_EDGE('',*,*,#2023,.F.);
#2731=ORIENTED_EDGE('',*,*,#2026,.F.);
#2732=ORIENTED_EDGE('',*,*,#2029,.F.);
#2733=ORIENTED_EDGE('',*,*,#2034,.T.);
#2734=ORIENTED_EDGE('',*,*,#2035,.T.);
#2735=ORIENTED_EDGE('',*,*,#2036,.F.);
#2736=ORIENTED_EDGE('',*,*,#2037,.F.);
#2737=ORIENTED_EDGE('',*,*,#2038,.T.);
#2738=ORIENTED_EDGE('',*,*,#2037,.T.);
#2739=ORIENTED_EDGE('',*,*,#2039,.F.);
#2740=ORIENTED_EDGE('',*,*,#2040,.F.);
#2741=ORIENTED_EDGE('',*,*,#2041,.T.);
#2742=ORIENTED_EDGE('',*,*,#2040,.T.);
#2743=ORIENTED_EDGE('',*,*,#2042,.F.);
#2744=ORIENTED_EDGE('',*,*,#2043,.F.);
#2745=ORIENTED_EDGE('',*,*,#2044,.T.);
#2746=ORIENTED_EDGE('',*,*,#2043,.T.);
#2747=ORIENTED_EDGE('',*,*,#2045,.F.);
#2748=ORIENTED_EDGE('',*,*,#2046,.F.);
#2749=ORIENTED_EDGE('',*,*,#2047,.T.);
#2750=ORIENTED_EDGE('',*,*,#2046,.T.);
#2751=ORIENTED_EDGE('',*,*,#2048,.F.);
#2752=ORIENTED_EDGE('',*,*,#2049,.F.);
#2753=ORIENTED_EDGE('',*,*,#2050,.T.);
#2754=ORIENTED_EDGE('',*,*,#2049,.T.);
#2755=ORIENTED_EDGE('',*,*,#2051,.F.);
#2756=ORIENTED_EDGE('',*,*,#2052,.F.);
#2757=ORIENTED_EDGE('',*,*,#2053,.T.);
#2758=ORIENTED_EDGE('',*,*,#2052,.T.);
#2759=ORIENTED_EDGE('',*,*,#2054,.F.);
#2760=ORIENTED_EDGE('',*,*,#2055,.F.);
#2761=ORIENTED_EDGE('',*,*,#2056,.T.);
#2762=ORIENTED_EDGE('',*,*,#2055,.T.);
#2763=ORIENTED_EDGE('',*,*,#2057,.F.);
#2764=ORIENTED_EDGE('',*,*,#2058,.F.);
#2765=ORIENTED_EDGE('',*,*,#2059,.T.);
#2766=ORIENTED_EDGE('',*,*,#2058,.T.);
#2767=ORIENTED_EDGE('',*,*,#2060,.F.);
#2768=ORIENTED_EDGE('',*,*,#2061,.F.);
#2769=ORIENTED_EDGE('',*,*,#2062,.T.);
#2770=ORIENTED_EDGE('',*,*,#2061,.T.);
#2771=ORIENTED_EDGE('',*,*,#2063,.F.);
#2772=ORIENTED_EDGE('',*,*,#2064,.F.);
#2773=ORIENTED_EDGE('',*,*,#2065,.T.);
#2774=ORIENTED_EDGE('',*,*,#2064,.T.);
#2775=ORIENTED_EDGE('',*,*,#2066,.F.);
#2776=ORIENTED_EDGE('',*,*,#2035,.F.);
#2777=ORIENTED_EDGE('',*,*,#2066,.T.);
#2778=ORIENTED_EDGE('',*,*,#2063,.T.);
#2779=ORIENTED_EDGE('',*,*,#2060,.T.);
#2780=ORIENTED_EDGE('',*,*,#2057,.T.);
#2781=ORIENTED_EDGE('',*,*,#2054,.T.);
#2782=ORIENTED_EDGE('',*,*,#2051,.T.);
#2783=ORIENTED_EDGE('',*,*,#2048,.T.);
#2784=ORIENTED_EDGE('',*,*,#2045,.T.);
#2785=ORIENTED_EDGE('',*,*,#2042,.T.);
#2786=ORIENTED_EDGE('',*,*,#2039,.T.);
#2787=ORIENTED_EDGE('',*,*,#2036,.T.);
#2788=ORIENTED_EDGE('',*,*,#2065,.F.);
#2789=ORIENTED_EDGE('',*,*,#2034,.F.);
#2790=ORIENTED_EDGE('',*,*,#2038,.F.);
#2791=ORIENTED_EDGE('',*,*,#2041,.F.);
#2792=ORIENTED_EDGE('',*,*,#2044,.F.);
#2793=ORIENTED_EDGE('',*,*,#2047,.F.);
#2794=ORIENTED_EDGE('',*,*,#2050,.F.);
#2795=ORIENTED_EDGE('',*,*,#2053,.F.);
#2796=ORIENTED_EDGE('',*,*,#2056,.F.);
#2797=ORIENTED_EDGE('',*,*,#2059,.F.);
#2798=ORIENTED_EDGE('',*,*,#2062,.F.);
#2799=ORIENTED_EDGE('',*,*,#2067,.T.);
#2800=ORIENTED_EDGE('',*,*,#2068,.T.);
#2801=ORIENTED_EDGE('',*,*,#2069,.F.);
#2802=ORIENTED_EDGE('',*,*,#2070,.F.);
#2803=ORIENTED_EDGE('',*,*,#2071,.T.);
#2804=ORIENTED_EDGE('',*,*,#2070,.T.);
#2805=ORIENTED_EDGE('',*,*,#2072,.F.);
#2806=ORIENTED_EDGE('',*,*,#2073,.F.);
#2807=ORIENTED_EDGE('',*,*,#2074,.T.);
#2808=ORIENTED_EDGE('',*,*,#2073,.T.);
#2809=ORIENTED_EDGE('',*,*,#2075,.F.);
#2810=ORIENTED_EDGE('',*,*,#2076,.F.);
#2811=ORIENTED_EDGE('',*,*,#2077,.T.);
#2812=ORIENTED_EDGE('',*,*,#2076,.T.);
#2813=ORIENTED_EDGE('',*,*,#2078,.F.);
#2814=ORIENTED_EDGE('',*,*,#2068,.F.);
#2815=ORIENTED_EDGE('',*,*,#2078,.T.);
#2816=ORIENTED_EDGE('',*,*,#2075,.T.);
#2817=ORIENTED_EDGE('',*,*,#2072,.T.);
#2818=ORIENTED_EDGE('',*,*,#2069,.T.);
#2819=ORIENTED_EDGE('',*,*,#2077,.F.);
#2820=ORIENTED_EDGE('',*,*,#2067,.F.);
#2821=ORIENTED_EDGE('',*,*,#2071,.F.);
#2822=ORIENTED_EDGE('',*,*,#2074,.F.);
#2823=ORIENTED_EDGE('',*,*,#2079,.T.);
#2824=ORIENTED_EDGE('',*,*,#2080,.T.);
#2825=ORIENTED_EDGE('',*,*,#2081,.F.);
#2826=ORIENTED_EDGE('',*,*,#2082,.F.);
#2827=ORIENTED_EDGE('',*,*,#2083,.T.);
#2828=ORIENTED_EDGE('',*,*,#2082,.T.);
#2829=ORIENTED_EDGE('',*,*,#2084,.F.);
#2830=ORIENTED_EDGE('',*,*,#2085,.F.);
#2831=ORIENTED_EDGE('',*,*,#2086,.T.);
#2832=ORIENTED_EDGE('',*,*,#2085,.T.);
#2833=ORIENTED_EDGE('',*,*,#2087,.F.);
#2834=ORIENTED_EDGE('',*,*,#2088,.F.);
#2835=ORIENTED_EDGE('',*,*,#2089,.T.);
#2836=ORIENTED_EDGE('',*,*,#2088,.T.);
#2837=ORIENTED_EDGE('',*,*,#2090,.F.);
#2838=ORIENTED_EDGE('',*,*,#2091,.F.);
#2839=ORIENTED_EDGE('',*,*,#2092,.T.);
#2840=ORIENTED_EDGE('',*,*,#2091,.T.);
#2841=ORIENTED_EDGE('',*,*,#2093,.F.);
#2842=ORIENTED_EDGE('',*,*,#2094,.F.);
#2843=ORIENTED_EDGE('',*,*,#2095,.T.);
#2844=ORIENTED_EDGE('',*,*,#2094,.T.);
#2845=ORIENTED_EDGE('',*,*,#2096,.F.);
#2846=ORIENTED_EDGE('',*,*,#2097,.F.);
#2847=ORIENTED_EDGE('',*,*,#2098,.T.);
#2848=ORIENTED_EDGE('',*,*,#2097,.T.);
#2849=ORIENTED_EDGE('',*,*,#2099,.F.);
#2850=ORIENTED_EDGE('',*,*,#2100,.F.);
#2851=ORIENTED_EDGE('',*,*,#2101,.T.);
#2852=ORIENTED_EDGE('',*,*,#2100,.T.);
#2853=ORIENTED_EDGE('',*,*,#2102,.F.);
#2854=ORIENTED_EDGE('',*,*,#2103,.F.);
#2855=ORIENTED_EDGE('',*,*,#2104,.T.);
#2856=ORIENTED_EDGE('',*,*,#2103,.T.);
#2857=ORIENTED_EDGE('',*,*,#2105,.F.);
#2858=ORIENTED_EDGE('',*,*,#2106,.F.);
#2859=ORIENTED_EDGE('',*,*,#2107,.T.);
#2860=ORIENTED_EDGE('',*,*,#2106,.T.);
#2861=ORIENTED_EDGE('',*,*,#2108,.F.);
#2862=ORIENTED_EDGE('',*,*,#2109,.F.);
#2863=ORIENTED_EDGE('',*,*,#2110,.T.);
#2864=ORIENTED_EDGE('',*,*,#2109,.T.);
#2865=ORIENTED_EDGE('',*,*,#2111,.F.);
#2866=ORIENTED_EDGE('',*,*,#2080,.F.);
#2867=ORIENTED_EDGE('',*,*,#2111,.T.);
#2868=ORIENTED_EDGE('',*,*,#2108,.T.);
#2869=ORIENTED_EDGE('',*,*,#2105,.T.);
#2870=ORIENTED_EDGE('',*,*,#2102,.T.);
#2871=ORIENTED_EDGE('',*,*,#2099,.T.);
#2872=ORIENTED_EDGE('',*,*,#2096,.T.);
#2873=ORIENTED_EDGE('',*,*,#2093,.T.);
#2874=ORIENTED_EDGE('',*,*,#2090,.T.);
#2875=ORIENTED_EDGE('',*,*,#2087,.T.);
#2876=ORIENTED_EDGE('',*,*,#2084,.T.);
#2877=ORIENTED_EDGE('',*,*,#2081,.T.);
#2878=ORIENTED_EDGE('',*,*,#2110,.F.);
#2879=ORIENTED_EDGE('',*,*,#2079,.F.);
#2880=ORIENTED_EDGE('',*,*,#2083,.F.);
#2881=ORIENTED_EDGE('',*,*,#2086,.F.);
#2882=ORIENTED_EDGE('',*,*,#2089,.F.);
#2883=ORIENTED_EDGE('',*,*,#2092,.F.);
#2884=ORIENTED_EDGE('',*,*,#2095,.F.);
#2885=ORIENTED_EDGE('',*,*,#2098,.F.);
#2886=ORIENTED_EDGE('',*,*,#2101,.F.);
#2887=ORIENTED_EDGE('',*,*,#2104,.F.);
#2888=ORIENTED_EDGE('',*,*,#2107,.F.);
#2889=ORIENTED_EDGE('',*,*,#2112,.T.);
#2890=ORIENTED_EDGE('',*,*,#2113,.T.);
#2891=ORIENTED_EDGE('',*,*,#2114,.F.);
#2892=ORIENTED_EDGE('',*,*,#2115,.F.);
#2893=ORIENTED_EDGE('',*,*,#2116,.T.);
#2894=ORIENTED_EDGE('',*,*,#2115,.T.);
#2895=ORIENTED_EDGE('',*,*,#2117,.F.);
#2896=ORIENTED_EDGE('',*,*,#2118,.F.);
#2897=ORIENTED_EDGE('',*,*,#2119,.T.);
#2898=ORIENTED_EDGE('',*,*,#2118,.T.);
#2899=ORIENTED_EDGE('',*,*,#2120,.F.);
#2900=ORIENTED_EDGE('',*,*,#2121,.F.);
#2901=ORIENTED_EDGE('',*,*,#2122,.T.);
#2902=ORIENTED_EDGE('',*,*,#2121,.T.);
#2903=ORIENTED_EDGE('',*,*,#2123,.F.);
#2904=ORIENTED_EDGE('',*,*,#2124,.F.);
#2905=ORIENTED_EDGE('',*,*,#2125,.T.);
#2906=ORIENTED_EDGE('',*,*,#2124,.T.);
#2907=ORIENTED_EDGE('',*,*,#2126,.F.);
#2908=ORIENTED_EDGE('',*,*,#2127,.F.);
#2909=ORIENTED_EDGE('',*,*,#2128,.T.);
#2910=ORIENTED_EDGE('',*,*,#2127,.T.);
#2911=ORIENTED_EDGE('',*,*,#2129,.F.);
#2912=ORIENTED_EDGE('',*,*,#2130,.F.);
#2913=ORIENTED_EDGE('',*,*,#2131,.T.);
#2914=ORIENTED_EDGE('',*,*,#2130,.T.);
#2915=ORIENTED_EDGE('',*,*,#2132,.F.);
#2916=ORIENTED_EDGE('',*,*,#2133,.F.);
#2917=ORIENTED_EDGE('',*,*,#2134,.T.);
#2918=ORIENTED_EDGE('',*,*,#2133,.T.);
#2919=ORIENTED_EDGE('',*,*,#2135,.F.);
#2920=ORIENTED_EDGE('',*,*,#2136,.F.);
#2921=ORIENTED_EDGE('',*,*,#2137,.T.);
#2922=ORIENTED_EDGE('',*,*,#2136,.T.);
#2923=ORIENTED_EDGE('',*,*,#2138,.F.);
#2924=ORIENTED_EDGE('',*,*,#2139,.F.);
#2925=ORIENTED_EDGE('',*,*,#2140,.T.);
#2926=ORIENTED_EDGE('',*,*,#2139,.T.);
#2927=ORIENTED_EDGE('',*,*,#2141,.F.);
#2928=ORIENTED_EDGE('',*,*,#2142,.F.);
#2929=ORIENTED_EDGE('',*,*,#2143,.T.);
#2930=ORIENTED_EDGE('',*,*,#2142,.T.);
#2931=ORIENTED_EDGE('',*,*,#2144,.F.);
#2932=ORIENTED_EDGE('',*,*,#2145,.F.);
#2933=ORIENTED_EDGE('',*,*,#2146,.T.);
#2934=ORIENTED_EDGE('',*,*,#2145,.T.);
#2935=ORIENTED_EDGE('',*,*,#2147,.F.);
#2936=ORIENTED_EDGE('',*,*,#2148,.F.);
#2937=ORIENTED_EDGE('',*,*,#2149,.T.);
#2938=ORIENTED_EDGE('',*,*,#2148,.T.);
#2939=ORIENTED_EDGE('',*,*,#2150,.F.);
#2940=ORIENTED_EDGE('',*,*,#2151,.F.);
#2941=ORIENTED_EDGE('',*,*,#2152,.T.);
#2942=ORIENTED_EDGE('',*,*,#2151,.T.);
#2943=ORIENTED_EDGE('',*,*,#2153,.F.);
#2944=ORIENTED_EDGE('',*,*,#2113,.F.);
#2945=ORIENTED_EDGE('',*,*,#2153,.T.);
#2946=ORIENTED_EDGE('',*,*,#2150,.T.);
#2947=ORIENTED_EDGE('',*,*,#2147,.T.);
#2948=ORIENTED_EDGE('',*,*,#2144,.T.);
#2949=ORIENTED_EDGE('',*,*,#2141,.T.);
#2950=ORIENTED_EDGE('',*,*,#2138,.T.);
#2951=ORIENTED_EDGE('',*,*,#2135,.T.);
#2952=ORIENTED_EDGE('',*,*,#2132,.T.);
#2953=ORIENTED_EDGE('',*,*,#2129,.T.);
#2954=ORIENTED_EDGE('',*,*,#2126,.T.);
#2955=ORIENTED_EDGE('',*,*,#2123,.T.);
#2956=ORIENTED_EDGE('',*,*,#2120,.T.);
#2957=ORIENTED_EDGE('',*,*,#2117,.T.);
#2958=ORIENTED_EDGE('',*,*,#2114,.T.);
#2959=ORIENTED_EDGE('',*,*,#2152,.F.);
#2960=ORIENTED_EDGE('',*,*,#2112,.F.);
#2961=ORIENTED_EDGE('',*,*,#2116,.F.);
#2962=ORIENTED_EDGE('',*,*,#2119,.F.);
#2963=ORIENTED_EDGE('',*,*,#2122,.F.);
#2964=ORIENTED_EDGE('',*,*,#2125,.F.);
#2965=ORIENTED_EDGE('',*,*,#2128,.F.);
#2966=ORIENTED_EDGE('',*,*,#2131,.F.);
#2967=ORIENTED_EDGE('',*,*,#2134,.F.);
#2968=ORIENTED_EDGE('',*,*,#2137,.F.);
#2969=ORIENTED_EDGE('',*,*,#2140,.F.);
#2970=ORIENTED_EDGE('',*,*,#2143,.F.);
#2971=ORIENTED_EDGE('',*,*,#2146,.F.);
#2972=ORIENTED_EDGE('',*,*,#2149,.F.);
#2973=ORIENTED_EDGE('',*,*,#2154,.T.);
#2974=ORIENTED_EDGE('',*,*,#2155,.T.);
#2975=ORIENTED_EDGE('',*,*,#2156,.F.);
#2976=ORIENTED_EDGE('',*,*,#2157,.F.);
#2977=ORIENTED_EDGE('',*,*,#2158,.T.);
#2978=ORIENTED_EDGE('',*,*,#2157,.T.);
#2979=ORIENTED_EDGE('',*,*,#2159,.F.);
#2980=ORIENTED_EDGE('',*,*,#2160,.F.);
#2981=ORIENTED_EDGE('',*,*,#2161,.T.);
#2982=ORIENTED_EDGE('',*,*,#2160,.T.);
#2983=ORIENTED_EDGE('',*,*,#2162,.F.);
#2984=ORIENTED_EDGE('',*,*,#2163,.F.);
#2985=ORIENTED_EDGE('',*,*,#2164,.T.);
#2986=ORIENTED_EDGE('',*,*,#2163,.T.);
#2987=ORIENTED_EDGE('',*,*,#2165,.F.);
#2988=ORIENTED_EDGE('',*,*,#2155,.F.);
#2989=ORIENTED_EDGE('',*,*,#2165,.T.);
#2990=ORIENTED_EDGE('',*,*,#2162,.T.);
#2991=ORIENTED_EDGE('',*,*,#2159,.T.);
#2992=ORIENTED_EDGE('',*,*,#2156,.T.);
#2993=ORIENTED_EDGE('',*,*,#2164,.F.);
#2994=ORIENTED_EDGE('',*,*,#2154,.F.);
#2995=ORIENTED_EDGE('',*,*,#2158,.F.);
#2996=ORIENTED_EDGE('',*,*,#2161,.F.);
#2997=ORIENTED_EDGE('',*,*,#2166,.F.);
#2998=ORIENTED_EDGE('',*,*,#2167,.T.);
#2999=ORIENTED_EDGE('',*,*,#2168,.F.);
#3000=ORIENTED_EDGE('',*,*,#2169,.F.);
#3001=ORIENTED_EDGE('',*,*,#2170,.F.);
#3002=ORIENTED_EDGE('',*,*,#2171,.T.);
#3003=ORIENTED_EDGE('',*,*,#2172,.F.);
#3004=ORIENTED_EDGE('',*,*,#2167,.F.);
#3005=ORIENTED_EDGE('',*,*,#2173,.F.);
#3006=ORIENTED_EDGE('',*,*,#2174,.T.);
#3007=ORIENTED_EDGE('',*,*,#2175,.F.);
#3008=ORIENTED_EDGE('',*,*,#2171,.F.);
#3009=ORIENTED_EDGE('',*,*,#2176,.F.);
#3010=ORIENTED_EDGE('',*,*,#2169,.T.);
#3011=ORIENTED_EDGE('',*,*,#2177,.F.);
#3012=ORIENTED_EDGE('',*,*,#2174,.F.);
#3013=ORIENTED_EDGE('',*,*,#2178,.T.);
#3014=ORIENTED_EDGE('',*,*,#2179,.T.);
#3015=ORIENTED_EDGE('',*,*,#2180,.F.);
#3016=ORIENTED_EDGE('',*,*,#2181,.F.);
#3017=ORIENTED_EDGE('',*,*,#2182,.T.);
#3018=ORIENTED_EDGE('',*,*,#2181,.T.);
#3019=ORIENTED_EDGE('',*,*,#2183,.F.);
#3020=ORIENTED_EDGE('',*,*,#2184,.F.);
#3021=ORIENTED_EDGE('',*,*,#2185,.T.);
#3022=ORIENTED_EDGE('',*,*,#2184,.T.);
#3023=ORIENTED_EDGE('',*,*,#2186,.F.);
#3024=ORIENTED_EDGE('',*,*,#2187,.F.);
#3025=ORIENTED_EDGE('',*,*,#2188,.T.);
#3026=ORIENTED_EDGE('',*,*,#2187,.T.);
#3027=ORIENTED_EDGE('',*,*,#2189,.F.);
#3028=ORIENTED_EDGE('',*,*,#2190,.F.);
#3029=ORIENTED_EDGE('',*,*,#2191,.T.);
#3030=ORIENTED_EDGE('',*,*,#2190,.T.);
#3031=ORIENTED_EDGE('',*,*,#2192,.F.);
#3032=ORIENTED_EDGE('',*,*,#2193,.F.);
#3033=ORIENTED_EDGE('',*,*,#2194,.T.);
#3034=ORIENTED_EDGE('',*,*,#2193,.T.);
#3035=ORIENTED_EDGE('',*,*,#2195,.F.);
#3036=ORIENTED_EDGE('',*,*,#2196,.F.);
#3037=ORIENTED_EDGE('',*,*,#2197,.T.);
#3038=ORIENTED_EDGE('',*,*,#2196,.T.);
#3039=ORIENTED_EDGE('',*,*,#2198,.F.);
#3040=ORIENTED_EDGE('',*,*,#2199,.F.);
#3041=ORIENTED_EDGE('',*,*,#2200,.T.);
#3042=ORIENTED_EDGE('',*,*,#2199,.T.);
#3043=ORIENTED_EDGE('',*,*,#2201,.F.);
#3044=ORIENTED_EDGE('',*,*,#2179,.F.);
#3045=ORIENTED_EDGE('',*,*,#2201,.T.);
#3046=ORIENTED_EDGE('',*,*,#2198,.T.);
#3047=ORIENTED_EDGE('',*,*,#2195,.T.);
#3048=ORIENTED_EDGE('',*,*,#2192,.T.);
#3049=ORIENTED_EDGE('',*,*,#2189,.T.);
#3050=ORIENTED_EDGE('',*,*,#2186,.T.);
#3051=ORIENTED_EDGE('',*,*,#2183,.T.);
#3052=ORIENTED_EDGE('',*,*,#2180,.T.);
#3053=ORIENTED_EDGE('',*,*,#2168,.T.);
#3054=ORIENTED_EDGE('',*,*,#2172,.T.);
#3055=ORIENTED_EDGE('',*,*,#2175,.T.);
#3056=ORIENTED_EDGE('',*,*,#2177,.T.);
#3057=ORIENTED_EDGE('',*,*,#2200,.F.);
#3058=ORIENTED_EDGE('',*,*,#2178,.F.);
#3059=ORIENTED_EDGE('',*,*,#2182,.F.);
#3060=ORIENTED_EDGE('',*,*,#2185,.F.);
#3061=ORIENTED_EDGE('',*,*,#2188,.F.);
#3062=ORIENTED_EDGE('',*,*,#2191,.F.);
#3063=ORIENTED_EDGE('',*,*,#2194,.F.);
#3064=ORIENTED_EDGE('',*,*,#2197,.F.);
#3065=ORIENTED_EDGE('',*,*,#2166,.T.);
#3066=ORIENTED_EDGE('',*,*,#2176,.T.);
#3067=ORIENTED_EDGE('',*,*,#2173,.T.);
#3068=ORIENTED_EDGE('',*,*,#2170,.T.);
#3069=ORIENTED_EDGE('',*,*,#2202,.T.);
#3070=ORIENTED_EDGE('',*,*,#2203,.T.);
#3071=ORIENTED_EDGE('',*,*,#2204,.F.);
#3072=ORIENTED_EDGE('',*,*,#2205,.F.);
#3073=ORIENTED_EDGE('',*,*,#2206,.T.);
#3074=ORIENTED_EDGE('',*,*,#2205,.T.);
#3075=ORIENTED_EDGE('',*,*,#2207,.F.);
#3076=ORIENTED_EDGE('',*,*,#2208,.F.);
#3077=ORIENTED_EDGE('',*,*,#2209,.T.);
#3078=ORIENTED_EDGE('',*,*,#2208,.T.);
#3079=ORIENTED_EDGE('',*,*,#2210,.F.);
#3080=ORIENTED_EDGE('',*,*,#2211,.F.);
#3081=ORIENTED_EDGE('',*,*,#2212,.T.);
#3082=ORIENTED_EDGE('',*,*,#2211,.T.);
#3083=ORIENTED_EDGE('',*,*,#2213,.F.);
#3084=ORIENTED_EDGE('',*,*,#2203,.F.);
#3085=ORIENTED_EDGE('',*,*,#2213,.T.);
#3086=ORIENTED_EDGE('',*,*,#2210,.T.);
#3087=ORIENTED_EDGE('',*,*,#2207,.T.);
#3088=ORIENTED_EDGE('',*,*,#2204,.T.);
#3089=ORIENTED_EDGE('',*,*,#2212,.F.);
#3090=ORIENTED_EDGE('',*,*,#2202,.F.);
#3091=ORIENTED_EDGE('',*,*,#2206,.F.);
#3092=ORIENTED_EDGE('',*,*,#2209,.F.);
#3093=ORIENTED_EDGE('',*,*,#2214,.F.);
#3094=ORIENTED_EDGE('',*,*,#2215,.T.);
#3095=ORIENTED_EDGE('',*,*,#2214,.T.);
#3096=ORIENTED_EDGE('',*,*,#2215,.F.);
#3097=ORIENTED_EDGE('',*,*,#2216,.F.);
#3098=ORIENTED_EDGE('',*,*,#2217,.T.);
#3099=ORIENTED_EDGE('',*,*,#2216,.T.);
#3100=ORIENTED_EDGE('',*,*,#2217,.F.);
#3101=ORIENTED_EDGE('',*,*,#2218,.T.);
#3102=ORIENTED_EDGE('',*,*,#2219,.T.);
#3103=ORIENTED_EDGE('',*,*,#2220,.F.);
#3104=ORIENTED_EDGE('',*,*,#2221,.F.);
#3105=ORIENTED_EDGE('',*,*,#2222,.T.);
#3106=ORIENTED_EDGE('',*,*,#2221,.T.);
#3107=ORIENTED_EDGE('',*,*,#2223,.F.);
#3108=ORIENTED_EDGE('',*,*,#2224,.F.);
#3109=ORIENTED_EDGE('',*,*,#2225,.T.);
#3110=ORIENTED_EDGE('',*,*,#2224,.T.);
#3111=ORIENTED_EDGE('',*,*,#2226,.F.);
#3112=ORIENTED_EDGE('',*,*,#2227,.F.);
#3113=ORIENTED_EDGE('',*,*,#2228,.T.);
#3114=ORIENTED_EDGE('',*,*,#2227,.T.);
#3115=ORIENTED_EDGE('',*,*,#2229,.F.);
#3116=ORIENTED_EDGE('',*,*,#2230,.F.);
#3117=ORIENTED_EDGE('',*,*,#2231,.T.);
#3118=ORIENTED_EDGE('',*,*,#2230,.T.);
#3119=ORIENTED_EDGE('',*,*,#2232,.F.);
#3120=ORIENTED_EDGE('',*,*,#2233,.F.);
#3121=ORIENTED_EDGE('',*,*,#2234,.T.);
#3122=ORIENTED_EDGE('',*,*,#2233,.T.);
#3123=ORIENTED_EDGE('',*,*,#2235,.F.);
#3124=ORIENTED_EDGE('',*,*,#2236,.F.);
#3125=ORIENTED_EDGE('',*,*,#2237,.T.);
#3126=ORIENTED_EDGE('',*,*,#2236,.T.);
#3127=ORIENTED_EDGE('',*,*,#2238,.F.);
#3128=ORIENTED_EDGE('',*,*,#2239,.F.);
#3129=ORIENTED_EDGE('',*,*,#2240,.T.);
#3130=ORIENTED_EDGE('',*,*,#2239,.T.);
#3131=ORIENTED_EDGE('',*,*,#2241,.F.);
#3132=ORIENTED_EDGE('',*,*,#2242,.F.);
#3133=ORIENTED_EDGE('',*,*,#2243,.T.);
#3134=ORIENTED_EDGE('',*,*,#2242,.T.);
#3135=ORIENTED_EDGE('',*,*,#2244,.F.);
#3136=ORIENTED_EDGE('',*,*,#2219,.F.);
#3137=ORIENTED_EDGE('',*,*,#2244,.T.);
#3138=ORIENTED_EDGE('',*,*,#2241,.T.);
#3139=ORIENTED_EDGE('',*,*,#2238,.T.);
#3140=ORIENTED_EDGE('',*,*,#2235,.T.);
#3141=ORIENTED_EDGE('',*,*,#2232,.T.);
#3142=ORIENTED_EDGE('',*,*,#2229,.T.);
#3143=ORIENTED_EDGE('',*,*,#2226,.T.);
#3144=ORIENTED_EDGE('',*,*,#2223,.T.);
#3145=ORIENTED_EDGE('',*,*,#2220,.T.);
#3146=ORIENTED_EDGE('',*,*,#2243,.F.);
#3147=ORIENTED_EDGE('',*,*,#2218,.F.);
#3148=ORIENTED_EDGE('',*,*,#2222,.F.);
#3149=ORIENTED_EDGE('',*,*,#2225,.F.);
#3150=ORIENTED_EDGE('',*,*,#2228,.F.);
#3151=ORIENTED_EDGE('',*,*,#2231,.F.);
#3152=ORIENTED_EDGE('',*,*,#2234,.F.);
#3153=ORIENTED_EDGE('',*,*,#2237,.F.);
#3154=ORIENTED_EDGE('',*,*,#2240,.F.);
#3155=ORIENTED_EDGE('',*,*,#2245,.F.);
#3156=ORIENTED_EDGE('',*,*,#2246,.T.);
#3157=ORIENTED_EDGE('',*,*,#2247,.F.);
#3158=ORIENTED_EDGE('',*,*,#2246,.F.);
#3159=ORIENTED_EDGE('',*,*,#2248,.T.);
#3160=ORIENTED_EDGE('',*,*,#2249,.T.);
#3161=ORIENTED_EDGE('',*,*,#2250,.F.);
#3162=ORIENTED_EDGE('',*,*,#2249,.F.);
#3163=ORIENTED_EDGE('',*,*,#2250,.T.);
#3164=ORIENTED_EDGE('',*,*,#2247,.T.);
#3165=ORIENTED_EDGE('',*,*,#2248,.F.);
#3166=ORIENTED_EDGE('',*,*,#2245,.T.);
#3167=CYLINDRICAL_SURFACE('',#3400,0.15);
#3168=CYLINDRICAL_SURFACE('',#3416,0.0750000000001675);
#3169=CYLINDRICAL_SURFACE('',#3422,0.0500000000001833);
#3170=CYLINDRICAL_SURFACE('',#3429,0.0749999999998483);
#3171=CYLINDRICAL_SURFACE('',#3435,0.100000000000363);
#3172=CYLINDRICAL_SURFACE('',#3445,0.100000000000108);
#3173=CYLINDRICAL_SURFACE('',#3449,0.100000000000135);
#3174=CYLINDRICAL_SURFACE('',#3455,0.100000000000108);
#3175=CYLINDRICAL_SURFACE('',#3459,0.100000000000107);
#3176=CYLINDRICAL_SURFACE('',#3465,0.0999999999999659);
#3177=CYLINDRICAL_SURFACE('',#3473,0.100000000000308);
#3178=CYLINDRICAL_SURFACE('',#3479,0.100000000000081);
#3179=CYLINDRICAL_SURFACE('',#3483,0.100000000000107);
#3180=CYLINDRICAL_SURFACE('',#3506,0.15);
#3181=CYLINDRICAL_SURFACE('',#3586,0.0610526026583319);
#3182=CYLINDRICAL_SURFACE('',#3591,0.0300530673884853);
#3183=CYLINDRICAL_SURFACE('',#3600,0.024832178560373);
#3184=ADVANCED_FACE('',(#1052,#1043),#3167,.F.);
#3185=ADVANCED_FACE('',(#1053),#885,.T.);
#3186=ADVANCED_FACE('',(#1054),#886,.F.);
#3187=ADVANCED_FACE('',(#1055),#887,.F.);
#3188=ADVANCED_FACE('',(#1056,#1044),#888,.T.);
#3189=ADVANCED_FACE('',(#1057),#889,.F.);
#3190=ADVANCED_FACE('',(#1058),#890,.F.);
#3191=ADVANCED_FACE('',(#1059),#891,.F.);
#3192=ADVANCED_FACE('',(#1060),#892,.T.);
#3193=ADVANCED_FACE('',(#1061),#893,.T.);
#3194=ADVANCED_FACE('',(#1062),#59,.T.);
#3195=ADVANCED_FACE('',(#1063),#894,.T.);
#3196=ADVANCED_FACE('',(#1064),#60,.T.);
#3197=ADVANCED_FACE('',(#1065),#895,.T.);
#3198=ADVANCED_FACE('',(#1066),#61,.T.);
#3199=ADVANCED_FACE('',(#1067),#896,.T.);
#3200=ADVANCED_FACE('',(#1068),#62,.T.);
#3201=ADVANCED_FACE('',(#1069),#897,.T.);
#3202=ADVANCED_FACE('',(#1070),#3168,.F.);
#3203=ADVANCED_FACE('',(#1071),#898,.T.);
#3204=ADVANCED_FACE('',(#1072),#899,.T.);
#3205=ADVANCED_FACE('',(#1073),#900,.T.);
#3206=ADVANCED_FACE('',(#1074),#3169,.T.);
#3207=ADVANCED_FACE('',(#1075),#901,.T.);
#3208=ADVANCED_FACE('',(#1076),#902,.F.);
#3209=ADVANCED_FACE('',(#1077),#903,.T.);
#3210=ADVANCED_FACE('',(#1078),#904,.T.);
#3211=ADVANCED_FACE('',(#1079),#3170,.F.);
#3212=ADVANCED_FACE('',(#1080),#905,.T.);
#3213=ADVANCED_FACE('',(#1081),#906,.T.);
#3214=ADVANCED_FACE('',(#1082),#907,.T.);
#3215=ADVANCED_FACE('',(#1083),#3171,.T.);
#3216=ADVANCED_FACE('',(#1084),#908,.T.);
#3217=ADVANCED_FACE('',(#1085),#909,.T.);
#3218=ADVANCED_FACE('',(#1086),#910,.F.);
#3219=ADVANCED_FACE('',(#1087),#911,.T.);
#3220=ADVANCED_FACE('',(#1088),#912,.T.);
#3221=ADVANCED_FACE('',(#1089),#913,.T.);
#3222=ADVANCED_FACE('',(#1090),#914,.T.);
#3223=ADVANCED_FACE('',(#1091),#3172,.F.);
#3224=ADVANCED_FACE('',(#1092),#915,.T.);
#3225=ADVANCED_FACE('',(#1093),#3173,.F.);
#3226=ADVANCED_FACE('',(#1094),#916,.T.);
#3227=ADVANCED_FACE('',(#1095),#917,.T.);
#3228=ADVANCED_FACE('',(#1096),#918,.T.);
#3229=ADVANCED_FACE('',(#1097),#3174,.F.);
#3230=ADVANCED_FACE('',(#1098),#919,.T.);
#3231=ADVANCED_FACE('',(#1099),#3175,.F.);
#3232=ADVANCED_FACE('',(#1100),#920,.T.);
#3233=ADVANCED_FACE('',(#1101),#921,.T.);
#3234=ADVANCED_FACE('',(#1102),#922,.T.);
#3235=ADVANCED_FACE('',(#1103),#3176,.F.);
#3236=ADVANCED_FACE('',(#1104),#923,.T.);
#3237=ADVANCED_FACE('',(#1105),#924,.T.);
#3238=ADVANCED_FACE('',(#1106),#925,.T.);
#3239=ADVANCED_FACE('',(#1107),#926,.T.);
#3240=ADVANCED_FACE('',(#1108),#927,.T.);
#3241=ADVANCED_FACE('',(#1109),#3177,.F.);
#3242=ADVANCED_FACE('',(#1110),#928,.T.);
#3243=ADVANCED_FACE('',(#1111),#929,.T.);
#3244=ADVANCED_FACE('',(#1112),#930,.T.);
#3245=ADVANCED_FACE('',(#1113),#3178,.F.);
#3246=ADVANCED_FACE('',(#1114),#931,.T.);
#3247=ADVANCED_FACE('',(#1115),#3179,.F.);
#3248=ADVANCED_FACE('',(#1116),#932,.F.);
#3249=ADVANCED_FACE('',(#1117),#933,.T.);
#3250=ADVANCED_FACE('',(#1118),#934,.T.);
#3251=ADVANCED_FACE('',(#1119),#935,.T.);
#3252=ADVANCED_FACE('',(#1120),#936,.T.);
#3253=ADVANCED_FACE('',(#1121),#937,.T.);
#3254=ADVANCED_FACE('',(#1122),#938,.F.);
#3255=ADVANCED_FACE('',(#1123),#939,.T.);
#3256=ADVANCED_FACE('',(#1124),#940,.T.);
#3257=ADVANCED_FACE('',(#1125),#941,.T.);
#3258=ADVANCED_FACE('',(#1126),#942,.T.);
#3259=ADVANCED_FACE('',(#1127),#943,.T.);
#3260=ADVANCED_FACE('',(#1128),#944,.F.);
#3261=ADVANCED_FACE('',(#1129),#945,.T.);
#3262=ADVANCED_FACE('',(#1130),#946,.T.);
#3263=ADVANCED_FACE('',(#1131),#947,.T.);
#3264=ADVANCED_FACE('',(#1132),#948,.T.);
#3265=ADVANCED_FACE('',(#1133),#949,.T.);
#3266=ADVANCED_FACE('',(#1134),#950,.F.);
#3267=ADVANCED_FACE('',(#1135),#951,.T.);
#3268=ADVANCED_FACE('',(#1136,#1045),#3180,.T.);
#3269=ADVANCED_FACE('',(#1137),#952,.T.);
#3270=ADVANCED_FACE('',(#1138),#953,.F.);
#3271=ADVANCED_FACE('',(#1139),#954,.T.);
#3272=ADVANCED_FACE('',(#1140),#955,.T.);
#3273=ADVANCED_FACE('',(#1141),#956,.T.);
#3274=ADVANCED_FACE('',(#1142),#957,.T.);
#3275=ADVANCED_FACE('',(#1143),#958,.T.);
#3276=ADVANCED_FACE('',(#1144),#959,.T.);
#3277=ADVANCED_FACE('',(#1145),#63,.T.);
#3278=ADVANCED_FACE('',(#1146),#960,.T.);
#3279=ADVANCED_FACE('',(#1147),#961,.T.);
#3280=ADVANCED_FACE('',(#1148),#962,.T.);
#3281=ADVANCED_FACE('',(#1149),#64,.T.);
#3282=ADVANCED_FACE('',(#1150),#963,.T.);
#3283=ADVANCED_FACE('',(#1151),#964,.F.);
#3284=ADVANCED_FACE('',(#1152),#965,.T.);
#3285=ADVANCED_FACE('',(#1153),#966,.T.);
#3286=ADVANCED_FACE('',(#1154),#967,.T.);
#3287=ADVANCED_FACE('',(#1155),#968,.T.);
#3288=ADVANCED_FACE('',(#1156),#969,.T.);
#3289=ADVANCED_FACE('',(#1157),#970,.T.);
#3290=ADVANCED_FACE('',(#1158),#65,.T.);
#3291=ADVANCED_FACE('',(#1159),#971,.T.);
#3292=ADVANCED_FACE('',(#1160),#972,.T.);
#3293=ADVANCED_FACE('',(#1161),#973,.T.);
#3294=ADVANCED_FACE('',(#1162),#66,.T.);
#3295=ADVANCED_FACE('',(#1163),#974,.T.);
#3296=ADVANCED_FACE('',(#1164),#975,.F.);
#3297=ADVANCED_FACE('',(#1165),#976,.T.);
#3298=ADVANCED_FACE('',(#1166),#977,.T.);
#3299=ADVANCED_FACE('',(#1167),#978,.T.);
#3300=ADVANCED_FACE('',(#1168),#979,.T.);
#3301=ADVANCED_FACE('',(#1169),#980,.T.);
#3302=ADVANCED_FACE('',(#1170),#981,.F.);
#3303=ADVANCED_FACE('',(#1171),#982,.T.);
#3304=ADVANCED_FACE('',(#1172),#983,.T.);
#3305=ADVANCED_FACE('',(#1173),#984,.T.);
#3306=ADVANCED_FACE('',(#1174),#985,.T.);
#3307=ADVANCED_FACE('',(#1175),#986,.T.);
#3308=ADVANCED_FACE('',(#1176),#987,.T.);
#3309=ADVANCED_FACE('',(#1177),#67,.T.);
#3310=ADVANCED_FACE('',(#1178),#988,.T.);
#3311=ADVANCED_FACE('',(#1179),#989,.T.);
#3312=ADVANCED_FACE('',(#1180),#990,.T.);
#3313=ADVANCED_FACE('',(#1181),#68,.T.);
#3314=ADVANCED_FACE('',(#1182),#991,.T.);
#3315=ADVANCED_FACE('',(#1183),#992,.F.);
#3316=ADVANCED_FACE('',(#1184),#69,.T.);
#3317=ADVANCED_FACE('',(#1185),#993,.T.);
#3318=ADVANCED_FACE('',(#1186),#994,.T.);
#3319=ADVANCED_FACE('',(#1187),#995,.T.);
#3320=ADVANCED_FACE('',(#1188),#996,.T.);
#3321=ADVANCED_FACE('',(#1189),#997,.T.);
#3322=ADVANCED_FACE('',(#1190),#998,.T.);
#3323=ADVANCED_FACE('',(#1191),#999,.T.);
#3324=ADVANCED_FACE('',(#1192),#1000,.T.);
#3325=ADVANCED_FACE('',(#1193),#1001,.T.);
#3326=ADVANCED_FACE('',(#1194),#1002,.T.);
#3327=ADVANCED_FACE('',(#1195),#1003,.T.);
#3328=ADVANCED_FACE('',(#1196),#70,.T.);
#3329=ADVANCED_FACE('',(#1197),#1004,.T.);
#3330=ADVANCED_FACE('',(#1198),#1005,.T.);
#3331=ADVANCED_FACE('',(#1199),#1006,.F.);
#3332=ADVANCED_FACE('',(#1200),#1007,.T.);
#3333=ADVANCED_FACE('',(#1201),#1008,.T.);
#3334=ADVANCED_FACE('',(#1202),#1009,.T.);
#3335=ADVANCED_FACE('',(#1203),#1010,.T.);
#3336=ADVANCED_FACE('',(#1204),#1011,.T.);
#3337=ADVANCED_FACE('',(#1205),#1012,.F.);
#3338=ADVANCED_FACE('',(#1206),#1013,.F.);
#3339=ADVANCED_FACE('',(#1207),#1014,.F.);
#3340=ADVANCED_FACE('',(#1208),#1015,.F.);
#3341=ADVANCED_FACE('',(#1209),#71,.F.);
#3342=ADVANCED_FACE('',(#1210),#72,.T.);
#3343=ADVANCED_FACE('',(#1211),#1016,.T.);
#3344=ADVANCED_FACE('',(#1212),#73,.T.);
#3345=ADVANCED_FACE('',(#1213),#1017,.T.);
#3346=ADVANCED_FACE('',(#1214),#74,.T.);
#3347=ADVANCED_FACE('',(#1215),#1018,.T.);
#3348=ADVANCED_FACE('',(#1216),#1019,.T.);
#3349=ADVANCED_FACE('',(#1217),#1020,.T.);
#3350=ADVANCED_FACE('',(#1218,#1046),#1021,.T.);
#3351=ADVANCED_FACE('',(#1219,#1047),#1022,.F.);
#3352=ADVANCED_FACE('',(#1220),#1023,.T.);
#3353=ADVANCED_FACE('',(#1221),#1024,.T.);
#3354=ADVANCED_FACE('',(#1222),#1025,.T.);
#3355=ADVANCED_FACE('',(#1223),#1026,.T.);
#3356=ADVANCED_FACE('',(#1224),#1027,.T.);
#3357=ADVANCED_FACE('',(#1225),#1028,.F.);
#3358=ADVANCED_FACE('',(#1226,#1048),#3181,.T.);
#3359=ADVANCED_FACE('',(#1227),#1029,.T.);
#3360=ADVANCED_FACE('',(#1228),#1030,.F.);
#3361=ADVANCED_FACE('',(#1229,#1049),#3182,.T.);
#3362=ADVANCED_FACE('',(#1230),#1031,.T.);
#3363=ADVANCED_FACE('',(#1231),#1032,.F.);
#3364=ADVANCED_FACE('',(#1232),#75,.T.);
#3365=ADVANCED_FACE('',(#1233),#1033,.T.);
#3366=ADVANCED_FACE('',(#1234),#1034,.T.);
#3367=ADVANCED_FACE('',(#1235),#1035,.T.);
#3368=ADVANCED_FACE('',(#1236),#1036,.T.);
#3369=ADVANCED_FACE('',(#1237),#3183,.T.);
#3370=ADVANCED_FACE('',(#1238),#1037,.T.);
#3371=ADVANCED_FACE('',(#1239),#76,.T.);
#3372=ADVANCED_FACE('',(#1240),#1038,.T.);
#3373=ADVANCED_FACE('',(#1241),#1039,.T.);
#3374=ADVANCED_FACE('',(#1242),#1040,.F.);
#3375=ADVANCED_FACE('',(#1243),#21,.F.);
#3376=ADVANCED_FACE('',(#1244),#22,.T.);
#3377=ADVANCED_FACE('',(#1245,#1050),#1041,.T.);
#3378=ADVANCED_FACE('',(#1246,#1051),#1042,.F.);
#3379=CLOSED_SHELL('',(#3184,#3185,#3186,#3187,#3188,#3189,#3190,#3191));
#3380=CLOSED_SHELL('',(#3192,#3193,#3194,#3195,#3196,#3197,#3198,#3199,
#3200,#3201,#3202,#3203,#3204,#3205,#3206,#3207,#3208,#3209));
#3381=CLOSED_SHELL('',(#3210,#3211,#3212,#3213,#3214,#3215,#3216,#3217,
#3218,#3219));
#3382=CLOSED_SHELL('',(#3220,#3221,#3222,#3223,#3224,#3225,#3226,#3227,
#3228,#3229,#3230,#3231,#3232,#3233,#3234,#3235,#3236,#3237,#3238,#3239,
#3240,#3241,#3242,#3243,#3244,#3245,#3246,#3247,#3248,#3249));
#3383=CLOSED_SHELL('',(#3250,#3251,#3252,#3253,#3254,#3255));
#3384=CLOSED_SHELL('',(#3256,#3257,#3258,#3259,#3260,#3261));
#3385=CLOSED_SHELL('',(#3262,#3263,#3264,#3265,#3266,#3267));
#3386=CLOSED_SHELL('',(#3268,#3269,#3270));
#3387=CLOSED_SHELL('',(#3271,#3272,#3273,#3274,#3275,#3276,#3277,#3278,
#3279,#3280,#3281,#3282,#3283));
#3388=CLOSED_SHELL('',(#3284,#3285,#3286,#3287,#3288,#3289,#3290,#3291,
#3292,#3293,#3294,#3295,#3296));
#3389=CLOSED_SHELL('',(#3297,#3298,#3299,#3300,#3301,#3302));
#3390=CLOSED_SHELL('',(#3303,#3304,#3305,#3306,#3307,#3308,#3309,#3310,
#3311,#3312,#3313,#3314,#3315));
#3391=CLOSED_SHELL('',(#3316,#3317,#3318,#3319,#3320,#3321,#3322,#3323,
#3324,#3325,#3326,#3327,#3328,#3329,#3330,#3331));
#3392=CLOSED_SHELL('',(#3332,#3333,#3334,#3335,#3336,#3337));
#3393=CLOSED_SHELL('',(#3338,#3339,#3340,#3341,#3342,#3343,#3344,#3345,
#3346,#3347,#3348,#3349,#3350,#3351));
#3394=CLOSED_SHELL('',(#3352,#3353,#3354,#3355,#3356,#3357));
#3395=CLOSED_SHELL('',(#3358,#3359,#3360));
#3396=CLOSED_SHELL('',(#3361,#3362,#3363));
#3397=CLOSED_SHELL('',(#3364,#3365,#3366,#3367,#3368,#3369,#3370,#3371,
#3372,#3373,#3374));
#3398=CLOSED_SHELL('',(#3375,#3376,#3377,#3378));
#3399=AXIS2_PLACEMENT_3D('placement',#4413,#3609,#3610);
#3400=AXIS2_PLACEMENT_3D('',#4414,#3611,#3612);
#3401=AXIS2_PLACEMENT_3D('',#4416,#3613,#3614);
#3402=AXIS2_PLACEMENT_3D('',#4418,#3615,#3616);
#3403=AXIS2_PLACEMENT_3D('',#4419,#3617,#3618);
#3404=AXIS2_PLACEMENT_3D('',#4420,#3619,#3620);
#3405=AXIS2_PLACEMENT_3D('',#4429,#3625,#3626);
#3406=AXIS2_PLACEMENT_3D('',#4435,#3630,#3631);
#3407=AXIS2_PLACEMENT_3D('',#4439,#3634,#3635);
#3408=AXIS2_PLACEMENT_3D('',#4443,#3638,#3639);
#3409=AXIS2_PLACEMENT_3D('',#4445,#3641,#3642);
#3410=AXIS2_PLACEMENT_3D('',#4446,#3643,#3644);
#3411=AXIS2_PLACEMENT_3D('',#4455,#3649,#3650);
#3412=AXIS2_PLACEMENT_3D('',#4484,#3655,#3656);
#3413=AXIS2_PLACEMENT_3D('',#4521,#3661,#3662);
#3414=AXIS2_PLACEMENT_3D('',#4558,#3667,#3668);
#3415=AXIS2_PLACEMENT_3D('',#4595,#3673,#3674);
#3416=AXIS2_PLACEMENT_3D('',#4601,#3678,#3679);
#3417=AXIS2_PLACEMENT_3D('',#4603,#3680,#3681);
#3418=AXIS2_PLACEMENT_3D('',#4605,#3682,#3683);
#3419=AXIS2_PLACEMENT_3D('',#4607,#3685,#3686);
#3420=AXIS2_PLACEMENT_3D('',#4613,#3690,#3691);
#3421=AXIS2_PLACEMENT_3D('',#4619,#3695,#3696);
#3422=AXIS2_PLACEMENT_3D('',#4625,#3700,#3701);
#3423=AXIS2_PLACEMENT_3D('',#4627,#3702,#3703);
#3424=AXIS2_PLACEMENT_3D('',#4629,#3704,#3705);
#3425=AXIS2_PLACEMENT_3D('',#4631,#3707,#3708);
#3426=AXIS2_PLACEMENT_3D('',#4634,#3711,#3712);
#3427=AXIS2_PLACEMENT_3D('',#4635,#3713,#3714);
#3428=AXIS2_PLACEMENT_3D('',#4636,#3715,#3716);
#3429=AXIS2_PLACEMENT_3D('',#4645,#3721,#3722);
#3430=AXIS2_PLACEMENT_3D('',#4647,#3723,#3724);
#3431=AXIS2_PLACEMENT_3D('',#4649,#3725,#3726);
#3432=AXIS2_PLACEMENT_3D('',#4651,#3728,#3729);
#3433=AXIS2_PLACEMENT_3D('',#4657,#3733,#3734);
#3434=AXIS2_PLACEMENT_3D('',#4663,#3738,#3739);
#3435=AXIS2_PLACEMENT_3D('',#4669,#3743,#3744);
#3436=AXIS2_PLACEMENT_3D('',#4671,#3745,#3746);
#3437=AXIS2_PLACEMENT_3D('',#4673,#3747,#3748);
#3438=AXIS2_PLACEMENT_3D('',#4675,#3750,#3751);
#3439=AXIS2_PLACEMENT_3D('',#4681,#3755,#3756);
#3440=AXIS2_PLACEMENT_3D('',#4684,#3759,#3760);
#3441=AXIS2_PLACEMENT_3D('',#4685,#3761,#3762);
#3442=AXIS2_PLACEMENT_3D('',#4686,#3763,#3764);
#3443=AXIS2_PLACEMENT_3D('',#4695,#3769,#3770);
#3444=AXIS2_PLACEMENT_3D('',#4701,#3774,#3775);
#3445=AXIS2_PLACEMENT_3D('',#4707,#3779,#3780);
#3446=AXIS2_PLACEMENT_3D('',#4709,#3781,#3782);
#3447=AXIS2_PLACEMENT_3D('',#4711,#3783,#3784);
#3448=AXIS2_PLACEMENT_3D('',#4713,#3786,#3787);
#3449=AXIS2_PLACEMENT_3D('',#4719,#3791,#3792);
#3450=AXIS2_PLACEMENT_3D('',#4721,#3793,#3794);
#3451=AXIS2_PLACEMENT_3D('',#4723,#3795,#3796);
#3452=AXIS2_PLACEMENT_3D('',#4725,#3798,#3799);
#3453=AXIS2_PLACEMENT_3D('',#4731,#3803,#3804);
#3454=AXIS2_PLACEMENT_3D('',#4737,#3808,#3809);
#3455=AXIS2_PLACEMENT_3D('',#4743,#3813,#3814);
#3456=AXIS2_PLACEMENT_3D('',#4745,#3815,#3816);
#3457=AXIS2_PLACEMENT_3D('',#4747,#3817,#3818);
#3458=AXIS2_PLACEMENT_3D('',#4749,#3820,#3821);
#3459=AXIS2_PLACEMENT_3D('',#4755,#3825,#3826);
#3460=AXIS2_PLACEMENT_3D('',#4757,#3827,#3828);
#3461=AXIS2_PLACEMENT_3D('',#4759,#3829,#3830);
#3462=AXIS2_PLACEMENT_3D('',#4761,#3832,#3833);
#3463=AXIS2_PLACEMENT_3D('',#4767,#3837,#3838);
#3464=AXIS2_PLACEMENT_3D('',#4773,#3842,#3843);
#3465=AXIS2_PLACEMENT_3D('',#4779,#3847,#3848);
#3466=AXIS2_PLACEMENT_3D('',#4781,#3849,#3850);
#3467=AXIS2_PLACEMENT_3D('',#4783,#3851,#3852);
#3468=AXIS2_PLACEMENT_3D('',#4785,#3854,#3855);
#3469=AXIS2_PLACEMENT_3D('',#4791,#3859,#3860);
#3470=AXIS2_PLACEMENT_3D('',#4797,#3864,#3865);
#3471=AXIS2_PLACEMENT_3D('',#4803,#3869,#3870);
#3472=AXIS2_PLACEMENT_3D('',#4809,#3874,#3875);
#3473=AXIS2_PLACEMENT_3D('',#4815,#3879,#3880);
#3474=AXIS2_PLACEMENT_3D('',#4817,#3881,#3882);
#3475=AXIS2_PLACEMENT_3D('',#4819,#3883,#3884);
#3476=AXIS2_PLACEMENT_3D('',#4821,#3886,#3887);
#3477=AXIS2_PLACEMENT_3D('',#4827,#3891,#3892);
#3478=AXIS2_PLACEMENT_3D('',#4833,#3896,#3897);
#3479=AXIS2_PLACEMENT_3D('',#4839,#3901,#3902);
#3480=AXIS2_PLACEMENT_3D('',#4841,#3903,#3904);
#3481=AXIS2_PLACEMENT_3D('',#4843,#3905,#3906);
#3482=AXIS2_PLACEMENT_3D('',#4845,#3908,#3909);
#3483=AXIS2_PLACEMENT_3D('',#4851,#3913,#3914);
#3484=AXIS2_PLACEMENT_3D('',#4852,#3915,#3916);
#3485=AXIS2_PLACEMENT_3D('',#4853,#3917,#3918);
#3486=AXIS2_PLACEMENT_3D('',#4854,#3919,#3920);
#3487=AXIS2_PLACEMENT_3D('',#4855,#3921,#3922);
#3488=AXIS2_PLACEMENT_3D('',#4856,#3923,#3924);
#3489=AXIS2_PLACEMENT_3D('',#4865,#3929,#3930);
#3490=AXIS2_PLACEMENT_3D('',#4871,#3934,#3935);
#3491=AXIS2_PLACEMENT_3D('',#4877,#3939,#3940);
#3492=AXIS2_PLACEMENT_3D('',#4880,#3943,#3944);
#3493=AXIS2_PLACEMENT_3D('',#4881,#3945,#3946);
#3494=AXIS2_PLACEMENT_3D('',#4882,#3947,#3948);
#3495=AXIS2_PLACEMENT_3D('',#4891,#3953,#3954);
#3496=AXIS2_PLACEMENT_3D('',#4897,#3958,#3959);
#3497=AXIS2_PLACEMENT_3D('',#4903,#3963,#3964);
#3498=AXIS2_PLACEMENT_3D('',#4906,#3967,#3968);
#3499=AXIS2_PLACEMENT_3D('',#4907,#3969,#3970);
#3500=AXIS2_PLACEMENT_3D('',#4908,#3971,#3972);
#3501=AXIS2_PLACEMENT_3D('',#4917,#3977,#3978);
#3502=AXIS2_PLACEMENT_3D('',#4923,#3982,#3983);
#3503=AXIS2_PLACEMENT_3D('',#4929,#3987,#3988);
#3504=AXIS2_PLACEMENT_3D('',#4932,#3991,#3992);
#3505=AXIS2_PLACEMENT_3D('',#4933,#3993,#3994);
#3506=AXIS2_PLACEMENT_3D('',#4934,#3995,#3996);
#3507=AXIS2_PLACEMENT_3D('',#4936,#3997,#3998);
#3508=AXIS2_PLACEMENT_3D('',#4938,#3999,#4000);
#3509=AXIS2_PLACEMENT_3D('',#4939,#4001,#4002);
#3510=AXIS2_PLACEMENT_3D('',#4940,#4003,#4004);
#3511=AXIS2_PLACEMENT_3D('',#4941,#4005,#4006);
#3512=AXIS2_PLACEMENT_3D('',#4950,#4011,#4012);
#3513=AXIS2_PLACEMENT_3D('',#4956,#4016,#4017);
#3514=AXIS2_PLACEMENT_3D('',#4962,#4021,#4022);
#3515=AXIS2_PLACEMENT_3D('',#4968,#4026,#4027);
#3516=AXIS2_PLACEMENT_3D('',#4974,#4031,#4032);
#3517=AXIS2_PLACEMENT_3D('',#5003,#4037,#4038);
#3518=AXIS2_PLACEMENT_3D('',#5009,#4042,#4043);
#3519=AXIS2_PLACEMENT_3D('',#5015,#4047,#4048);
#3520=AXIS2_PLACEMENT_3D('',#5049,#4052,#4053);
#3521=AXIS2_PLACEMENT_3D('',#5050,#4054,#4055);
#3522=AXIS2_PLACEMENT_3D('',#5051,#4056,#4057);
#3523=AXIS2_PLACEMENT_3D('',#5060,#4062,#4063);
#3524=AXIS2_PLACEMENT_3D('',#5066,#4067,#4068);
#3525=AXIS2_PLACEMENT_3D('',#5072,#4072,#4073);
#3526=AXIS2_PLACEMENT_3D('',#5078,#4077,#4078);
#3527=AXIS2_PLACEMENT_3D('',#5084,#4082,#4083);
#3528=AXIS2_PLACEMENT_3D('',#5113,#4088,#4089);
#3529=AXIS2_PLACEMENT_3D('',#5119,#4093,#4094);
#3530=AXIS2_PLACEMENT_3D('',#5125,#4098,#4099);
#3531=AXIS2_PLACEMENT_3D('',#5159,#4103,#4104);
#3532=AXIS2_PLACEMENT_3D('',#5160,#4105,#4106);
#3533=AXIS2_PLACEMENT_3D('',#5161,#4107,#4108);
#3534=AXIS2_PLACEMENT_3D('',#5170,#4113,#4114);
#3535=AXIS2_PLACEMENT_3D('',#5176,#4118,#4119);
#3536=AXIS2_PLACEMENT_3D('',#5182,#4123,#4124);
#3537=AXIS2_PLACEMENT_3D('',#5185,#4127,#4128);
#3538=AXIS2_PLACEMENT_3D('',#5186,#4129,#4130);
#3539=AXIS2_PLACEMENT_3D('',#5187,#4131,#4132);
#3540=AXIS2_PLACEMENT_3D('',#5196,#4137,#4138);
#3541=AXIS2_PLACEMENT_3D('',#5202,#4142,#4143);
#3542=AXIS2_PLACEMENT_3D('',#5208,#4147,#4148);
#3543=AXIS2_PLACEMENT_3D('',#5214,#4152,#4153);
#3544=AXIS2_PLACEMENT_3D('',#5220,#4157,#4158);
#3545=AXIS2_PLACEMENT_3D('',#5249,#4163,#4164);
#3546=AXIS2_PLACEMENT_3D('',#5255,#4168,#4169);
#3547=AXIS2_PLACEMENT_3D('',#5261,#4173,#4174);
#3548=AXIS2_PLACEMENT_3D('',#5295,#4178,#4179);
#3549=AXIS2_PLACEMENT_3D('',#5296,#4180,#4181);
#3550=AXIS2_PLACEMENT_3D('',#5319,#4184,#4185);
#3551=AXIS2_PLACEMENT_3D('',#5325,#4189,#4190);
#3552=AXIS2_PLACEMENT_3D('',#5331,#4194,#4195);
#3553=AXIS2_PLACEMENT_3D('',#5337,#4199,#4200);
#3554=AXIS2_PLACEMENT_3D('',#5343,#4204,#4205);
#3555=AXIS2_PLACEMENT_3D('',#5349,#4209,#4210);
#3556=AXIS2_PLACEMENT_3D('',#5355,#4214,#4215);
#3557=AXIS2_PLACEMENT_3D('',#5361,#4219,#4220);
#3558=AXIS2_PLACEMENT_3D('',#5367,#4224,#4225);
#3559=AXIS2_PLACEMENT_3D('',#5373,#4229,#4230);
#3560=AXIS2_PLACEMENT_3D('',#5379,#4234,#4235);
#3561=AXIS2_PLACEMENT_3D('',#5404,#4240,#4241);
#3562=AXIS2_PLACEMENT_3D('',#5407,#4244,#4245);
#3563=AXIS2_PLACEMENT_3D('',#5408,#4246,#4247);
#3564=AXIS2_PLACEMENT_3D('',#5409,#4248,#4249);
#3565=AXIS2_PLACEMENT_3D('',#5418,#4254,#4255);
#3566=AXIS2_PLACEMENT_3D('',#5424,#4259,#4260);
#3567=AXIS2_PLACEMENT_3D('',#5430,#4264,#4265);
#3568=AXIS2_PLACEMENT_3D('',#5433,#4268,#4269);
#3569=AXIS2_PLACEMENT_3D('',#5434,#4270,#4271);
#3570=AXIS2_PLACEMENT_3D('',#5435,#4272,#4273);
#3571=AXIS2_PLACEMENT_3D('',#5444,#4278,#4279);
#3572=AXIS2_PLACEMENT_3D('',#5450,#4283,#4284);
#3573=AXIS2_PLACEMENT_3D('',#5522,#4290,#4291);
#3574=AXIS2_PLACEMENT_3D('',#5563,#4296,#4297);
#3575=AXIS2_PLACEMENT_3D('',#5604,#4302,#4303);
#3576=AXIS2_PLACEMENT_3D('',#5610,#4307,#4308);
#3577=AXIS2_PLACEMENT_3D('',#5616,#4312,#4313);
#3578=AXIS2_PLACEMENT_3D('',#5619,#4316,#4317);
#3579=AXIS2_PLACEMENT_3D('',#5620,#4318,#4319);
#3580=AXIS2_PLACEMENT_3D('',#5621,#4320,#4321);
#3581=AXIS2_PLACEMENT_3D('',#5630,#4326,#4327);
#3582=AXIS2_PLACEMENT_3D('',#5636,#4331,#4332);
#3583=AXIS2_PLACEMENT_3D('',#5642,#4336,#4337);
#3584=AXIS2_PLACEMENT_3D('',#5645,#4340,#4341);
#3585=AXIS2_PLACEMENT_3D('',#5646,#4342,#4343);
#3586=AXIS2_PLACEMENT_3D('',#5647,#4344,#4345);
#3587=AXIS2_PLACEMENT_3D('',#5649,#4346,#4347);
#3588=AXIS2_PLACEMENT_3D('',#5651,#4348,#4349);
#3589=AXIS2_PLACEMENT_3D('',#5652,#4350,#4351);
#3590=AXIS2_PLACEMENT_3D('',#5653,#4352,#4353);
#3591=AXIS2_PLACEMENT_3D('',#5654,#4354,#4355);
#3592=AXIS2_PLACEMENT_3D('',#5656,#4356,#4357);
#3593=AXIS2_PLACEMENT_3D('',#5658,#4358,#4359);
#3594=AXIS2_PLACEMENT_3D('',#5659,#4360,#4361);
#3595=AXIS2_PLACEMENT_3D('',#5660,#4362,#4363);
#3596=AXIS2_PLACEMENT_3D('',#5695,#4366,#4367);
#3597=AXIS2_PLACEMENT_3D('',#5701,#4371,#4372);
#3598=AXIS2_PLACEMENT_3D('',#5707,#4376,#4377);
#3599=AXIS2_PLACEMENT_3D('',#5713,#4381,#4382);
#3600=AXIS2_PLACEMENT_3D('',#5719,#4386,#4387);
#3601=AXIS2_PLACEMENT_3D('',#5721,#4388,#4389);
#3602=AXIS2_PLACEMENT_3D('',#5723,#4390,#4391);
#3603=AXIS2_PLACEMENT_3D('',#5725,#4393,#4394);
#3604=AXIS2_PLACEMENT_3D('',#5770,#4399,#4400);
#3605=AXIS2_PLACEMENT_3D('',#5773,#4403,#4404);
#3606=AXIS2_PLACEMENT_3D('',#5774,#4405,#4406);
#3607=AXIS2_PLACEMENT_3D('',#5893,#4409,#4410);
#3608=AXIS2_PLACEMENT_3D('',#5894,#4411,#4412);
#3609=DIRECTION('axis',(0.,0.,1.));
#3610=DIRECTION('refdir',(1.,0.,0.));
#3611=DIRECTION('center_axis',(0.,0.,-1.));
#3612=DIRECTION('ref_axis',(-1.,0.,0.));
#3613=DIRECTION('center_axis',(0.,0.,-1.));
#3614=DIRECTION('ref_axis',(-1.,0.,0.));
#3615=DIRECTION('center_axis',(0.,0.,-1.));
#3616=DIRECTION('ref_axis',(-1.,0.,0.));
#3617=DIRECTION('center_axis',(0.,0.,1.));
#3618=DIRECTION('ref_axis',(1.,0.,0.));
#3619=DIRECTION('center_axis',(-1.,1.83697019872103E-16,0.));
#3620=DIRECTION('ref_axis',(0.,0.,-1.));
#3621=DIRECTION('',(1.83697019872103E-16,1.,0.));
#3622=DIRECTION('',(0.,0.,1.));
#3623=DIRECTION('',(-1.83697019872103E-16,-1.,0.));
#3624=DIRECTION('',(0.,0.,-1.));
#3625=DIRECTION('center_axis',(1.83697019872103E-16,1.,0.));
#3626=DIRECTION('ref_axis',(0.,0.,1.));
#3627=DIRECTION('',(1.,-1.83697019872103E-16,0.));
#3628=DIRECTION('',(0.,0.,1.));
#3629=DIRECTION('',(-1.,1.83697019872103E-16,0.));
#3630=DIRECTION('center_axis',(0.,0.,1.));
#3631=DIRECTION('ref_axis',(-1.83697019872103E-16,-1.,0.));
#3632=DIRECTION('',(-1.,1.83697019872103E-16,0.));
#3633=DIRECTION('',(-1.83697019872103E-16,-1.,0.));
#3634=DIRECTION('center_axis',(1.,-1.83697019872103E-16,0.));
#3635=DIRECTION('ref_axis',(0.,0.,1.));
#3636=DIRECTION('',(0.,0.,-1.));
#3637=DIRECTION('',(1.83697019872103E-16,1.,0.));
#3638=DIRECTION('center_axis',(-1.83697019872103E-16,-1.,0.));
#3639=DIRECTION('ref_axis',(0.,0.,-1.));
#3640=DIRECTION('',(1.,-1.83697019872103E-16,0.));
#3641=DIRECTION('center_axis',(0.,0.,1.));
#3642=DIRECTION('ref_axis',(-1.83697019872103E-16,-1.,0.));
#3643=DIRECTION('center_axis',(-1.83697019872103E-16,-1.,0.));
#3644=DIRECTION('ref_axis',(1.,-1.83697019872103E-16,-4.62592926925816E-17));
#3645=DIRECTION('',(-1.,1.83697019872103E-16,0.));
#3646=DIRECTION('',(0.,0.,1.));
#3647=DIRECTION('',(1.,-1.83697019872103E-16,0.));
#3648=DIRECTION('',(0.,0.,1.));
#3649=DIRECTION('center_axis',(-1.,1.66020711103174E-11,0.));
#3650=DIRECTION('ref_axis',(-1.66020711103174E-11,-1.,-8.81129384622193E-17));
#3651=DIRECTION('',(1.66020711103174E-11,1.,8.81129384622193E-17));
#3652=DIRECTION('',(-1.66020711103174E-11,-1.,0.));
#3653=DIRECTION('',(0.,0.,1.));
#3654=DIRECTION('',(0.,0.,1.));
#3655=DIRECTION('center_axis',(-1.,1.83697019872103E-16,0.));
#3656=DIRECTION('ref_axis',(-1.83697019872103E-16,-1.,-1.38777878078087E-16));
#3657=DIRECTION('',(1.83697019872103E-16,1.,1.15648231731739E-16));
#3658=DIRECTION('',(-1.83697019872103E-16,-1.,-9.25185853853912E-17));
#3659=DIRECTION('',(0.,0.,1.));
#3660=DIRECTION('',(0.,0.,1.));
#3661=DIRECTION('center_axis',(-1.,3.18324982590289E-11,0.));
#3662=DIRECTION('ref_axis',(-3.18324982590289E-11,-1.,0.));
#3663=DIRECTION('',(3.18324982590289E-11,1.,0.));
#3664=DIRECTION('',(-3.18324982590289E-11,-1.,0.));
#3665=DIRECTION('',(0.,0.,1.));
#3666=DIRECTION('',(0.,0.,1.));
#3667=DIRECTION('center_axis',(-1.,1.83697019872103E-16,0.));
#3668=DIRECTION('ref_axis',(-1.83697019872103E-16,-1.,-1.38777878077957E-16));
#3669=DIRECTION('',(1.83697019872103E-16,1.,1.15648231731631E-16));
#3670=DIRECTION('',(-1.83697019872103E-16,-1.,-9.25185853853046E-17));
#3671=DIRECTION('',(0.,0.,1.));
#3672=DIRECTION('',(0.,0.,1.));
#3673=DIRECTION('center_axis',(-0.999982699411143,0.00588225113409172,0.));
#3674=DIRECTION('ref_axis',(-0.00588225113409172,-0.999982699411143,0.));
#3675=DIRECTION('',(0.00588225113408127,0.999982699411143,0.));
#3676=DIRECTION('',(-0.00588225113408127,-0.999982699411143,0.));
#3677=DIRECTION('',(0.,0.,1.));
#3678=DIRECTION('center_axis',(0.,0.,1.));
#3679=DIRECTION('ref_axis',(0.707106781186269,0.707106781186826,0.));
#3680=DIRECTION('center_axis',(-6.54205191120402E-17,-1.57939104497539E-16,
1.));
#3681=DIRECTION('ref_axis',(1.49232344211285E-12,1.,1.85037170770458E-16));
#3682=DIRECTION('center_axis',(8.93438494438105E-16,8.93438494438856E-16,
-1.));
#3683=DIRECTION('ref_axis',(1.,2.32092257312473E-12,7.40148683081823E-16));
#3684=DIRECTION('',(0.,0.,1.));
#3685=DIRECTION('center_axis',(-1.83697019872103E-16,-1.,0.));
#3686=DIRECTION('ref_axis',(1.,-1.83697019872103E-16,-1.38087440871894E-16));
#3687=DIRECTION('',(-1.,1.83697019872103E-16,6.90437204359468E-17));
#3688=DIRECTION('',(1.,-1.83697019872103E-16,0.));
#3689=DIRECTION('',(0.,0.,1.));
#3690=DIRECTION('center_axis',(-1.,1.83697019872103E-16,0.));
#3691=DIRECTION('ref_axis',(-1.83697019872103E-16,-1.,-9.25185853854273E-17));
#3692=DIRECTION('',(1.83697019872103E-16,1.,1.15648231731784E-16));
#3693=DIRECTION('',(-1.83697019872103E-16,-1.,-9.25185853854273E-17));
#3694=DIRECTION('',(0.,0.,1.));
#3695=DIRECTION('center_axis',(-2.75674070982023E-13,1.,0.));
#3696=DIRECTION('ref_axis',(-1.,-2.75674070982023E-13,-7.54298584380182E-15));
#3697=DIRECTION('',(1.,2.75674070982023E-13,7.55931265298754E-15));
#3698=DIRECTION('',(-1.,-2.75674070982023E-13,-7.64094669891613E-15));
#3699=DIRECTION('',(0.,0.,1.));
#3700=DIRECTION('center_axis',(0.,0.,-1.));
#3701=DIRECTION('ref_axis',(0.707106781187756,0.707106781185339,0.));
#3702=DIRECTION('center_axis',(-4.73817313493032E-16,-1.96261557335821E-16,
-1.));
#3703=DIRECTION('ref_axis',(1.,1.06563040661648E-12,-4.16333634232949E-16));
#3704=DIRECTION('center_axis',(1.89526925397213E-15,7.85046229343284E-16,
1.));
#3705=DIRECTION('ref_axis',(4.47660293229254E-12,1.,-1.1102230246212E-15));
#3706=DIRECTION('',(0.,0.,1.));
#3707=DIRECTION('center_axis',(1.,7.68403374900701E-13,0.));
#3708=DIRECTION('ref_axis',(-7.68403374900701E-13,1.,1.92334411308249E-15));
#3709=DIRECTION('',(7.68403374900701E-13,-1.,-1.92334411308249E-15));
#3710=DIRECTION('',(-7.68403374900701E-13,1.,1.90770716907369E-15));
#3711=DIRECTION('center_axis',(-1.13357189240635E-15,-3.73577738875925E-16,
1.));
#3712=DIRECTION('ref_axis',(-1.83697019872103E-16,-1.,-3.73577738875925E-16));
#3713=DIRECTION('center_axis',(-1.13357189240635E-15,-3.73577738875925E-16,
1.));
#3714=DIRECTION('ref_axis',(-1.83697019872103E-16,-1.,-3.73577738875925E-16));
#3715=DIRECTION('center_axis',(-2.18845325647097E-11,1.,0.));
#3716=DIRECTION('ref_axis',(-1.,-2.18845325647097E-11,0.));
#3717=DIRECTION('',(1.,2.18845325647097E-11,0.));
#3718=DIRECTION('',(0.,0.,1.));
#3719=DIRECTION('',(-1.,-2.18845325647097E-11,0.));
#3720=DIRECTION('',(0.,0.,1.));
#3721=DIRECTION('center_axis',(0.,0.,1.));
#3722=DIRECTION('ref_axis',(3.90614807648973E-13,-1.,0.));
#3723=DIRECTION('center_axis',(6.5420519111983E-17,-1.57939104497338E-16,
1.));
#3724=DIRECTION('ref_axis',(3.90614807648973E-13,-1.,-1.85037170771234E-16));
#3725=DIRECTION('center_axis',(-6.5420519111983E-17,1.57939104497338E-16,
-1.));
#3726=DIRECTION('ref_axis',(3.90614807648973E-13,-1.,-1.85037170771234E-16));
#3727=DIRECTION('',(0.,0.,1.));
#3728=DIRECTION('center_axis',(-1.,1.9491009151005E-12,0.));
#3729=DIRECTION('ref_axis',(-1.9491009151005E-12,-1.,-1.18952466923866E-16));
#3730=DIRECTION('',(1.9491009151005E-12,1.,1.18952466923866E-16));
#3731=DIRECTION('',(-1.9491009151005E-12,-1.,-1.18952466923866E-16));
#3732=DIRECTION('',(0.,0.,1.));
#3733=DIRECTION('center_axis',(-1.16586819094737E-14,1.,0.));
#3734=DIRECTION('ref_axis',(-1.,-1.16586819094737E-14,0.));
#3735=DIRECTION('',(1.,1.16586819094737E-14,0.));
#3736=DIRECTION('',(-1.,-1.16586819094737E-14,0.));
#3737=DIRECTION('',(0.,0.,1.));
#3738=DIRECTION('center_axis',(1.,-1.0915773391461E-12,0.));
#3739=DIRECTION('ref_axis',(1.0915773391461E-12,1.,1.22124532708623E-16));
#3740=DIRECTION('',(-1.0915773391461E-12,-1.,-1.22124532708623E-16));
#3741=DIRECTION('',(1.0915773391461E-12,1.,1.22124532708623E-16));
#3742=DIRECTION('',(0.,0.,1.));
#3743=DIRECTION('center_axis',(0.,0.,1.));
#3744=DIRECTION('ref_axis',(1.,-5.68617885625889E-13,0.));
#3745=DIRECTION('center_axis',(6.93889390388589E-17,6.9388939038978E-17,
-1.));
#3746=DIRECTION('ref_axis',(1.,-5.68617885625889E-13,6.93889390388205E-17));
#3747=DIRECTION('center_axis',(-6.93889390388589E-17,-6.9388939038978E-17,
1.));
#3748=DIRECTION('ref_axis',(1.,-5.68617885625889E-13,6.93889390388205E-17));
#3749=DIRECTION('',(0.,0.,1.));
#3750=DIRECTION('center_axis',(-9.09678398797763E-13,-1.,0.));
#3751=DIRECTION('ref_axis',(1.,-9.09678398797763E-13,0.));
#3752=DIRECTION('',(-1.,9.09678398797763E-13,0.));
#3753=DIRECTION('',(1.,-9.09678398797763E-13,0.));
#3754=DIRECTION('',(0.,0.,1.));
#3755=DIRECTION('center_axis',(-1.,1.83697019872103E-16,0.));
#3756=DIRECTION('ref_axis',(-1.83697019872103E-16,-1.,-1.15648231732637E-16));
#3757=DIRECTION('',(1.83697019872103E-16,1.,1.15648231732637E-16));
#3758=DIRECTION('',(-1.83697019872103E-16,-1.,-1.15648231732637E-16));
#3759=DIRECTION('center_axis',(-1.47444183281989E-18,-1.21065704358413E-16,
1.));
#3760=DIRECTION('ref_axis',(-1.83697019872103E-16,-1.,-1.21065704358413E-16));
#3761=DIRECTION('center_axis',(-1.47444183281989E-18,-1.21065704358413E-16,
1.));
#3762=DIRECTION('ref_axis',(-1.83697019872103E-16,-1.,-1.21065704358413E-16));
#3763=DIRECTION('center_axis',(-4.5472898116895E-12,1.,0.));
#3764=DIRECTION('ref_axis',(-1.,-4.5472898116895E-12,0.));
#3765=DIRECTION('',(1.,4.5472898116895E-12,0.));
#3766=DIRECTION('',(0.,0.,1.));
#3767=DIRECTION('',(-1.,-4.5472898116895E-12,0.));
#3768=DIRECTION('',(0.,0.,1.));
#3769=DIRECTION('center_axis',(1.,2.98409579317187E-12,0.));
#3770=DIRECTION('ref_axis',(-2.98409579317187E-12,1.,1.15648231731761E-16));
#3771=DIRECTION('',(2.98409579317187E-12,-1.,-1.15648231731761E-16));
#3772=DIRECTION('',(-2.98409579317187E-12,1.,1.15648231731761E-16));
#3773=DIRECTION('',(0.,0.,1.));
#3774=DIRECTION('center_axis',(1.51564080588813E-12,-1.,0.));
#3775=DIRECTION('ref_axis',(1.,1.51564080588813E-12,0.));
#3776=DIRECTION('',(-1.,-1.51564080588813E-12,0.));
#3777=DIRECTION('',(1.,1.51564080588813E-12,0.));
#3778=DIRECTION('',(0.,0.,1.));
#3779=DIRECTION('center_axis',(0.,0.,1.));
#3780=DIRECTION('ref_axis',(2.86621237372853E-13,1.,0.));
#3781=DIRECTION('center_axis',(-6.9388939040595E-17,-6.93889390389774E-17,
1.));
#3782=DIRECTION('ref_axis',(2.86621237372853E-13,1.,6.93889390389973E-17));
#3783=DIRECTION('center_axis',(6.9388939040595E-17,6.93889390389774E-17,
-1.));
#3784=DIRECTION('ref_axis',(2.86621237372853E-13,1.,6.93889390389973E-17));
#3785=DIRECTION('',(0.,0.,1.));
#3786=DIRECTION('center_axis',(1.,-1.8190077732526E-11,0.));
#3787=DIRECTION('ref_axis',(1.8190077732526E-11,1.,1.38777878078507E-16));
#3788=DIRECTION('',(-1.8190077732526E-11,-1.,-1.38777878078507E-16));
#3789=DIRECTION('',(1.8190077732526E-11,1.,1.38777878078507E-16));
#3790=DIRECTION('',(0.,0.,1.));
#3791=DIRECTION('center_axis',(0.,0.,1.));
#3792=DIRECTION('ref_axis',(-1.,2.36079660926173E-11,0.));
#3793=DIRECTION('center_axis',(6.93889390373419E-17,-6.93889390391342E-17,
1.));
#3794=DIRECTION('ref_axis',(-1.,2.36079660926173E-11,6.93889390389784E-17));
#3795=DIRECTION('center_axis',(-6.93889390373419E-17,6.93889390391342E-17,
-1.));
#3796=DIRECTION('ref_axis',(-1.,2.36079660926173E-11,6.93889390389784E-17));
#3797=DIRECTION('',(0.,0.,1.));
#3798=DIRECTION('center_axis',(-4.59465932740517E-12,1.,0.));
#3799=DIRECTION('ref_axis',(-1.,-4.59465932740517E-12,0.));
#3800=DIRECTION('',(1.,4.59465932740517E-12,0.));
#3801=DIRECTION('',(-1.,-4.59465932740517E-12,0.));
#3802=DIRECTION('',(0.,0.,1.));
#3803=DIRECTION('center_axis',(1.,2.9811351984395E-12,0.));
#3804=DIRECTION('ref_axis',(-2.9811351984395E-12,1.,1.15648231731759E-16));
#3805=DIRECTION('',(2.9811351984395E-12,-1.,-1.15648231731759E-16));
#3806=DIRECTION('',(-2.9811351984395E-12,1.,1.15648231731759E-16));
#3807=DIRECTION('',(0.,0.,1.));
#3808=DIRECTION('center_axis',(1.51564080588813E-12,-1.,0.));
#3809=DIRECTION('ref_axis',(1.,1.51564080588813E-12,0.));
#3810=DIRECTION('',(-1.,-1.51564080588813E-12,0.));
#3811=DIRECTION('',(1.,1.51564080588813E-12,0.));
#3812=DIRECTION('',(0.,0.,1.));
#3813=DIRECTION('center_axis',(0.,0.,1.));
#3814=DIRECTION('ref_axis',(2.86621237372853E-13,1.,0.));
#3815=DIRECTION('center_axis',(-6.9388939040595E-17,-6.93889390389774E-17,
1.));
#3816=DIRECTION('ref_axis',(2.86621237372853E-13,1.,6.93889390389973E-17));
#3817=DIRECTION('center_axis',(6.9388939040595E-17,6.93889390389774E-17,
-1.));
#3818=DIRECTION('ref_axis',(2.86621237372853E-13,1.,6.93889390389973E-17));
#3819=DIRECTION('',(0.,0.,1.));
#3820=DIRECTION('center_axis',(1.,-1.81900777325053E-11,0.));
#3821=DIRECTION('ref_axis',(1.81900777325053E-11,1.,1.3877787807835E-16));
#3822=DIRECTION('',(-1.81900777325053E-11,-1.,-1.3877787807835E-16));
#3823=DIRECTION('',(1.81900777325053E-11,1.,1.3877787807835E-16));
#3824=DIRECTION('',(0.,0.,1.));
#3825=DIRECTION('center_axis',(0.,0.,1.));
#3826=DIRECTION('ref_axis',(-1.,2.33237489983202E-11,0.));
#3827=DIRECTION('center_axis',(6.93889390373813E-17,-6.93889390391342E-17,
1.));
#3828=DIRECTION('ref_axis',(-1.,2.33237489983202E-11,6.93889390389981E-17));
#3829=DIRECTION('center_axis',(-6.93889390373813E-17,6.93889390391342E-17,
-1.));
#3830=DIRECTION('ref_axis',(-1.,2.33237489983202E-11,6.93889390389981E-17));
#3831=DIRECTION('',(0.,0.,1.));
#3832=DIRECTION('center_axis',(-4.59465932740522E-12,1.,0.));
#3833=DIRECTION('ref_axis',(-1.,-4.59465932740522E-12,0.));
#3834=DIRECTION('',(1.,4.59465932740522E-12,0.));
#3835=DIRECTION('',(-1.,-4.59465932740522E-12,0.));
#3836=DIRECTION('',(0.,0.,1.));
#3837=DIRECTION('center_axis',(1.,2.98409579318314E-12,0.));
#3838=DIRECTION('ref_axis',(-2.98409579318314E-12,1.,1.15648231732198E-16));
#3839=DIRECTION('',(2.98409579318314E-12,-1.,-1.15648231732198E-16));
#3840=DIRECTION('',(-2.98409579318314E-12,1.,1.15648231732198E-16));
#3841=DIRECTION('',(0.,0.,1.));
#3842=DIRECTION('center_axis',(-1.83697019872103E-16,-1.,0.));
#3843=DIRECTION('ref_axis',(1.,-1.83697019872103E-16,0.));
#3844=DIRECTION('',(-1.,1.83697019872103E-16,0.));
#3845=DIRECTION('',(1.,-1.83697019872103E-16,0.));
#3846=DIRECTION('',(0.,0.,1.));
#3847=DIRECTION('center_axis',(0.,0.,1.));
#3848=DIRECTION('ref_axis',(-5.64781044636447E-13,1.,0.));
#3849=DIRECTION('center_axis',(-6.93889390390569E-17,-6.9388939039135E-17,
1.));
#3850=DIRECTION('ref_axis',(-5.64781044636447E-13,1.,6.93889390390959E-17));
#3851=DIRECTION('center_axis',(6.93889390390569E-17,6.9388939039135E-17,
-1.));
#3852=DIRECTION('ref_axis',(-5.64781044636447E-13,1.,6.93889390390959E-17));
#3853=DIRECTION('',(0.,0.,1.));
#3854=DIRECTION('center_axis',(1.,-8.02513694794445E-12,0.));
#3855=DIRECTION('ref_axis',(8.02513694794445E-12,1.,1.30614473485101E-16));
#3856=DIRECTION('',(-8.02513694794445E-12,-1.,-1.30614473485101E-16));
#3857=DIRECTION('',(8.02513694794445E-12,1.,1.30614473485101E-16));
#3858=DIRECTION('',(0.,0.,1.));
#3859=DIRECTION('center_axis',(1.16586819096352E-14,-1.,0.));
#3860=DIRECTION('ref_axis',(1.,1.16586819096352E-14,0.));
#3861=DIRECTION('',(-1.,-1.16586819096352E-14,0.));
#3862=DIRECTION('',(1.,1.16586819096352E-14,0.));
#3863=DIRECTION('',(0.,0.,1.));
#3864=DIRECTION('center_axis',(-1.,-1.36376229616629E-12,0.));
#3865=DIRECTION('ref_axis',(1.36376229616629E-12,-1.,-1.22587125635695E-16));
#3866=DIRECTION('',(-1.36376229616629E-12,1.,1.22587125635695E-16));
#3867=DIRECTION('',(1.36376229616629E-12,-1.,-1.22587125635695E-16));
#3868=DIRECTION('',(0.,0.,1.));
#3869=DIRECTION('center_axis',(-1.16586819094647E-14,1.,0.));
#3870=DIRECTION('ref_axis',(-1.,-1.16586819094647E-14,0.));
#3871=DIRECTION('',(1.,1.16586819094647E-14,0.));
#3872=DIRECTION('',(-1.,-1.16586819094647E-14,0.));
#3873=DIRECTION('',(0.,0.,1.));
#3874=DIRECTION('center_axis',(1.,-5.3518058041534E-13,0.));
#3875=DIRECTION('ref_axis',(5.3518058041534E-13,1.,1.30614473485222E-16));
#3876=DIRECTION('',(-5.3518058041534E-13,-1.,-1.30614473485222E-16));
#3877=DIRECTION('',(5.3518058041534E-13,1.,1.30614473485222E-16));
#3878=DIRECTION('',(0.,0.,1.));
#3879=DIRECTION('center_axis',(0.,0.,1.));
#3880=DIRECTION('ref_axis',(-1.,-1.13668468019279E-12,0.));
#3881=DIRECTION('center_axis',(6.93889390389376E-17,-6.93889390388205E-17,
1.));
#3882=DIRECTION('ref_axis',(-1.,-1.13668468019279E-12,6.93889390388588E-17));
#3883=DIRECTION('center_axis',(-6.93889390389376E-17,6.93889390388205E-17,
-1.));
#3884=DIRECTION('ref_axis',(-1.,-1.13668468019279E-12,6.93889390388588E-17));
#3885=DIRECTION('',(0.,0.,1.));
#3886=DIRECTION('center_axis',(-7.57893881749718E-12,1.,0.));
#3887=DIRECTION('ref_axis',(-1.,-7.57893881749718E-12,0.));
#3888=DIRECTION('',(1.,7.57893881749718E-12,0.));
#3889=DIRECTION('',(-1.,-7.57893881749718E-12,0.));
#3890=DIRECTION('',(0.,0.,1.));
#3891=DIRECTION('center_axis',(1.,-2.98446318720766E-12,0.));
#3892=DIRECTION('ref_axis',(2.98446318720766E-12,1.,1.15648231731607E-16));
#3893=DIRECTION('',(-2.98446318720766E-12,-1.,-1.15648231731607E-16));
#3894=DIRECTION('',(2.98446318720766E-12,1.,1.15648231731607E-16));
#3895=DIRECTION('',(0.,0.,1.));
#3896=DIRECTION('center_axis',(1.51564080590623E-12,-1.,0.));
#3897=DIRECTION('ref_axis',(1.,1.51564080590623E-12,0.));
#3898=DIRECTION('',(-1.,-1.51564080590623E-12,0.));
#3899=DIRECTION('',(1.,1.51564080590623E-12,0.));
#3900=DIRECTION('',(0.,0.,1.));
#3901=DIRECTION('center_axis',(0.,0.,1.));
#3902=DIRECTION('ref_axis',(-8.83686505519995E-15,1.,0.));
#3903=DIRECTION('center_axis',(-6.93889390405939E-17,-6.9388939039018E-17,
1.));
#3904=DIRECTION('ref_axis',(-8.83686505519995E-15,1.,6.93889390390158E-17));
#3905=DIRECTION('center_axis',(6.93889390405939E-17,6.9388939039018E-17,
-1.));
#3906=DIRECTION('ref_axis',(-8.83686505519995E-15,1.,6.93889390390158E-17));
#3907=DIRECTION('',(0.,0.,1.));
#3908=DIRECTION('center_axis',(1.,-1.93269461097232E-11,0.));
#3909=DIRECTION('ref_axis',(1.93269461097232E-11,1.,1.3877787807835E-16));
#3910=DIRECTION('',(-1.93269461097232E-11,-1.,-1.3877787807835E-16));
#3911=DIRECTION('',(1.93269461097232E-11,1.,1.3877787807835E-16));
#3912=DIRECTION('',(0.,0.,1.));
#3913=DIRECTION('center_axis',(0.,0.,1.));
#3914=DIRECTION('ref_axis',(-1.,2.33237489983202E-11,0.));
#3915=DIRECTION('center_axis',(6.93889390373813E-17,-6.93889390391342E-17,
1.));
#3916=DIRECTION('ref_axis',(-1.,2.33237489983202E-11,6.93889390389981E-17));
#3917=DIRECTION('center_axis',(-6.93889390373813E-17,6.93889390391342E-17,
-1.));
#3918=DIRECTION('ref_axis',(-1.,2.33237489983202E-11,6.93889390389981E-17));
#3919=DIRECTION('center_axis',(-3.16917622675444E-28,-1.2264266700187E-16,
1.));
#3920=DIRECTION('ref_axis',(-1.83697019872103E-16,-1.,-1.2264266700187E-16));
#3921=DIRECTION('center_axis',(-3.16917622675444E-28,-1.2264266700187E-16,
1.));
#3922=DIRECTION('ref_axis',(-1.83697019872103E-16,-1.,-1.2264266700187E-16));
#3923=DIRECTION('center_axis',(-1.83697019872103E-16,-1.,0.));
#3924=DIRECTION('ref_axis',(1.,-1.83697019872103E-16,0.));
#3925=DIRECTION('',(-1.,1.83697019872103E-16,0.));
#3926=DIRECTION('',(0.,0.,1.));
#3927=DIRECTION('',(1.,-1.83697019872103E-16,0.));
#3928=DIRECTION('',(0.,0.,1.));
#3929=DIRECTION('center_axis',(-1.,1.83697019872103E-16,0.));
#3930=DIRECTION('ref_axis',(-1.83697019872103E-16,-1.,-1.22587125635694E-16));
#3931=DIRECTION('',(1.83697019872103E-16,1.,1.22587125635694E-16));
#3932=DIRECTION('',(-1.83697019872103E-16,-1.,-1.22587125635694E-16));
#3933=DIRECTION('',(0.,0.,1.));
#3934=DIRECTION('center_axis',(1.83697019872103E-16,1.,0.));
#3935=DIRECTION('ref_axis',(-1.,1.83697019872103E-16,0.));
#3936=DIRECTION('',(1.,-1.83697019872103E-16,0.));
#3937=DIRECTION('',(-1.,1.83697019872103E-16,0.));
#3938=DIRECTION('',(0.,0.,1.));
#3939=DIRECTION('center_axis',(1.,7.56075281278719E-14,0.));
#3940=DIRECTION('ref_axis',(-7.56075281278719E-14,1.,1.22587125635694E-16));
#3941=DIRECTION('',(7.56075281278719E-14,-1.,-1.22587125635694E-16));
#3942=DIRECTION('',(-7.56075281278719E-14,1.,1.22587125635694E-16));
#3943=DIRECTION('center_axis',(-4.06654295744125E-32,-1.22587125635694E-16,
1.));
#3944=DIRECTION('ref_axis',(-1.83697019872103E-16,-1.,-1.22587125635694E-16));
#3945=DIRECTION('center_axis',(0.,0.,1.));
#3946=DIRECTION('ref_axis',(-1.83697019872103E-16,-1.,0.));
#3947=DIRECTION('center_axis',(-1.83697019872103E-16,-1.,0.));
#3948=DIRECTION('ref_axis',(1.,-1.83697019872103E-16,0.));
#3949=DIRECTION('',(-1.,1.83697019872103E-16,0.));
#3950=DIRECTION('',(0.,0.,1.));
#3951=DIRECTION('',(1.,-1.83697019872103E-16,0.));
#3952=DIRECTION('',(0.,0.,1.));
#3953=DIRECTION('center_axis',(-1.,3.56672832554154E-17,0.));
#3954=DIRECTION('ref_axis',(-3.56672832554154E-17,-1.,-1.22587125635694E-16));
#3955=DIRECTION('',(3.56672832554154E-17,1.,1.22587125635694E-16));
#3956=DIRECTION('',(-3.56672832554154E-17,-1.,-1.22587125635694E-16));
#3957=DIRECTION('',(0.,0.,1.));
#3958=DIRECTION('center_axis',(1.83697019872103E-16,1.,0.));
#3959=DIRECTION('ref_axis',(-1.,1.83697019872103E-16,0.));
#3960=DIRECTION('',(1.,-1.83697019872103E-16,0.));
#3961=DIRECTION('',(-1.,1.83697019872103E-16,0.));
#3962=DIRECTION('',(0.,0.,1.));
#3963=DIRECTION('center_axis',(1.,7.56075281278719E-14,0.));
#3964=DIRECTION('ref_axis',(-7.56075281278719E-14,1.,1.22587125635694E-16));
#3965=DIRECTION('',(7.56075281278719E-14,-1.,-1.22587125635694E-16));
#3966=DIRECTION('',(-7.56075281278719E-14,1.,1.22587125635694E-16));
#3967=DIRECTION('center_axis',(4.70092022670819E-33,-1.22587125635694E-16,
1.));
#3968=DIRECTION('ref_axis',(-1.83697019872103E-16,-1.,-1.22587125635694E-16));
#3969=DIRECTION('center_axis',(0.,0.,1.));
#3970=DIRECTION('ref_axis',(-1.83697019872103E-16,-1.,0.));
#3971=DIRECTION('center_axis',(1.40271576954333E-14,-1.,0.));
#3972=DIRECTION('ref_axis',(1.,1.40271576954333E-14,0.));
#3973=DIRECTION('',(-1.,-1.40271576954333E-14,0.));
#3974=DIRECTION('',(0.,0.,1.));
#3975=DIRECTION('',(1.,1.40271576954333E-14,0.));
#3976=DIRECTION('',(0.,0.,1.));
#3977=DIRECTION('center_axis',(-1.,1.83697019872103E-16,0.));
#3978=DIRECTION('ref_axis',(-1.83697019872103E-16,-1.,-1.22587125635694E-16));
#3979=DIRECTION('',(1.83697019872103E-16,1.,1.22587125635694E-16));
#3980=DIRECTION('',(-1.83697019872103E-16,-1.,-1.22587125635694E-16));
#3981=DIRECTION('',(0.,0.,1.));
#3982=DIRECTION('center_axis',(1.83697019872103E-16,1.,0.));
#3983=DIRECTION('ref_axis',(-1.,1.83697019872103E-16,0.));
#3984=DIRECTION('',(1.,-1.83697019872103E-16,0.));
#3985=DIRECTION('',(-1.,1.83697019872103E-16,0.));
#3986=DIRECTION('',(0.,0.,1.));
#3987=DIRECTION('center_axis',(1.,-1.83697019872103E-16,0.));
#3988=DIRECTION('ref_axis',(1.83697019872103E-16,1.,1.22587125635694E-16));
#3989=DIRECTION('',(-1.83697019872103E-16,-1.,-1.22587125635694E-16));
#3990=DIRECTION('',(1.83697019872103E-16,1.,1.22587125635694E-16));
#3991=DIRECTION('center_axis',(8.48515026533907E-31,-1.22587125635694E-16,
1.));
#3992=DIRECTION('ref_axis',(-1.83697019872103E-16,-1.,-1.22587125635694E-16));
#3993=DIRECTION('center_axis',(0.,0.,1.));
#3994=DIRECTION('ref_axis',(-1.83697019872103E-16,-1.,0.));
#3995=DIRECTION('center_axis',(0.,0.,-1.));
#3996=DIRECTION('ref_axis',(1.83697019872103E-16,1.,0.));
#3997=DIRECTION('center_axis',(0.,0.,-1.));
#3998=DIRECTION('ref_axis',(1.83697019872103E-16,1.,0.));
#3999=DIRECTION('center_axis',(0.,0.,1.));
#4000=DIRECTION('ref_axis',(1.83697019872103E-16,1.,0.));
#4001=DIRECTION('center_axis',(0.,0.,1.));
#4002=DIRECTION('ref_axis',(-1.83697019872103E-16,-1.,0.));
#4003=DIRECTION('center_axis',(0.,0.,1.));
#4004=DIRECTION('ref_axis',(-1.83697019872103E-16,-1.,0.));
#4005=DIRECTION('center_axis',(-1.83697019872103E-16,-1.,0.));
#4006=DIRECTION('ref_axis',(1.,-1.83697019872103E-16,0.));
#4007=DIRECTION('',(1.,-1.83697019872103E-16,0.));
#4008=DIRECTION('',(0.,0.,1.));
#4009=DIRECTION('',(1.,-1.83697019872103E-16,0.));
#4010=DIRECTION('',(0.,0.,1.));
#4011=DIRECTION('center_axis',(-1.,1.83697019872103E-16,0.));
#4012=DIRECTION('ref_axis',(-1.83697019872103E-16,-1.,0.));
#4013=DIRECTION('',(-1.83697019872103E-16,-1.,0.));
#4014=DIRECTION('',(-1.83697019872103E-16,-1.,0.));
#4015=DIRECTION('',(0.,0.,1.));
#4016=DIRECTION('center_axis',(-1.19036593774972E-15,1.,0.));
#4017=DIRECTION('ref_axis',(-1.,-1.19036593774972E-15,0.));
#4018=DIRECTION('',(-1.,-2.74323966001838E-16,0.));
#4019=DIRECTION('',(-1.,-2.74323966001838E-16,0.));
#4020=DIRECTION('',(0.,0.,1.));
#4021=DIRECTION('center_axis',(1.,-1.83697019872103E-16,0.));
#4022=DIRECTION('ref_axis',(1.83697019872103E-16,1.,0.));
#4023=DIRECTION('',(1.83697019872103E-16,1.,0.));
#4024=DIRECTION('',(1.83697019872103E-16,1.,0.));
#4025=DIRECTION('',(0.,0.,1.));
#4026=DIRECTION('center_axis',(-1.83697019872103E-16,-1.,0.));
#4027=DIRECTION('ref_axis',(1.,-1.83697019872103E-16,0.));
#4028=DIRECTION('',(1.,-1.83697019872103E-16,0.));
#4029=DIRECTION('',(1.,-1.83697019872103E-16,0.));
#4030=DIRECTION('',(0.,0.,1.));
#4031=DIRECTION('center_axis',(1.,-1.15102656460294E-10,0.));
#4032=DIRECTION('ref_axis',(1.15102656460294E-10,1.,0.));
#4033=DIRECTION('',(3.83676739049143E-11,1.,0.));
#4034=DIRECTION('',(3.83676739049143E-11,1.,0.));
#4035=DIRECTION('',(0.,0.,1.));
#4036=DIRECTION('',(0.,0.,1.));
#4037=DIRECTION('center_axis',(1.45602555950955E-15,-1.,0.));
#4038=DIRECTION('ref_axis',(1.,1.45602555950955E-15,0.));
#4039=DIRECTION('',(1.,3.62877173255115E-16,0.));
#4040=DIRECTION('',(1.,3.62877173255115E-16,0.));
#4041=DIRECTION('',(0.,0.,1.));
#4042=DIRECTION('center_axis',(-1.,2.05314042360554E-15,0.));
#4043=DIRECTION('ref_axis',(-2.05314042360554E-15,-1.,0.));
#4044=DIRECTION('',(-8.06844821116581E-16,-1.,0.));
#4045=DIRECTION('',(-8.06844821116581E-16,-1.,0.));
#4046=DIRECTION('',(0.,0.,1.));
#4047=DIRECTION('center_axis',(-4.24000346665983E-10,1.,0.));
#4048=DIRECTION('ref_axis',(-1.,-4.24000346665983E-10,0.));
#4049=DIRECTION('',(-1.,-1.41333326498286E-10,0.));
#4050=DIRECTION('',(-1.,-1.41333326498286E-10,0.));
#4051=DIRECTION('',(0.,0.,1.));
#4052=DIRECTION('center_axis',(0.,0.,1.));
#4053=DIRECTION('ref_axis',(-1.83697019872103E-16,-1.,0.));
#4054=DIRECTION('center_axis',(0.,0.,1.));
#4055=DIRECTION('ref_axis',(-1.83697019872103E-16,-1.,0.));
#4056=DIRECTION('center_axis',(-1.83697019872103E-16,-1.,0.));
#4057=DIRECTION('ref_axis',(1.,-1.83697019872103E-16,0.));
#4058=DIRECTION('',(1.,-1.83697019872103E-16,0.));
#4059=DIRECTION('',(0.,0.,1.));
#4060=DIRECTION('',(1.,-1.83697019872103E-16,0.));
#4061=DIRECTION('',(0.,0.,1.));
#4062=DIRECTION('center_axis',(-1.,1.83697019872103E-16,0.));
#4063=DIRECTION('ref_axis',(-1.83697019872103E-16,-1.,0.));
#4064=DIRECTION('',(-1.83697019872103E-16,-1.,0.));
#4065=DIRECTION('',(-1.83697019872103E-16,-1.,0.));
#4066=DIRECTION('',(0.,0.,1.));
#4067=DIRECTION('center_axis',(1.21424423808847E-15,1.,0.));
#4068=DIRECTION('ref_axis',(-1.,1.21424423808847E-15,0.));
#4069=DIRECTION('',(-1.,5.27212759277559E-16,0.));
#4070=DIRECTION('',(-1.,5.27212759277559E-16,0.));
#4071=DIRECTION('',(0.,0.,1.));
#4072=DIRECTION('center_axis',(1.,-1.83697019872103E-16,0.));
#4073=DIRECTION('ref_axis',(1.83697019872103E-16,1.,0.));
#4074=DIRECTION('',(1.83697019872103E-16,1.,0.));
#4075=DIRECTION('',(1.83697019872103E-16,1.,0.));
#4076=DIRECTION('',(0.,0.,1.));
#4077=DIRECTION('center_axis',(1.65039145241737E-14,-1.,0.));
#4078=DIRECTION('ref_axis',(1.,1.65039145241737E-14,0.));
#4079=DIRECTION('',(1.,5.37884016147649E-15,0.));
#4080=DIRECTION('',(1.,5.37884016147649E-15,0.));
#4081=DIRECTION('',(0.,0.,1.));
#4082=DIRECTION('center_axis',(1.,-1.15102656460294E-10,0.));
#4083=DIRECTION('ref_axis',(1.15102656460294E-10,1.,0.));
#4084=DIRECTION('',(3.83676739049159E-11,1.,0.));
#4085=DIRECTION('',(3.83676739049159E-11,1.,0.));
#4086=DIRECTION('',(0.,0.,1.));
#4087=DIRECTION('',(0.,0.,1.));
#4088=DIRECTION('center_axis',(-1.82341959925376E-15,-1.,0.));
#4089=DIRECTION('ref_axis',(1.,-1.82341959925376E-15,0.));
#4090=DIRECTION('',(1.,-7.30271212999321E-16,0.));
#4091=DIRECTION('',(1.,-7.30271212999321E-16,0.));
#4092=DIRECTION('',(0.,0.,1.));
#4093=DIRECTION('center_axis',(-1.,1.83697019872103E-16,0.));
#4094=DIRECTION('ref_axis',(-1.83697019872103E-16,-1.,0.));
#4095=DIRECTION('',(-1.83697019872103E-16,-1.,0.));
#4096=DIRECTION('',(-1.83697019872103E-16,-1.,0.));
#4097=DIRECTION('',(0.,0.,1.));
#4098=DIRECTION('center_axis',(-4.23999414259783E-10,1.,0.));
#4099=DIRECTION('ref_axis',(-1.,-4.23999414259783E-10,0.));
#4100=DIRECTION('',(-1.,-1.41333015696219E-10,0.));
#4101=DIRECTION('',(-1.,-1.41333015696219E-10,0.));
#4102=DIRECTION('',(0.,0.,1.));
#4103=DIRECTION('center_axis',(0.,0.,1.));
#4104=DIRECTION('ref_axis',(-1.83697019872103E-16,-1.,0.));
#4105=DIRECTION('center_axis',(0.,0.,1.));
#4106=DIRECTION('ref_axis',(-1.83697019872103E-16,-1.,0.));
#4107=DIRECTION('center_axis',(-1.,1.83697019872103E-16,0.));
#4108=DIRECTION('ref_axis',(-1.83697019872103E-16,-1.,0.));
#4109=DIRECTION('',(-1.83697019872103E-16,-1.,0.));
#4110=DIRECTION('',(0.,0.,1.));
#4111=DIRECTION('',(-1.83697019872103E-16,-1.,0.));
#4112=DIRECTION('',(0.,0.,1.));
#4113=DIRECTION('center_axis',(1.83697019872103E-16,1.,0.));
#4114=DIRECTION('ref_axis',(-1.,1.83697019872103E-16,0.));
#4115=DIRECTION('',(-1.,1.83697019872103E-16,0.));
#4116=DIRECTION('',(-1.,1.83697019872103E-16,0.));
#4117=DIRECTION('',(0.,0.,1.));
#4118=DIRECTION('center_axis',(1.,-1.83697019872103E-16,0.));
#4119=DIRECTION('ref_axis',(1.83697019872103E-16,1.,0.));
#4120=DIRECTION('',(1.83697019872103E-16,1.,0.));
#4121=DIRECTION('',(1.83697019872103E-16,1.,0.));
#4122=DIRECTION('',(0.,0.,1.));
#4123=DIRECTION('center_axis',(-1.83697019872103E-16,-1.,0.));
#4124=DIRECTION('ref_axis',(1.,-1.83697019872103E-16,0.));
#4125=DIRECTION('',(1.,-1.83697019872103E-16,0.));
#4126=DIRECTION('',(1.,-1.83697019872103E-16,0.));
#4127=DIRECTION('center_axis',(0.,0.,1.));
#4128=DIRECTION('ref_axis',(-1.83697019872103E-16,-1.,0.));
#4129=DIRECTION('center_axis',(0.,0.,1.));
#4130=DIRECTION('ref_axis',(-1.83697019872103E-16,-1.,0.));
#4131=DIRECTION('center_axis',(-1.83697019872103E-16,-1.,0.));
#4132=DIRECTION('ref_axis',(1.,-1.83697019872103E-16,0.));
#4133=DIRECTION('',(1.,-1.83697019872103E-16,0.));
#4134=DIRECTION('',(0.,0.,1.));
#4135=DIRECTION('',(1.,-1.83697019872103E-16,0.));
#4136=DIRECTION('',(0.,0.,1.));
#4137=DIRECTION('center_axis',(-1.,1.83697019872103E-16,0.));
#4138=DIRECTION('ref_axis',(-1.83697019872103E-16,-1.,0.));
#4139=DIRECTION('',(-1.83697019872103E-16,-1.,0.));
#4140=DIRECTION('',(-1.83697019872103E-16,-1.,0.));
#4141=DIRECTION('',(0.,0.,1.));
#4142=DIRECTION('center_axis',(1.83697019872103E-16,1.,0.));
#4143=DIRECTION('ref_axis',(-1.,1.83697019872103E-16,0.));
#4144=DIRECTION('',(-1.,1.83697019872103E-16,0.));
#4145=DIRECTION('',(-1.,1.83697019872103E-16,0.));
#4146=DIRECTION('',(0.,0.,1.));
#4147=DIRECTION('center_axis',(1.,-1.83697019872103E-16,0.));
#4148=DIRECTION('ref_axis',(1.83697019872103E-16,1.,0.));
#4149=DIRECTION('',(1.83697019872103E-16,1.,0.));
#4150=DIRECTION('',(1.83697019872103E-16,1.,0.));
#4151=DIRECTION('',(0.,0.,1.));
#4152=DIRECTION('center_axis',(8.16010875215078E-15,-1.,0.));
#4153=DIRECTION('ref_axis',(1.,8.16010875215078E-15,0.));
#4154=DIRECTION('',(1.,2.59757157080219E-15,0.));
#4155=DIRECTION('',(1.,2.59757157080219E-15,0.));
#4156=DIRECTION('',(0.,0.,1.));
#4157=DIRECTION('center_axis',(1.,-1.15102656460291E-10,0.));
#4158=DIRECTION('ref_axis',(1.15102656460291E-10,1.,0.));
#4159=DIRECTION('',(3.83676739049147E-11,1.,0.));
#4160=DIRECTION('',(3.83676739049147E-11,1.,0.));
#4161=DIRECTION('',(0.,0.,1.));
#4162=DIRECTION('',(0.,0.,1.));
#4163=DIRECTION('center_axis',(-3.8866234229481E-16,-1.,0.));
#4164=DIRECTION('ref_axis',(1.,-3.8866234229481E-16,0.));
#4165=DIRECTION('',(1.,-2.52018794013005E-16,0.));
#4166=DIRECTION('',(1.,-2.52018794013005E-16,0.));
#4167=DIRECTION('',(0.,0.,1.));
#4168=DIRECTION('center_axis',(-1.,1.83697019872103E-16,0.));
#4169=DIRECTION('ref_axis',(-1.83697019872103E-16,-1.,0.));
#4170=DIRECTION('',(-1.83697019872103E-16,-1.,0.));
#4171=DIRECTION('',(-1.83697019872103E-16,-1.,0.));
#4172=DIRECTION('',(0.,0.,1.));
#4173=DIRECTION('center_axis',(-4.24000113564433E-10,1.,0.));
#4174=DIRECTION('ref_axis',(-1.,-4.24000113564433E-10,0.));
#4175=DIRECTION('',(-1.,-1.41333248797769E-10,0.));
#4176=DIRECTION('',(-1.,-1.41333248797769E-10,0.));
#4177=DIRECTION('',(0.,0.,1.));
#4178=DIRECTION('center_axis',(0.,0.,1.));
#4179=DIRECTION('ref_axis',(-1.83697019872103E-16,-1.,0.));
#4180=DIRECTION('center_axis',(0.,0.,1.));
#4181=DIRECTION('ref_axis',(-1.83697019872103E-16,-1.,0.));
#4182=DIRECTION('',(0.,0.,1.));
#4183=DIRECTION('',(0.,0.,1.));
#4184=DIRECTION('center_axis',(5.35299351527552E-16,-1.,0.));
#4185=DIRECTION('ref_axis',(1.,5.35299351527552E-16,0.));
#4186=DIRECTION('',(1.,5.59684372611155E-17,0.));
#4187=DIRECTION('',(1.,5.59684372611155E-17,0.));
#4188=DIRECTION('',(0.,0.,1.));
#4189=DIRECTION('center_axis',(1.,-1.83697019872103E-16,0.));
#4190=DIRECTION('ref_axis',(1.83697019872103E-16,1.,0.));
#4191=DIRECTION('',(1.83697019872103E-16,1.,0.));
#4192=DIRECTION('',(1.83697019872103E-16,1.,0.));
#4193=DIRECTION('',(0.,0.,1.));
#4194=DIRECTION('center_axis',(-1.39498792567181E-15,-1.,0.));
#4195=DIRECTION('ref_axis',(1.,-1.39498792567181E-15,0.));
#4196=DIRECTION('',(1.,-5.87460655138673E-16,0.));
#4197=DIRECTION('',(1.,-5.87460655138673E-16,0.));
#4198=DIRECTION('',(0.,0.,1.));
#4199=DIRECTION('center_axis',(-1.,4.82237828008881E-16,0.));
#4200=DIRECTION('ref_axis',(-4.82237828008881E-16,-1.,0.));
#4201=DIRECTION('',(-2.83210622584362E-16,-1.,0.));
#4202=DIRECTION('',(-2.83210622584362E-16,-1.,0.));
#4203=DIRECTION('',(0.,0.,1.));
#4204=DIRECTION('center_axis',(-8.36935342204384E-17,-1.,0.));
#4205=DIRECTION('ref_axis',(1.,-8.36935342204384E-17,0.));
#4206=DIRECTION('',(1.,-1.50362524654881E-16,0.));
#4207=DIRECTION('',(1.,-1.50362524654881E-16,0.));
#4208=DIRECTION('',(0.,0.,1.));
#4209=DIRECTION('center_axis',(-1.,1.83697019872103E-16,0.));
#4210=DIRECTION('ref_axis',(-1.83697019872103E-16,-1.,0.));
#4211=DIRECTION('',(-1.83697019872103E-16,-1.,0.));
#4212=DIRECTION('',(-1.83697019872103E-16,-1.,0.));
#4213=DIRECTION('',(0.,0.,1.));
#4214=DIRECTION('center_axis',(1.58696148459187E-16,1.,0.));
#4215=DIRECTION('ref_axis',(-1.,1.58696148459187E-16,0.));
#4216=DIRECTION('',(-1.,1.75363396067798E-16,0.));
#4217=DIRECTION('',(-1.,1.75363396067798E-16,0.));
#4218=DIRECTION('',(0.,0.,1.));
#4219=DIRECTION('center_axis',(-1.,-2.45606980358679E-16,0.));
#4220=DIRECTION('ref_axis',(2.45606980358679E-16,-1.,0.));
#4221=DIRECTION('',(-4.05956864618422E-17,-1.,0.));
#4222=DIRECTION('',(-4.05956864618422E-17,-1.,0.));
#4223=DIRECTION('',(0.,0.,1.));
#4224=DIRECTION('center_axis',(3.35108383097067E-16,1.,0.));
#4225=DIRECTION('ref_axis',(-1.,3.35108383097067E-16,0.));
#4226=DIRECTION('',(-1.,2.34167474280424E-16,0.));
#4227=DIRECTION('',(-1.,2.34167474280424E-16,0.));
#4228=DIRECTION('',(0.,0.,1.));
#4229=DIRECTION('center_axis',(1.,6.74910980589461E-16,0.));
#4230=DIRECTION('ref_axis',(-6.74910980589462E-16,1.,0.));
#4231=DIRECTION('',(-1.02505646948419E-16,1.,0.));
#4232=DIRECTION('',(-1.02505646948419E-16,1.,0.));
#4233=DIRECTION('',(0.,0.,1.));
#4234=DIRECTION('center_axis',(-1.37853464960013E-9,1.,0.));
#4235=DIRECTION('ref_axis',(-1.,-1.37853464960013E-9,0.));
#4236=DIRECTION('',(-1.,-4.59511427510195E-10,0.));
#4237=DIRECTION('',(-1.,-4.59511427510195E-10,0.));
#4238=DIRECTION('',(0.,0.,1.));
#4239=DIRECTION('',(0.,0.,1.));
#4240=DIRECTION('center_axis',(-1.83697019872103E-16,-1.,0.));
#4241=DIRECTION('ref_axis',(1.,-1.83697019872103E-16,0.));
#4242=DIRECTION('',(1.,-1.83697019872103E-16,0.));
#4243=DIRECTION('',(1.,-1.83697019872103E-16,0.));
#4244=DIRECTION('center_axis',(0.,0.,1.));
#4245=DIRECTION('ref_axis',(-1.83697019872103E-16,-1.,0.));
#4246=DIRECTION('center_axis',(0.,0.,1.));
#4247=DIRECTION('ref_axis',(-1.83697019872103E-16,-1.,0.));
#4248=DIRECTION('center_axis',(1.,-1.83697019872103E-16,0.));
#4249=DIRECTION('ref_axis',(1.83697019872103E-16,1.,0.));
#4250=DIRECTION('',(1.83697019872103E-16,1.,0.));
#4251=DIRECTION('',(0.,0.,1.));
#4252=DIRECTION('',(1.83697019872103E-16,1.,0.));
#4253=DIRECTION('',(0.,0.,1.));
#4254=DIRECTION('center_axis',(-1.83697019872103E-16,-1.,0.));
#4255=DIRECTION('ref_axis',(1.,-1.83697019872103E-16,0.));
#4256=DIRECTION('',(1.,-1.83697019872103E-16,0.));
#4257=DIRECTION('',(1.,-1.83697019872103E-16,0.));
#4258=DIRECTION('',(0.,0.,1.));
#4259=DIRECTION('center_axis',(-1.,1.83697019872103E-16,0.));
#4260=DIRECTION('ref_axis',(-1.83697019872103E-16,-1.,0.));
#4261=DIRECTION('',(-1.83697019872103E-16,-1.,0.));
#4262=DIRECTION('',(-1.83697019872103E-16,-1.,0.));
#4263=DIRECTION('',(0.,0.,1.));
#4264=DIRECTION('center_axis',(1.83697019872103E-16,1.,0.));
#4265=DIRECTION('ref_axis',(-1.,1.83697019872103E-16,0.));
#4266=DIRECTION('',(-1.,1.83697019872103E-16,0.));
#4267=DIRECTION('',(-1.,1.83697019872103E-16,0.));
#4268=DIRECTION('center_axis',(0.,0.,1.));
#4269=DIRECTION('ref_axis',(-1.83697019872103E-16,-1.,0.));
#4270=DIRECTION('center_axis',(0.,0.,1.));
#4271=DIRECTION('ref_axis',(-1.83697019872103E-16,-1.,0.));
#4272=DIRECTION('center_axis',(-1.83697019872103E-16,-1.,0.));
#4273=DIRECTION('ref_axis',(1.,-1.83697019872103E-16,0.));
#4274=DIRECTION('',(1.,-1.83697019872103E-16,0.));
#4275=DIRECTION('',(0.,0.,1.));
#4276=DIRECTION('',(-1.,1.83697019872103E-16,0.));
#4277=DIRECTION('',(0.,0.,1.));
#4278=DIRECTION('center_axis',(-1.,1.83697019872103E-16,0.));
#4279=DIRECTION('ref_axis',(-1.83697019872103E-16,-1.,0.));
#4280=DIRECTION('',(-1.83697019872103E-16,-1.,0.));
#4281=DIRECTION('',(0.,0.,1.));
#4282=DIRECTION('',(1.83697019872103E-16,1.,0.));
#4283=DIRECTION('center_axis',(1.59719779699246E-9,1.,0.));
#4284=DIRECTION('ref_axis',(-1.,1.59719779699246E-9,0.));
#4285=DIRECTION('',(-1.,1.59719779699246E-9,0.));
#4286=DIRECTION('',(0.,0.,1.));
#4287=DIRECTION('',(1.,-1.59719779699246E-9,0.));
#4288=DIRECTION('',(0.,0.,1.));
#4289=DIRECTION('',(0.,0.,1.));
#4290=DIRECTION('center_axis',(1.,2.88642713528275E-9,0.));
#4291=DIRECTION('ref_axis',(-2.88642713528275E-9,1.,0.));
#4292=DIRECTION('',(-9.62142254773312E-10,1.,0.));
#4293=DIRECTION('',(-9.62142254773312E-10,1.,0.));
#4294=DIRECTION('',(0.,0.,1.));
#4295=DIRECTION('',(0.,0.,1.));
#4296=DIRECTION('center_axis',(0.0232460677916721,0.999729773654974,0.));
#4297=DIRECTION('ref_axis',(-0.999729773654974,0.0232460677916721,0.));
#4298=DIRECTION('',(-0.99972977366258,0.0232460674645595,0.));
#4299=DIRECTION('',(-0.99972977366258,0.0232460674645595,0.));
#4300=DIRECTION('',(0.,0.,1.));
#4301=DIRECTION('',(0.,0.,1.));
#4302=DIRECTION('center_axis',(-1.83697019872103E-16,-1.,0.));
#4303=DIRECTION('ref_axis',(1.,-1.83697019872103E-16,0.));
#4304=DIRECTION('',(1.,-1.83697019872103E-16,0.));
#4305=DIRECTION('',(1.,-1.83697019872103E-16,0.));
#4306=DIRECTION('',(0.,0.,1.));
#4307=DIRECTION('center_axis',(-1.,-1.89858169690942E-16,0.));
#4308=DIRECTION('ref_axis',(1.89858169690942E-16,-1.,0.));
#4309=DIRECTION('',(-5.91786233510881E-17,-1.,0.));
#4310=DIRECTION('',(-5.91786233510881E-17,-1.,0.));
#4311=DIRECTION('',(0.,0.,1.));
#4312=DIRECTION('center_axis',(-1.83697019872103E-16,-1.,0.));
#4313=DIRECTION('ref_axis',(1.,-1.83697019872103E-16,0.));
#4314=DIRECTION('',(1.,-1.83697019872103E-16,0.));
#4315=DIRECTION('',(1.,-1.83697019872103E-16,0.));
#4316=DIRECTION('center_axis',(0.,0.,1.));
#4317=DIRECTION('ref_axis',(-1.83697019872103E-16,-1.,0.));
#4318=DIRECTION('center_axis',(0.,0.,1.));
#4319=DIRECTION('ref_axis',(-1.83697019872103E-16,-1.,0.));
#4320=DIRECTION('center_axis',(0.226674172293937,-0.973970646177213,0.));
#4321=DIRECTION('ref_axis',(0.973970646177213,0.226674172293937,0.));
#4322=DIRECTION('',(0.973970646177213,0.226674172293937,0.));
#4323=DIRECTION('',(0.,0.,1.));
#4324=DIRECTION('',(0.973970646177213,0.226674172293937,0.));
#4325=DIRECTION('',(0.,0.,1.));
#4326=DIRECTION('center_axis',(-1.,1.83697019872103E-16,0.));
#4327=DIRECTION('ref_axis',(-1.83697019872103E-16,-1.,0.));
#4328=DIRECTION('',(-1.83697019872103E-16,-1.,0.));
#4329=DIRECTION('',(-1.83697019872103E-16,-1.,0.));
#4330=DIRECTION('',(0.,0.,1.));
#4331=DIRECTION('center_axis',(-0.22667417278888,0.973970646062024,0.));
#4332=DIRECTION('ref_axis',(-0.973970646062024,-0.22667417278888,0.));
#4333=DIRECTION('',(-0.973970646062024,-0.22667417278888,0.));
#4334=DIRECTION('',(-0.973970646062024,-0.22667417278888,0.));
#4335=DIRECTION('',(0.,0.,1.));
#4336=DIRECTION('center_axis',(1.,-1.83697019872103E-16,0.));
#4337=DIRECTION('ref_axis',(1.83697019872103E-16,1.,0.));
#4338=DIRECTION('',(1.83697019872103E-16,1.,0.));
#4339=DIRECTION('',(1.83697019872103E-16,1.,0.));
#4340=DIRECTION('center_axis',(0.,0.,1.));
#4341=DIRECTION('ref_axis',(-1.83697019872103E-16,-1.,0.));
#4342=DIRECTION('center_axis',(0.,0.,1.));
#4343=DIRECTION('ref_axis',(-1.83697019872103E-16,-1.,0.));
#4344=DIRECTION('center_axis',(0.,0.,1.));
#4345=DIRECTION('ref_axis',(1.83697019872103E-16,1.,0.));
#4346=DIRECTION('center_axis',(0.,0.,1.));
#4347=DIRECTION('ref_axis',(1.83697019872103E-16,1.,0.));
#4348=DIRECTION('center_axis',(0.,0.,1.));
#4349=DIRECTION('ref_axis',(1.83697019872103E-16,1.,0.));
#4350=DIRECTION('center_axis',(0.,0.,1.));
#4351=DIRECTION('ref_axis',(-1.83697019872103E-16,-1.,0.));
#4352=DIRECTION('center_axis',(0.,0.,1.));
#4353=DIRECTION('ref_axis',(-1.83697019872103E-16,-1.,0.));
#4354=DIRECTION('center_axis',(0.,0.,1.));
#4355=DIRECTION('ref_axis',(1.83697019872103E-16,1.,0.));
#4356=DIRECTION('center_axis',(0.,0.,1.));
#4357=DIRECTION('ref_axis',(1.83697019872103E-16,1.,0.));
#4358=DIRECTION('center_axis',(0.,0.,1.));
#4359=DIRECTION('ref_axis',(1.83697019872103E-16,1.,0.));
#4360=DIRECTION('center_axis',(0.,0.,1.));
#4361=DIRECTION('ref_axis',(-1.83697019872103E-16,-1.,0.));
#4362=DIRECTION('center_axis',(0.,0.,1.));
#4363=DIRECTION('ref_axis',(-1.83697019872103E-16,-1.,0.));
#4364=DIRECTION('',(0.,0.,1.));
#4365=DIRECTION('',(0.,0.,1.));
#4366=DIRECTION('center_axis',(-0.227014969853381,0.973891268809033,0.));
#4367=DIRECTION('ref_axis',(-0.973891268809033,-0.227014969853381,0.));
#4368=DIRECTION('',(-0.973891268809034,-0.22701496985338,0.));
#4369=DIRECTION('',(-0.973891268809034,-0.22701496985338,0.));
#4370=DIRECTION('',(0.,0.,1.));
#4371=DIRECTION('center_axis',(-1.,1.54766958276951E-15,0.));
#4372=DIRECTION('ref_axis',(-1.54766958276951E-15,-1.,0.));
#4373=DIRECTION('',(-6.383545408379E-16,-1.,0.));
#4374=DIRECTION('',(-6.383545408379E-16,-1.,0.));
#4375=DIRECTION('',(0.,0.,1.));
#4376=DIRECTION('center_axis',(-0.0948537424204916,0.995491219222363,0.));
#4377=DIRECTION('ref_axis',(-0.995491219222363,-0.0948537424204916,0.));
#4378=DIRECTION('',(-0.995491219222365,-0.094853742420471,0.));
#4379=DIRECTION('',(-0.995491219222365,-0.094853742420471,0.));
#4380=DIRECTION('',(0.,0.,1.));
#4381=DIRECTION('center_axis',(0.996636081201855,-0.0819543875982786,0.));
#4382=DIRECTION('ref_axis',(0.0819543875982786,0.996636081201855,0.));
#4383=DIRECTION('',(0.0819543862400271,0.996636081313546,0.));
#4384=DIRECTION('',(0.0819543862400271,0.996636081313546,0.));
#4385=DIRECTION('',(0.,0.,1.));
#4386=DIRECTION('center_axis',(0.,0.,-1.));
#4387=DIRECTION('ref_axis',(0.743659760915996,-0.668558269707558,0.));
#4388=DIRECTION('center_axis',(0.,0.,1.));
#4389=DIRECTION('ref_axis',(0.994248140939311,-0.107101046861006,0.));
#4390=DIRECTION('center_axis',(0.,0.,1.));
#4391=DIRECTION('ref_axis',(0.994248140939311,-0.107101046861006,0.));
#4392=DIRECTION('',(0.,0.,1.));
#4393=DIRECTION('center_axis',(0.21194661010247,-0.977281246349316,0.));
#4394=DIRECTION('ref_axis',(0.977281246349316,0.21194661010247,0.));
#4395=DIRECTION('',(0.977281246359214,0.211946610056827,0.));
#4396=DIRECTION('',(0.977281246359214,0.211946610056827,0.));
#4397=DIRECTION('',(0.,0.,1.));
#4398=DIRECTION('',(0.,0.,1.));
#4399=DIRECTION('center_axis',(0.405786562828325,-0.913967868925366,0.));
#4400=DIRECTION('ref_axis',(0.913967868925366,0.405786562828325,0.));
#4401=DIRECTION('',(0.913967868925366,0.405786562828325,0.));
#4402=DIRECTION('',(0.913967868925366,0.405786562828325,0.));
#4403=DIRECTION('center_axis',(0.,0.,1.));
#4404=DIRECTION('ref_axis',(-1.83697019872103E-16,-1.,0.));
#4405=DIRECTION('center_axis',(0.,0.,1.));
#4406=DIRECTION('ref_axis',(-1.83697019872103E-16,-1.,0.));
#4407=DIRECTION('',(0.,0.,1.));
#4408=DIRECTION('',(0.,0.,1.));
#4409=DIRECTION('center_axis',(0.,0.,1.));
#4410=DIRECTION('ref_axis',(-1.83697019872103E-16,-1.,0.));
#4411=DIRECTION('center_axis',(0.,0.,1.));
#4412=DIRECTION('ref_axis',(-1.83697019872103E-16,-1.,0.));
#4413=CARTESIAN_POINT('',(0.,0.,0.));
#4414=CARTESIAN_POINT('Origin',(-1.75,0.920000000000002,1.));
#4415=CARTESIAN_POINT('',(-1.6,0.920000000000002,0.98));
#4416=CARTESIAN_POINT('Origin',(-1.75,0.920000000000002,0.98));
#4417=CARTESIAN_POINT('',(-1.6,0.920000000000002,1.));
#4418=CARTESIAN_POINT('Origin',(-1.75,0.920000000000002,1.));
#4419=CARTESIAN_POINT('Origin',(-1.75,0.920000000000002,0.98));
#4420=CARTESIAN_POINT('Origin',(2.49,0.,0.525));
#4421=CARTESIAN_POINT('',(2.49,-1.49,1.));
#4422=CARTESIAN_POINT('',(2.49,1.49,1.));
#4423=CARTESIAN_POINT('',(2.49,0.,1.));
#4424=CARTESIAN_POINT('',(2.49,-1.49,0.0500000000000001));
#4425=CARTESIAN_POINT('',(2.49,-1.49,0.525));
#4426=CARTESIAN_POINT('',(2.49,1.49,0.0500000000000001));
#4427=CARTESIAN_POINT('',(2.49,0.,0.05));
#4428=CARTESIAN_POINT('',(2.49,1.49,0.525));
#4429=CARTESIAN_POINT('Origin',(0.00499999999999989,-1.49,0.525));
#4430=CARTESIAN_POINT('',(-2.49,-1.49,1.));
#4431=CARTESIAN_POINT('',(0.00249999999999995,-1.49,1.));
#4432=CARTESIAN_POINT('',(-2.49,-1.49,0.0500000000000001));
#4433=CARTESIAN_POINT('',(-2.49,-1.49,0.525));
#4434=CARTESIAN_POINT('',(0.00249999999999995,-1.49,0.05));
#4435=CARTESIAN_POINT('Origin',(0.,0.,1.));
#4436=CARTESIAN_POINT('',(-2.49,1.49,1.));
#4437=CARTESIAN_POINT('',(0.00250000000000039,1.49,1.));
#4438=CARTESIAN_POINT('',(-2.49,1.77635683940025E-15,1.));
#4439=CARTESIAN_POINT('Origin',(-2.49,1.77635683940025E-15,0.525));
#4440=CARTESIAN_POINT('',(-2.49,1.49,0.0500000000000001));
#4441=CARTESIAN_POINT('',(-2.49,1.49,0.525));
#4442=CARTESIAN_POINT('',(-2.49,1.77635683940025E-15,0.05));
#4443=CARTESIAN_POINT('Origin',(0.00500000000000034,1.49,0.525));
#4444=CARTESIAN_POINT('',(0.00250000000000039,1.49,0.05));
#4445=CARTESIAN_POINT('Origin',(0.,0.,0.05));
#4446=CARTESIAN_POINT('Origin',(-2.32500000000096,-1.5,-4.16333634234434E-16));
#4447=CARTESIAN_POINT('',(-2.02500000000009,-1.5,-4.16333634234434E-16));
#4448=CARTESIAN_POINT('',(-2.32500000000096,-1.5,-4.16333634234434E-16));
#4449=CARTESIAN_POINT('',(-2.02500000000009,-1.5,-4.16333634234434E-16));
#4450=CARTESIAN_POINT('',(-2.02500000000009,-1.5,0.2));
#4451=CARTESIAN_POINT('',(-2.02500000000009,-1.5,-4.16333634234434E-16));
#4452=CARTESIAN_POINT('',(-2.32500000000096,-1.5,0.2));
#4453=CARTESIAN_POINT('',(-2.32500000000096,-1.5,0.2));
#4454=CARTESIAN_POINT('',(-2.32500000000096,-1.5,-4.16333634234434E-16));
#4455=CARTESIAN_POINT('Origin',(-2.32499999999573,-1.18499999999966,-3.88578058618805E-16));
#4456=CARTESIAN_POINT('',(-2.32499999999573,-1.18499999999966,-3.88578058618805E-16));
#4457=CARTESIAN_POINT('',(-2.32500000000096,-1.5,-4.16333634234434E-16));
#4458=CARTESIAN_POINT('',(-2.32499999999573,-1.18499999999966,0.2));
#4459=CARTESIAN_POINT('',(-2.32499999999573,-1.18499999999966,0.2));
#4460=CARTESIAN_POINT('',(-2.32499999999573,-1.18499999999966,-3.88578058618805E-16));
#4461=CARTESIAN_POINT('Ctrl Pts',(-2.5,-1.08499999999963,-3.7470027081099E-16));
#4462=CARTESIAN_POINT('Ctrl Pts',(-2.5,-1.08499999999963,0.2));
#4463=CARTESIAN_POINT('Ctrl Pts',(-2.46249999999793,-1.08499999999963,-3.7470027081099E-16));
#4464=CARTESIAN_POINT('Ctrl Pts',(-2.46249999999793,-1.08499999999963,0.2));
#4465=CARTESIAN_POINT('Ctrl Pts',(-2.42499999999586,-1.08499999999963,-3.7470027081099E-16));
#4466=CARTESIAN_POINT('Ctrl Pts',(-2.42499999999586,-1.08499999999963,0.2));
#4467=CARTESIAN_POINT('Ctrl Pts',(-2.32499999999581,-1.08499999999961,-3.7470027081099E-16));
#4468=CARTESIAN_POINT('Ctrl Pts',(-2.32499999999581,-1.08499999999961,0.2));
#4469=CARTESIAN_POINT('Ctrl Pts',(-2.32499999999573,-1.18499999999966,-3.88578058618805E-16));
#4470=CARTESIAN_POINT('Ctrl Pts',(-2.32499999999573,-1.18499999999966,0.2));
#4471=CARTESIAN_POINT('',(-2.5,-1.08499999999963,-3.7470027081099E-16));
#4472=CARTESIAN_POINT('Ctrl Pts',(-2.32499999999573,-1.18499999999966,-3.88578058618805E-16));
#4473=CARTESIAN_POINT('Ctrl Pts',(-2.32499999999581,-1.08499999999961,-3.7470027081099E-16));
#4474=CARTESIAN_POINT('Ctrl Pts',(-2.42499999999586,-1.08499999999963,-3.7470027081099E-16));
#4475=CARTESIAN_POINT('Ctrl Pts',(-2.46249999999793,-1.08499999999963,-3.7470027081099E-16));
#4476=CARTESIAN_POINT('Ctrl Pts',(-2.5,-1.08499999999963,-3.7470027081099E-16));
#4477=CARTESIAN_POINT('',(-2.5,-1.08499999999963,0.2));
#4478=CARTESIAN_POINT('Ctrl Pts',(-2.5,-1.08499999999963,0.2));
#4479=CARTESIAN_POINT('Ctrl Pts',(-2.46249999999793,-1.08499999999963,0.2));
#4480=CARTESIAN_POINT('Ctrl Pts',(-2.42499999999586,-1.08499999999963,0.2));
#4481=CARTESIAN_POINT('Ctrl Pts',(-2.32499999999581,-1.08499999999961,0.2));
#4482=CARTESIAN_POINT('Ctrl Pts',(-2.32499999999573,-1.18499999999966,0.2));
#4483=CARTESIAN_POINT('',(-2.5,-1.08499999999963,-3.7470027081099E-16));
#4484=CARTESIAN_POINT('Origin',(-2.5,-0.78499999999951,-3.40005801291454E-16));
#4485=CARTESIAN_POINT('',(-2.5,-0.78499999999951,-3.40005801291454E-16));
#4486=CARTESIAN_POINT('',(-2.5,-1.08499999999963,-3.7470027081099E-16));
#4487=CARTESIAN_POINT('',(-2.5,-0.78499999999951,0.2));
#4488=CARTESIAN_POINT('',(-2.5,-0.78499999999951,0.2));
#4489=CARTESIAN_POINT('',(-2.5,-0.78499999999951,-3.40005801291454E-16));
#4490=CARTESIAN_POINT('Ctrl Pts',(-2.32499999999686,-0.684999999999659,
-3.19189119579733E-16));
#4491=CARTESIAN_POINT('Ctrl Pts',(-2.32499999999686,-0.684999999999659,
0.2));
#4492=CARTESIAN_POINT('Ctrl Pts',(-2.32499999999684,-0.726421356237021,
-3.33066907387547E-16));
#4493=CARTESIAN_POINT('Ctrl Pts',(-2.32499999999684,-0.726421356237021,
0.2));
#4494=CARTESIAN_POINT('Ctrl Pts',(-2.35428932187824,-0.755710678118385,
-3.33066907387547E-16));
#4495=CARTESIAN_POINT('Ctrl Pts',(-2.35428932187824,-0.755710678118385,
0.2));
#4496=CARTESIAN_POINT('Ctrl Pts',(-2.38357864375964,-0.784999999999751,
-3.40005801291454E-16));
#4497=CARTESIAN_POINT('Ctrl Pts',(-2.38357864375964,-0.784999999999751,
0.2));
#4498=CARTESIAN_POINT('Ctrl Pts',(-2.424999999997,-0.78499999999968,-3.40005801291454E-16));
#4499=CARTESIAN_POINT('Ctrl Pts',(-2.424999999997,-0.78499999999968,0.2));
#4500=CARTESIAN_POINT('Ctrl Pts',(-2.4624999999985,-0.784999999999595,-3.40005801291454E-16));
#4501=CARTESIAN_POINT('Ctrl Pts',(-2.4624999999985,-0.784999999999595,0.2));
#4502=CARTESIAN_POINT('Ctrl Pts',(-2.5,-0.78499999999951,-3.40005801291454E-16));
#4503=CARTESIAN_POINT('Ctrl Pts',(-2.5,-0.78499999999951,0.2));
#4504=CARTESIAN_POINT('',(-2.32499999999686,-0.684999999999659,-3.19189119579733E-16));
#4505=CARTESIAN_POINT('Ctrl Pts',(-2.5,-0.78499999999951,-3.40005801291454E-16));
#4506=CARTESIAN_POINT('Ctrl Pts',(-2.4624999999985,-0.784999999999595,-3.40005801291454E-16));
#4507=CARTESIAN_POINT('Ctrl Pts',(-2.424999999997,-0.78499999999968,-3.40005801291454E-16));
#4508=CARTESIAN_POINT('Ctrl Pts',(-2.38357864375964,-0.784999999999751,
-3.40005801291454E-16));
#4509=CARTESIAN_POINT('Ctrl Pts',(-2.35428932187824,-0.755710678118385,
-3.33066907387547E-16));
#4510=CARTESIAN_POINT('Ctrl Pts',(-2.32499999999684,-0.726421356237021,
-3.33066907387547E-16));
#4511=CARTESIAN_POINT('Ctrl Pts',(-2.32499999999686,-0.684999999999659,
-3.19189119579733E-16));
#4512=CARTESIAN_POINT('',(-2.32499999999686,-0.684999999999659,0.2));
#4513=CARTESIAN_POINT('Ctrl Pts',(-2.32499999999686,-0.684999999999659,
0.2));
#4514=CARTESIAN_POINT('Ctrl Pts',(-2.32499999999684,-0.726421356237021,
0.2));
#4515=CARTESIAN_POINT('Ctrl Pts',(-2.35428932187824,-0.755710678118385,
0.2));
#4516=CARTESIAN_POINT('Ctrl Pts',(-2.38357864375964,-0.784999999999751,
0.2));
#4517=CARTESIAN_POINT('Ctrl Pts',(-2.424999999997,-0.78499999999968,0.2));
#4518=CARTESIAN_POINT('Ctrl Pts',(-2.4624999999985,-0.784999999999595,0.2));
#4519=CARTESIAN_POINT('Ctrl Pts',(-2.5,-0.78499999999951,0.2));
#4520=CARTESIAN_POINT('',(-2.32499999999686,-0.684999999999659,-3.19189119579733E-16));
#4521=CARTESIAN_POINT('Origin',(-2.32499999999527,-0.634999999999591,-3.19189119579733E-16));
#4522=CARTESIAN_POINT('',(-2.32499999999527,-0.634999999999591,-3.19189119579733E-16));
#4523=CARTESIAN_POINT('',(-2.32499999999686,-0.684999999999659,-3.19189119579733E-16));
#4524=CARTESIAN_POINT('',(-2.32499999999527,-0.634999999999591,0.2));
#4525=CARTESIAN_POINT('',(-2.32499999999527,-0.634999999999591,0.2));
#4526=CARTESIAN_POINT('',(-2.32499999999527,-0.634999999999591,-3.19189119579733E-16));
#4527=CARTESIAN_POINT('Ctrl Pts',(-2.5,-0.534999999999851,-3.05311331771918E-16));
#4528=CARTESIAN_POINT('Ctrl Pts',(-2.5,-0.534999999999851,0.2));
#4529=CARTESIAN_POINT('Ctrl Pts',(-2.46249999999782,-0.53499999999978,-3.05311331771918E-16));
#4530=CARTESIAN_POINT('Ctrl Pts',(-2.46249999999782,-0.53499999999978,0.2));
#4531=CARTESIAN_POINT('Ctrl Pts',(-2.42499999999563,-0.534999999999709,
-3.05311331771918E-16));
#4532=CARTESIAN_POINT('Ctrl Pts',(-2.42499999999563,-0.534999999999709,
0.2));
#4533=CARTESIAN_POINT('Ctrl Pts',(-2.38357864375827,-0.534999999999592,
-2.98372437868011E-16));
#4534=CARTESIAN_POINT('Ctrl Pts',(-2.38357864375827,-0.534999999999592,
0.2));
#4535=CARTESIAN_POINT('Ctrl Pts',(-2.35428932187681,-0.564289321880906,
-3.12250225675825E-16));
#4536=CARTESIAN_POINT('Ctrl Pts',(-2.35428932187681,-0.564289321880906,
0.2));
#4537=CARTESIAN_POINT('Ctrl Pts',(-2.32499999999535,-0.593578643762223,
-3.12250225675825E-16));
#4538=CARTESIAN_POINT('Ctrl Pts',(-2.32499999999535,-0.593578643762223,
0.2));
#4539=CARTESIAN_POINT('Ctrl Pts',(-2.32499999999527,-0.634999999999591,
-3.19189119579733E-16));
#4540=CARTESIAN_POINT('Ctrl Pts',(-2.32499999999527,-0.634999999999591,
0.2));
#4541=CARTESIAN_POINT('',(-2.5,-0.534999999999851,-3.05311331771918E-16));
#4542=CARTESIAN_POINT('Ctrl Pts',(-2.32499999999527,-0.634999999999591,
-3.19189119579733E-16));
#4543=CARTESIAN_POINT('Ctrl Pts',(-2.32499999999535,-0.593578643762223,
-3.12250225675825E-16));
#4544=CARTESIAN_POINT('Ctrl Pts',(-2.35428932187681,-0.564289321880906,
-3.12250225675825E-16));
#4545=CARTESIAN_POINT('Ctrl Pts',(-2.38357864375827,-0.534999999999592,
-2.98372437868011E-16));
#4546=CARTESIAN_POINT('Ctrl Pts',(-2.42499999999563,-0.534999999999709,
-3.05311331771918E-16));
#4547=CARTESIAN_POINT('Ctrl Pts',(-2.46249999999782,-0.53499999999978,-3.05311331771918E-16));
#4548=CARTESIAN_POINT('Ctrl Pts',(-2.5,-0.534999999999851,-3.05311331771918E-16));
#4549=CARTESIAN_POINT('',(-2.5,-0.534999999999851,0.2));
#4550=CARTESIAN_POINT('Ctrl Pts',(-2.5,-0.534999999999851,0.2));
#4551=CARTESIAN_POINT('Ctrl Pts',(-2.46249999999782,-0.53499999999978,0.2));
#4552=CARTESIAN_POINT('Ctrl Pts',(-2.42499999999563,-0.534999999999709,
0.2));
#4553=CARTESIAN_POINT('Ctrl Pts',(-2.38357864375827,-0.534999999999592,
0.2));
#4554=CARTESIAN_POINT('Ctrl Pts',(-2.35428932187681,-0.564289321880906,
0.2));
#4555=CARTESIAN_POINT('Ctrl Pts',(-2.32499999999535,-0.593578643762223,
0.2));
#4556=CARTESIAN_POINT('Ctrl Pts',(-2.32499999999527,-0.634999999999591,
0.2));
#4557=CARTESIAN_POINT('',(-2.5,-0.534999999999851,-3.05311331771918E-16));
#4558=CARTESIAN_POINT('Origin',(-2.5,-0.234999999999443,-2.70616862252382E-16));
#4559=CARTESIAN_POINT('',(-2.5,-0.234999999999443,-2.70616862252382E-16));
#4560=CARTESIAN_POINT('',(-2.5,-0.534999999999851,-3.05311331771918E-16));
#4561=CARTESIAN_POINT('',(-2.5,-0.234999999999443,0.2));
#4562=CARTESIAN_POINT('',(-2.5,-0.234999999999443,0.2));
#4563=CARTESIAN_POINT('',(-2.5,-0.234999999999443,-2.70616862252382E-16));
#4564=CARTESIAN_POINT('Ctrl Pts',(-2.32499999999527,-0.134999999999646,
-2.4980018054066E-16));
#4565=CARTESIAN_POINT('Ctrl Pts',(-2.32499999999527,-0.134999999999646,
0.2));
#4566=CARTESIAN_POINT('Ctrl Pts',(-2.32499999999533,-0.176421356237034,
-2.63677968348475E-16));
#4567=CARTESIAN_POINT('Ctrl Pts',(-2.32499999999533,-0.176421356237034,
0.2));
#4568=CARTESIAN_POINT('Ctrl Pts',(-2.35428932187679,-0.205710678118374,
-2.63677968348475E-16));
#4569=CARTESIAN_POINT('Ctrl Pts',(-2.35428932187679,-0.205710678118374,
0.2));
#4570=CARTESIAN_POINT('Ctrl Pts',(-2.38357864375825,-0.234999999999717,
-2.70616862252382E-16));
#4571=CARTESIAN_POINT('Ctrl Pts',(-2.38357864375825,-0.234999999999717,
0.2));
#4572=CARTESIAN_POINT('Ctrl Pts',(-2.42499999999563,-0.23499999999961,-2.70616862252382E-16));
#4573=CARTESIAN_POINT('Ctrl Pts',(-2.42499999999563,-0.23499999999961,0.2));
#4574=CARTESIAN_POINT('Ctrl Pts',(-2.46249999999782,-0.234999999999527,
-2.70616862252382E-16));
#4575=CARTESIAN_POINT('Ctrl Pts',(-2.46249999999782,-0.234999999999527,
0.2));
#4576=CARTESIAN_POINT('Ctrl Pts',(-2.5,-0.234999999999443,-2.70616862252382E-16));
#4577=CARTESIAN_POINT('Ctrl Pts',(-2.5,-0.234999999999443,0.2));
#4578=CARTESIAN_POINT('',(-2.32499999999527,-0.134999999999646,-2.4980018054066E-16));
#4579=CARTESIAN_POINT('Ctrl Pts',(-2.5,-0.234999999999443,-2.70616862252382E-16));
#4580=CARTESIAN_POINT('Ctrl Pts',(-2.46249999999782,-0.234999999999527,
-2.70616862252382E-16));
#4581=CARTESIAN_POINT('Ctrl Pts',(-2.42499999999563,-0.23499999999961,-2.70616862252382E-16));
#4582=CARTESIAN_POINT('Ctrl Pts',(-2.38357864375825,-0.234999999999717,
-2.70616862252382E-16));
#4583=CARTESIAN_POINT('Ctrl Pts',(-2.35428932187679,-0.205710678118374,
-2.63677968348475E-16));
#4584=CARTESIAN_POINT('Ctrl Pts',(-2.32499999999533,-0.176421356237034,
-2.63677968348475E-16));
#4585=CARTESIAN_POINT('Ctrl Pts',(-2.32499999999527,-0.134999999999646,
-2.4980018054066E-16));
#4586=CARTESIAN_POINT('',(-2.32499999999527,-0.134999999999646,0.2));
#4587=CARTESIAN_POINT('Ctrl Pts',(-2.32499999999527,-0.134999999999646,
0.2));
#4588=CARTESIAN_POINT('Ctrl Pts',(-2.32499999999533,-0.176421356237034,
0.2));
#4589=CARTESIAN_POINT('Ctrl Pts',(-2.35428932187679,-0.205710678118374,
0.2));
#4590=CARTESIAN_POINT('Ctrl Pts',(-2.38357864375825,-0.234999999999717,
0.2));
#4591=CARTESIAN_POINT('Ctrl Pts',(-2.42499999999563,-0.23499999999961,0.2));
#4592=CARTESIAN_POINT('Ctrl Pts',(-2.46249999999782,-0.234999999999527,
0.2));
#4593=CARTESIAN_POINT('Ctrl Pts',(-2.5,-0.234999999999443,0.2));
#4594=CARTESIAN_POINT('',(-2.32499999999527,-0.134999999999646,-2.4980018054066E-16));
#4595=CARTESIAN_POINT('Origin',(-2.32449999999858,-0.0499999999994962,-2.4980018054066E-16));
#4596=CARTESIAN_POINT('',(-2.32449999999858,-0.0499999999994962,-2.4980018054066E-16));
#4597=CARTESIAN_POINT('',(-2.32499999999527,-0.134999999999646,-2.4980018054066E-16));
#4598=CARTESIAN_POINT('',(-2.32449999999858,-0.0499999999994962,0.2));
#4599=CARTESIAN_POINT('',(-2.32449999999858,-0.0499999999994962,0.2));
#4600=CARTESIAN_POINT('',(-2.32449999999858,-0.0499999999994962,-2.4980018054066E-16));
#4601=CARTESIAN_POINT('Origin',(-2.39949999999875,-0.0499999999996703,-2.42861286636753E-16));
#4602=CARTESIAN_POINT('',(-2.39949999999863,0.0250000000004942,-2.42861286636753E-16));
#4603=CARTESIAN_POINT('Origin',(-2.39949999999874,-0.0499999999996685,-2.56739074444567E-16));
#4604=CARTESIAN_POINT('',(-2.39949999999863,0.0250000000004942,0.2));
#4605=CARTESIAN_POINT('Origin',(-2.39949999999874,-0.0499999999996685,0.2));
#4606=CARTESIAN_POINT('',(-2.39949999999863,0.0250000000004942,-2.42861286636753E-16));
#4607=CARTESIAN_POINT('Origin',(-2.5,0.0250000000004942,-2.35922392732846E-16));
#4608=CARTESIAN_POINT('',(-2.5,0.0250000000004942,-2.35922392732846E-16));
#4609=CARTESIAN_POINT('',(-2.39949999999863,0.0250000000004942,-2.42861286636753E-16));
#4610=CARTESIAN_POINT('',(-2.5,0.0250000000004942,0.2));
#4611=CARTESIAN_POINT('',(-2.5,0.0250000000004942,0.2));
#4612=CARTESIAN_POINT('',(-2.5,0.0250000000004942,-2.35922392732846E-16));
#4613=CARTESIAN_POINT('Origin',(-2.5,0.325000000000502,-2.0122792321331E-16));
#4614=CARTESIAN_POINT('',(-2.5,0.325000000000502,-2.0122792321331E-16));
#4615=CARTESIAN_POINT('',(-2.5,0.0250000000004942,-2.35922392732846E-16));
#4616=CARTESIAN_POINT('',(-2.5,0.325000000000502,0.2));
#4617=CARTESIAN_POINT('',(-2.5,0.325000000000502,0.2));
#4618=CARTESIAN_POINT('',(-2.5,0.325000000000502,-2.0122792321331E-16));
#4619=CARTESIAN_POINT('Origin',(-2.07500000000141,0.325000000000617,3.01147995429574E-15));
#4620=CARTESIAN_POINT('',(-2.07500000000141,0.325000000000617,3.01147995429574E-15));
#4621=CARTESIAN_POINT('',(-2.5,0.325000000000502,-2.0122792321331E-16));
#4622=CARTESIAN_POINT('',(-2.07500000000141,0.325000000000617,0.200000000000003));
#4623=CARTESIAN_POINT('',(-2.07500000000141,0.325000000000617,0.200000000000003));
#4624=CARTESIAN_POINT('',(-2.07500000000141,0.325000000000617,3.01147995429574E-15));
#4625=CARTESIAN_POINT('Origin',(-2.07500000000164,0.275000000000436,2.99760216648792E-15));
#4626=CARTESIAN_POINT('',(-2.02500000000145,0.275000000000492,2.99760216648792E-15));
#4627=CARTESIAN_POINT('Origin',(-2.07500000000163,0.275000000000439,3.01841884819964E-15));
#4628=CARTESIAN_POINT('',(-2.02500000000145,0.275000000000492,0.200000000000003));
#4629=CARTESIAN_POINT('Origin',(-2.07500000000163,0.275000000000439,0.200000000000003));
#4630=CARTESIAN_POINT('',(-2.02500000000145,0.275000000000492,2.99760216648792E-15));
#4631=CARTESIAN_POINT('Origin',(-2.02500000000009,-1.5,-4.16333634234434E-16));
#4632=CARTESIAN_POINT('',(-2.02500000000145,0.275000000000492,2.99760216648792E-15));
#4633=CARTESIAN_POINT('',(-2.02500000000009,-1.5,0.2));
#4634=CARTESIAN_POINT('Origin',(-2.250456151161,-0.550258930105469,4.37150315946155E-16));
#4635=CARTESIAN_POINT('Origin',(-2.250456151161,-0.550258930105469,0.2));
#4636=CARTESIAN_POINT('Origin',(-2.40000000000145,1.07499999999928,-1.11022302462516E-16));
#4637=CARTESIAN_POINT('',(-2.5,1.07499999999709,-1.11022302462516E-16));
#4638=CARTESIAN_POINT('',(-2.40000000000145,1.07499999999928,-1.11022302462516E-16));
#4639=CARTESIAN_POINT('',(-2.5,1.07499999999709,-1.11022302462516E-16));
#4640=CARTESIAN_POINT('',(-2.5,1.07499999999709,0.2));
#4641=CARTESIAN_POINT('',(-2.5,1.07499999999709,-1.11022302462516E-16));
#4642=CARTESIAN_POINT('',(-2.40000000000145,1.07499999999928,0.2));
#4643=CARTESIAN_POINT('',(-2.5,1.07499999999709,0.2));
#4644=CARTESIAN_POINT('',(-2.40000000000145,1.07499999999928,-1.11022302462516E-16));
#4645=CARTESIAN_POINT('Origin',(-2.40000000000148,1.14999999999913,-9.71445146547012E-17));
#4646=CARTESIAN_POINT('',(-2.32500000000164,1.14999999999924,-1.04083408558608E-16));
#4647=CARTESIAN_POINT('Origin',(-2.40000000000148,1.14999999999913,-9.71445146547012E-17));
#4648=CARTESIAN_POINT('',(-2.32500000000164,1.14999999999924,0.2));
#4649=CARTESIAN_POINT('Origin',(-2.40000000000148,1.14999999999913,0.2));
#4650=CARTESIAN_POINT('',(-2.32500000000164,1.14999999999924,-1.04083408558608E-16));
#4651=CARTESIAN_POINT('Origin',(-2.32500000000095,1.5,-6.24500451351651E-17));
#4652=CARTESIAN_POINT('',(-2.32500000000095,1.5,-6.24500451351651E-17));
#4653=CARTESIAN_POINT('',(-2.32500000000164,1.14999999999924,-1.04083408558608E-16));
#4654=CARTESIAN_POINT('',(-2.32500000000095,1.5,0.2));
#4655=CARTESIAN_POINT('',(-2.32500000000164,1.14999999999924,0.2));
#4656=CARTESIAN_POINT('',(-2.32500000000095,1.5,-6.24500451351651E-17));
#4657=CARTESIAN_POINT('Origin',(-2.02500000000123,1.5,-5.55111512312578E-17));
#4658=CARTESIAN_POINT('',(-2.02500000000123,1.5,-5.55111512312578E-17));
#4659=CARTESIAN_POINT('',(-2.32500000000095,1.5,-5.55111512312578E-17));
#4660=CARTESIAN_POINT('',(-2.02500000000123,1.5,0.2));
#4661=CARTESIAN_POINT('',(-2.32500000000095,1.5,0.2));
#4662=CARTESIAN_POINT('',(-2.02500000000123,1.5,-5.55111512312578E-17));
#4663=CARTESIAN_POINT('Origin',(-2.02500000000191,0.874999999999265,-1.31838984174237E-16));
#4664=CARTESIAN_POINT('',(-2.02500000000191,0.874999999999265,-1.31838984174237E-16));
#4665=CARTESIAN_POINT('',(-2.02500000000123,1.5,-5.55111512312578E-17));
#4666=CARTESIAN_POINT('',(-2.02500000000191,0.874999999999265,0.2));
#4667=CARTESIAN_POINT('',(-2.02500000000123,1.5,0.2));
#4668=CARTESIAN_POINT('',(-2.02500000000191,0.874999999999265,-1.31838984174237E-16));
#4669=CARTESIAN_POINT('Origin',(-2.12500000000227,0.874999999999321,-1.45716771982052E-16));
#4670=CARTESIAN_POINT('',(-2.12500000000205,0.774999999998958,-1.52655665885959E-16));
#4671=CARTESIAN_POINT('Origin',(-2.12500000000227,0.874999999999321,-1.45716771982052E-16));
#4672=CARTESIAN_POINT('',(-2.12500000000205,0.774999999998958,0.2));
#4673=CARTESIAN_POINT('Origin',(-2.12500000000227,0.874999999999321,0.2));
#4674=CARTESIAN_POINT('',(-2.12500000000205,0.774999999998958,-1.52655665885959E-16));
#4675=CARTESIAN_POINT('Origin',(-2.5,0.7749999999993,-1.45716771982052E-16));
#4676=CARTESIAN_POINT('',(-2.5,0.7749999999993,-1.45716771982052E-16));
#4677=CARTESIAN_POINT('',(-2.12500000000205,0.774999999998958,-1.45716771982052E-16));
#4678=CARTESIAN_POINT('',(-2.5,0.7749999999993,0.2));
#4679=CARTESIAN_POINT('',(-2.12500000000205,0.774999999998958,0.2));
#4680=CARTESIAN_POINT('',(-2.5,0.7749999999993,-1.45716771982052E-16));
#4681=CARTESIAN_POINT('Origin',(-2.5,1.07499999999709,-1.11022302462516E-16));
#4682=CARTESIAN_POINT('',(-2.5,0.7749999999993,-1.45716771982052E-16));
#4683=CARTESIAN_POINT('',(-2.5,0.7749999999993,0.2));
#4684=CARTESIAN_POINT('Origin',(-2.23598114529685,1.11895002464807,-1.17961196366423E-16));
#4685=CARTESIAN_POINT('Origin',(-2.23598114529685,1.11895002464807,0.2));
#4686=CARTESIAN_POINT('Origin',(2.50000000000001,0.424999999999674,-1.87350135405495E-16));
#4687=CARTESIAN_POINT('',(2.42499999999745,0.424999999999333,-1.94289029309402E-16));
#4688=CARTESIAN_POINT('',(2.50000000000001,0.424999999999674,-1.87350135405495E-16));
#4689=CARTESIAN_POINT('',(2.42499999999745,0.424999999999333,-1.87350135405495E-16));
#4690=CARTESIAN_POINT('',(2.42499999999745,0.424999999999333,0.2));
#4691=CARTESIAN_POINT('',(2.42499999999745,0.424999999999333,-1.94289029309402E-16));
#4692=CARTESIAN_POINT('',(2.50000000000001,0.424999999999674,0.2));
#4693=CARTESIAN_POINT('',(2.42499999999745,0.424999999999333,0.2));
#4694=CARTESIAN_POINT('',(2.50000000000001,0.424999999999674,-1.87350135405495E-16));
#4695=CARTESIAN_POINT('Origin',(2.50000000000091,0.124999999999606,-2.22044604925031E-16));
#4696=CARTESIAN_POINT('',(2.50000000000091,0.124999999999606,-2.22044604925031E-16));
#4697=CARTESIAN_POINT('',(2.50000000000001,0.424999999999674,-1.87350135405495E-16));
#4698=CARTESIAN_POINT('',(2.50000000000091,0.124999999999606,0.2));
#4699=CARTESIAN_POINT('',(2.50000000000001,0.424999999999674,0.2));
#4700=CARTESIAN_POINT('',(2.50000000000091,0.124999999999606,-2.22044604925031E-16));
#4701=CARTESIAN_POINT('Origin',(2.42499999999859,0.124999999999492,-2.28983498828939E-16));
#4702=CARTESIAN_POINT('',(2.42499999999859,0.124999999999492,-2.28983498828939E-16));
#4703=CARTESIAN_POINT('',(2.50000000000091,0.124999999999606,-2.28983498828939E-16));
#4704=CARTESIAN_POINT('',(2.42499999999859,0.124999999999492,0.2));
#4705=CARTESIAN_POINT('',(2.50000000000091,0.124999999999606,0.2));
#4706=CARTESIAN_POINT('',(2.42499999999859,0.124999999999492,-2.28983498828939E-16));
#4707=CARTESIAN_POINT('Origin',(2.42499999999856,0.024999999999384,-2.35922392732846E-16));
#4708=CARTESIAN_POINT('',(2.32499999999845,0.0250000000016861,-2.42861286636753E-16));
#4709=CARTESIAN_POINT('Origin',(2.42499999999856,0.024999999999384,-2.35922392732846E-16));
#4710=CARTESIAN_POINT('',(2.32499999999845,0.0250000000016861,0.2));
#4711=CARTESIAN_POINT('Origin',(2.42499999999856,0.024999999999384,0.2));
#4712=CARTESIAN_POINT('',(2.32499999999845,0.0250000000016861,-2.42861286636753E-16));
#4713=CARTESIAN_POINT('Origin',(2.32499999999754,-0.0249999999981831,-2.4980018054066E-16));
#4714=CARTESIAN_POINT('',(2.32499999999754,-0.0249999999981831,-2.4980018054066E-16));
#4715=CARTESIAN_POINT('',(2.32499999999845,0.0250000000016861,-2.42861286636753E-16));
#4716=CARTESIAN_POINT('',(2.32499999999754,-0.0249999999981831,0.2));
#4717=CARTESIAN_POINT('',(2.32499999999845,0.0250000000016861,0.2));
#4718=CARTESIAN_POINT('',(2.32499999999754,-0.0249999999981831,-2.4980018054066E-16));
#4719=CARTESIAN_POINT('Origin',(2.42499999999768,-0.0250000000005439,-2.4980018054066E-16));
#4720=CARTESIAN_POINT('',(2.42499999999745,-0.125000000000679,-2.56739074444567E-16));
#4721=CARTESIAN_POINT('Origin',(2.42499999999768,-0.0250000000005439,-2.4980018054066E-16));
#4722=CARTESIAN_POINT('',(2.42499999999745,-0.125000000000679,0.2));
#4723=CARTESIAN_POINT('Origin',(2.42499999999768,-0.0250000000005439,0.2));
#4724=CARTESIAN_POINT('',(2.42499999999745,-0.125000000000679,-2.56739074444567E-16));
#4725=CARTESIAN_POINT('Origin',(2.50000000000002,-0.125000000000334,-2.56739074444567E-16));
#4726=CARTESIAN_POINT('',(2.50000000000002,-0.125000000000334,-2.56739074444567E-16));
#4727=CARTESIAN_POINT('',(2.42499999999745,-0.125000000000679,-2.56739074444567E-16));
#4728=CARTESIAN_POINT('',(2.50000000000002,-0.125000000000334,0.2));
#4729=CARTESIAN_POINT('',(2.42499999999745,-0.125000000000679,0.2));
#4730=CARTESIAN_POINT('',(2.50000000000002,-0.125000000000334,-2.56739074444567E-16));
#4731=CARTESIAN_POINT('Origin',(2.50000000000091,-0.425000000000406,-2.91433543964104E-16));
#4732=CARTESIAN_POINT('',(2.50000000000091,-0.425000000000406,-2.91433543964104E-16));
#4733=CARTESIAN_POINT('',(2.50000000000002,-0.125000000000334,-2.56739074444567E-16));
#4734=CARTESIAN_POINT('',(2.50000000000091,-0.425000000000406,0.2));
#4735=CARTESIAN_POINT('',(2.50000000000002,-0.125000000000334,0.2));
#4736=CARTESIAN_POINT('',(2.50000000000091,-0.425000000000406,-2.91433543964104E-16));
#4737=CARTESIAN_POINT('Origin',(2.42499999999859,-0.425000000000519,-2.91433543964104E-16));
#4738=CARTESIAN_POINT('',(2.42499999999859,-0.425000000000519,-2.91433543964104E-16));
#4739=CARTESIAN_POINT('',(2.50000000000091,-0.425000000000406,-2.91433543964104E-16));
#4740=CARTESIAN_POINT('',(2.42499999999859,-0.425000000000519,0.2));
#4741=CARTESIAN_POINT('',(2.50000000000091,-0.425000000000406,0.2));
#4742=CARTESIAN_POINT('',(2.42499999999859,-0.425000000000519,-2.91433543964104E-16));
#4743=CARTESIAN_POINT('Origin',(2.42499999999856,-0.525000000000629,-2.98372437868011E-16));
#4744=CARTESIAN_POINT('',(2.32499999999845,-0.524999999998327,-3.05311331771918E-16));
#4745=CARTESIAN_POINT('Origin',(2.42499999999856,-0.525000000000629,-2.98372437868011E-16));
#4746=CARTESIAN_POINT('',(2.32499999999845,-0.524999999998327,0.2));
#4747=CARTESIAN_POINT('Origin',(2.42499999999856,-0.525000000000629,0.2));
#4748=CARTESIAN_POINT('',(2.32499999999845,-0.524999999998327,-3.05311331771918E-16));
#4749=CARTESIAN_POINT('Origin',(2.32499999999754,-0.574999999998253,-3.12250225675825E-16));
#4750=CARTESIAN_POINT('',(2.32499999999754,-0.574999999998253,-3.12250225675825E-16));
#4751=CARTESIAN_POINT('',(2.32499999999845,-0.524999999998327,-3.05311331771918E-16));
#4752=CARTESIAN_POINT('',(2.32499999999754,-0.574999999998253,0.2));
#4753=CARTESIAN_POINT('',(2.32499999999845,-0.524999999998327,0.2));
#4754=CARTESIAN_POINT('',(2.32499999999754,-0.574999999998253,-3.12250225675825E-16));
#4755=CARTESIAN_POINT('Origin',(2.42499999999765,-0.575000000000585,-3.19189119579733E-16));
#4756=CARTESIAN_POINT('',(2.42499999999745,-0.675000000000692,-3.2612801348364E-16));
#4757=CARTESIAN_POINT('Origin',(2.42499999999765,-0.575000000000585,-3.19189119579733E-16));
#4758=CARTESIAN_POINT('',(2.42499999999745,-0.675000000000692,0.2));
#4759=CARTESIAN_POINT('Origin',(2.42499999999765,-0.575000000000585,0.2));
#4760=CARTESIAN_POINT('',(2.42499999999745,-0.675000000000692,-3.2612801348364E-16));
#4761=CARTESIAN_POINT('Origin',(2.50000000000001,-0.675000000000347,-3.2612801348364E-16));
#4762=CARTESIAN_POINT('',(2.50000000000001,-0.675000000000347,-3.2612801348364E-16));
#4763=CARTESIAN_POINT('',(2.42499999999745,-0.675000000000692,-3.2612801348364E-16));
#4764=CARTESIAN_POINT('',(2.50000000000001,-0.675000000000347,0.2));
#4765=CARTESIAN_POINT('',(2.42499999999745,-0.675000000000692,0.2));
#4766=CARTESIAN_POINT('',(2.50000000000001,-0.675000000000347,-3.2612801348364E-16));
#4767=CARTESIAN_POINT('Origin',(2.50000000000091,-0.974999999999282,-3.60822483003176E-16));
#4768=CARTESIAN_POINT('',(2.50000000000091,-0.974999999999282,-3.60822483003176E-16));
#4769=CARTESIAN_POINT('',(2.50000000000001,-0.675000000000347,-3.2612801348364E-16));
#4770=CARTESIAN_POINT('',(2.50000000000091,-0.974999999999282,0.2));
#4771=CARTESIAN_POINT('',(2.50000000000001,-0.675000000000347,0.2));
#4772=CARTESIAN_POINT('',(2.50000000000091,-0.974999999999282,-3.60822483003176E-16));
#4773=CARTESIAN_POINT('Origin',(2.42500000000132,-0.974999999999282,-3.60822483003176E-16));
#4774=CARTESIAN_POINT('',(2.42500000000132,-0.974999999999282,-3.60822483003176E-16));
#4775=CARTESIAN_POINT('',(2.50000000000091,-0.974999999999282,-3.60822483003176E-16));
#4776=CARTESIAN_POINT('',(2.42500000000132,-0.974999999999282,0.2));
#4777=CARTESIAN_POINT('',(2.50000000000091,-0.974999999999282,0.2));
#4778=CARTESIAN_POINT('',(2.42500000000132,-0.974999999999282,-3.60822483003176E-16));
#4779=CARTESIAN_POINT('Origin',(2.42500000000138,-1.07499999999925,-3.67761376907083E-16));
#4780=CARTESIAN_POINT('',(2.32500000000141,-1.0749999999993,-3.7470027081099E-16));
#4781=CARTESIAN_POINT('Origin',(2.42500000000138,-1.07499999999925,-3.67761376907083E-16));
#4782=CARTESIAN_POINT('',(2.32500000000141,-1.0749999999993,0.2));
#4783=CARTESIAN_POINT('Origin',(2.42500000000138,-1.07499999999925,0.2));
#4784=CARTESIAN_POINT('',(2.32500000000141,-1.0749999999993,-3.7470027081099E-16));
#4785=CARTESIAN_POINT('Origin',(2.324999999998,-1.49999999999999,-4.30211422042248E-16));
#4786=CARTESIAN_POINT('',(2.324999999998,-1.49999999999999,-4.30211422042248E-16));
#4787=CARTESIAN_POINT('',(2.32500000000141,-1.0749999999993,-3.7470027081099E-16));
#4788=CARTESIAN_POINT('',(2.324999999998,-1.49999999999999,0.2));
#4789=CARTESIAN_POINT('',(2.32500000000141,-1.0749999999993,0.2));
#4790=CARTESIAN_POINT('',(2.324999999998,-1.49999999999999,-4.30211422042248E-16));
#4791=CARTESIAN_POINT('Origin',(2.02500000000236,-1.5,-4.23272528138341E-16));
#4792=CARTESIAN_POINT('',(2.02500000000236,-1.5,-4.23272528138341E-16));
#4793=CARTESIAN_POINT('',(2.324999999998,-1.49999999999999,-4.23272528138341E-16));
#4794=CARTESIAN_POINT('',(2.02500000000236,-1.5,0.2));
#4795=CARTESIAN_POINT('',(2.324999999998,-1.49999999999999,0.2));
#4796=CARTESIAN_POINT('',(2.02500000000236,-1.5,-4.23272528138341E-16));
#4797=CARTESIAN_POINT('Origin',(2.02499999999827,1.5,-5.55111512312578E-17));
#4798=CARTESIAN_POINT('',(2.02499999999827,1.5,-5.55111512312578E-17));
#4799=CARTESIAN_POINT('',(2.02500000000236,-1.5,-4.23272528138341E-16));
#4800=CARTESIAN_POINT('',(2.02499999999827,1.5,0.2));
#4801=CARTESIAN_POINT('',(2.02500000000236,-1.5,0.2));
#4802=CARTESIAN_POINT('',(2.02499999999827,1.5,-5.55111512312578E-17));
#4803=CARTESIAN_POINT('Origin',(2.32499999999823,1.5,-5.55111512312578E-17));
#4804=CARTESIAN_POINT('',(2.32499999999823,1.5,-5.55111512312578E-17));
#4805=CARTESIAN_POINT('',(2.02499999999827,1.5,-5.55111512312578E-17));
#4806=CARTESIAN_POINT('',(2.32499999999823,1.5,0.2));
#4807=CARTESIAN_POINT('',(2.02499999999827,1.5,0.2));
#4808=CARTESIAN_POINT('',(2.32499999999823,1.5,-5.55111512312578E-17));
#4809=CARTESIAN_POINT('Origin',(2.324999999998,1.07499999999971,-1.11022302462516E-16));
#4810=CARTESIAN_POINT('',(2.324999999998,1.07499999999971,-1.11022302462516E-16));
#4811=CARTESIAN_POINT('',(2.32499999999823,1.5,-5.55111512312578E-17));
#4812=CARTESIAN_POINT('',(2.324999999998,1.07499999999971,0.2));
#4813=CARTESIAN_POINT('',(2.32499999999823,1.5,0.2));
#4814=CARTESIAN_POINT('',(2.324999999998,1.07499999999971,-1.11022302462516E-16));
#4815=CARTESIAN_POINT('Origin',(2.42499999999831,1.07499999999982,-1.17961196366423E-16));
#4816=CARTESIAN_POINT('',(2.42499999999836,0.974999999999515,-1.2490009027033E-16));
#4817=CARTESIAN_POINT('Origin',(2.42499999999831,1.07499999999982,-1.17961196366423E-16));
#4818=CARTESIAN_POINT('',(2.42499999999836,0.974999999999515,0.2));
#4819=CARTESIAN_POINT('Origin',(2.42499999999831,1.07499999999982,0.2));
#4820=CARTESIAN_POINT('',(2.42499999999836,0.974999999999515,-1.2490009027033E-16));
#4821=CARTESIAN_POINT('Origin',(2.50000000000091,0.975000000000083,-1.2490009027033E-16));
#4822=CARTESIAN_POINT('',(2.50000000000091,0.975000000000083,-1.2490009027033E-16));
#4823=CARTESIAN_POINT('',(2.42499999999836,0.974999999999515,-1.2490009027033E-16));
#4824=CARTESIAN_POINT('',(2.50000000000091,0.975000000000083,0.2));
#4825=CARTESIAN_POINT('',(2.42499999999836,0.974999999999515,0.2));
#4826=CARTESIAN_POINT('',(2.50000000000091,0.975000000000083,-1.2490009027033E-16));
#4827=CARTESIAN_POINT('Origin',(2.50000000000001,0.674999999999617,-1.59594559789866E-16));
#4828=CARTESIAN_POINT('',(2.50000000000001,0.674999999999617,-1.59594559789866E-16));
#4829=CARTESIAN_POINT('',(2.50000000000091,0.975000000000083,-1.2490009027033E-16));
#4830=CARTESIAN_POINT('',(2.50000000000001,0.674999999999617,0.2));
#4831=CARTESIAN_POINT('',(2.50000000000091,0.975000000000083,0.2));
#4832=CARTESIAN_POINT('',(2.50000000000001,0.674999999999617,-1.59594559789866E-16));
#4833=CARTESIAN_POINT('Origin',(2.42499999999859,0.674999999999503,-1.59594559789866E-16));
#4834=CARTESIAN_POINT('',(2.42499999999859,0.674999999999503,-1.59594559789866E-16));
#4835=CARTESIAN_POINT('',(2.50000000000001,0.674999999999617,-1.59594559789866E-16));
#4836=CARTESIAN_POINT('',(2.42499999999859,0.674999999999503,0.2));
#4837=CARTESIAN_POINT('',(2.50000000000001,0.674999999999617,0.2));
#4838=CARTESIAN_POINT('',(2.42499999999859,0.674999999999503,-1.59594559789866E-16));
#4839=CARTESIAN_POINT('Origin',(2.42499999999859,0.574999999999422,-1.66533453693773E-16));
#4840=CARTESIAN_POINT('',(2.32499999999851,0.575000000001697,-1.73472347597681E-16));
#4841=CARTESIAN_POINT('Origin',(2.42499999999859,0.574999999999422,-1.66533453693773E-16));
#4842=CARTESIAN_POINT('',(2.32499999999851,0.575000000001697,0.2));
#4843=CARTESIAN_POINT('Origin',(2.42499999999859,0.574999999999422,0.2));
#4844=CARTESIAN_POINT('',(2.32499999999851,0.575000000001697,-1.73472347597681E-16));
#4845=CARTESIAN_POINT('Origin',(2.32499999999754,0.525000000001771,-1.80411241501588E-16));
#4846=CARTESIAN_POINT('',(2.32499999999754,0.525000000001771,-1.80411241501588E-16));
#4847=CARTESIAN_POINT('',(2.32499999999851,0.575000000001697,-1.73472347597681E-16));
#4848=CARTESIAN_POINT('',(2.32499999999754,0.525000000001771,0.2));
#4849=CARTESIAN_POINT('',(2.32499999999851,0.575000000001697,0.2));
#4850=CARTESIAN_POINT('',(2.32499999999754,0.525000000001771,-1.80411241501588E-16));
#4851=CARTESIAN_POINT('Origin',(2.42499999999765,0.524999999999439,-1.87350135405495E-16));
#4852=CARTESIAN_POINT('Origin',(2.42499999999765,0.524999999999439,-1.87350135405495E-16));
#4853=CARTESIAN_POINT('Origin',(2.42499999999765,0.524999999999439,0.2));
#4854=CARTESIAN_POINT('Origin',(2.23466915123042,1.24700250125898E-12,-2.42861286636753E-16));
#4855=CARTESIAN_POINT('Origin',(2.23466915123042,1.24700250125898E-12,0.2));
#4856=CARTESIAN_POINT('Origin',(-0.125000000000682,-1.5,-4.23272528138341E-16));
#4857=CARTESIAN_POINT('',(0.124999999997499,-1.5,-4.23272528138341E-16));
#4858=CARTESIAN_POINT('',(-0.125000000000682,-1.5,-4.23272528138341E-16));
#4859=CARTESIAN_POINT('',(0.124999999997499,-1.5,-4.23272528138341E-16));
#4860=CARTESIAN_POINT('',(0.124999999997499,-1.5,0.2));
#4861=CARTESIAN_POINT('',(0.124999999997499,-1.5,-4.23272528138341E-16));
#4862=CARTESIAN_POINT('',(-0.125000000000682,-1.5,0.2));
#4863=CARTESIAN_POINT('',(0.124999999997499,-1.5,0.2));
#4864=CARTESIAN_POINT('',(-0.125000000000682,-1.5,-4.23272528138341E-16));
#4865=CARTESIAN_POINT('Origin',(-0.125000000000682,1.5,-5.55111512312578E-17));
#4866=CARTESIAN_POINT('',(-0.125000000000682,1.5,-5.55111512312578E-17));
#4867=CARTESIAN_POINT('',(-0.125000000000682,-1.5,-4.23272528138341E-16));
#4868=CARTESIAN_POINT('',(-0.125000000000682,1.5,0.2));
#4869=CARTESIAN_POINT('',(-0.125000000000682,-1.5,0.2));
#4870=CARTESIAN_POINT('',(-0.125000000000682,1.5,-5.55111512312578E-17));
#4871=CARTESIAN_POINT('Origin',(0.124999999997272,1.5,-5.55111512312578E-17));
#4872=CARTESIAN_POINT('',(0.124999999997272,1.5,-5.55111512312578E-17));
#4873=CARTESIAN_POINT('',(-0.125000000000682,1.5,-5.55111512312578E-17));
#4874=CARTESIAN_POINT('',(0.124999999997272,1.5,0.2));
#4875=CARTESIAN_POINT('',(-0.125000000000682,1.5,0.2));
#4876=CARTESIAN_POINT('',(0.124999999997272,1.5,-5.55111512312578E-17));
#4877=CARTESIAN_POINT('Origin',(0.124999999997499,-1.5,-4.23272528138341E-16));
#4878=CARTESIAN_POINT('',(0.124999999997272,1.5,-5.55111512312578E-17));
#4879=CARTESIAN_POINT('',(0.124999999997272,1.5,0.2));
#4880=CARTESIAN_POINT('Origin',(-1.64801505775358E-12,-4.44089209850063E-14,
-2.42861286636753E-16));
#4881=CARTESIAN_POINT('Origin',(-1.64801505775358E-12,-4.44089209850063E-14,
0.2));
#4882=CARTESIAN_POINT('Origin',(-1.19999999999982,-1.5,-4.23272528138341E-16));
#4883=CARTESIAN_POINT('',(-0.950000000001638,-1.5,-4.23272528138341E-16));
#4884=CARTESIAN_POINT('',(-1.19999999999982,-1.5,-4.23272528138341E-16));
#4885=CARTESIAN_POINT('',(-0.950000000001638,-1.5,-4.23272528138341E-16));
#4886=CARTESIAN_POINT('',(-0.950000000001638,-1.5,0.2));
#4887=CARTESIAN_POINT('',(-0.950000000001638,-1.5,-4.23272528138341E-16));
#4888=CARTESIAN_POINT('',(-1.19999999999982,-1.5,0.2));
#4889=CARTESIAN_POINT('',(-0.950000000001638,-1.5,0.2));
#4890=CARTESIAN_POINT('',(-1.19999999999982,-1.5,-4.23272528138341E-16));
#4891=CARTESIAN_POINT('Origin',(-1.19999999999982,1.5,-5.55111512312578E-17));
#4892=CARTESIAN_POINT('',(-1.19999999999982,1.5,-5.55111512312578E-17));
#4893=CARTESIAN_POINT('',(-1.19999999999982,-1.5,-4.23272528138341E-16));
#4894=CARTESIAN_POINT('',(-1.19999999999982,1.5,0.2));
#4895=CARTESIAN_POINT('',(-1.19999999999982,-1.5,0.2));
#4896=CARTESIAN_POINT('',(-1.19999999999982,1.5,-5.55111512312578E-17));
#4897=CARTESIAN_POINT('Origin',(-0.950000000001864,1.5,-5.55111512312578E-17));
#4898=CARTESIAN_POINT('',(-0.950000000001864,1.5,-5.55111512312578E-17));
#4899=CARTESIAN_POINT('',(-1.19999999999982,1.5,-5.55111512312578E-17));
#4900=CARTESIAN_POINT('',(-0.950000000001864,1.5,0.2));
#4901=CARTESIAN_POINT('',(-1.19999999999982,1.5,0.2));
#4902=CARTESIAN_POINT('',(-0.950000000001864,1.5,-5.55111512312578E-17));
#4903=CARTESIAN_POINT('Origin',(-0.950000000001638,-1.5,-4.23272528138341E-16));
#4904=CARTESIAN_POINT('',(-0.950000000001864,1.5,-5.55111512312578E-17));
#4905=CARTESIAN_POINT('',(-0.950000000001864,1.5,0.2));
#4906=CARTESIAN_POINT('Origin',(-1.07500000000078,-4.61852778244065E-14,
-2.35922392732846E-16));
#4907=CARTESIAN_POINT('Origin',(-1.07500000000078,-4.61852778244065E-14,
0.2));
#4908=CARTESIAN_POINT('Origin',(0.949999999998453,-1.5,-4.09394740330526E-16));
#4909=CARTESIAN_POINT('',(1.19999999999663,-1.5,-4.09394740330526E-16));
#4910=CARTESIAN_POINT('',(0.949999999998453,-1.5,-4.09394740330526E-16));
#4911=CARTESIAN_POINT('',(1.19999999999663,-1.5,-4.09394740330526E-16));
#4912=CARTESIAN_POINT('',(1.19999999999663,-1.5,0.2));
#4913=CARTESIAN_POINT('',(1.19999999999663,-1.5,-4.09394740330526E-16));
#4914=CARTESIAN_POINT('',(0.949999999998453,-1.5,0.2));
#4915=CARTESIAN_POINT('',(1.19999999999663,-1.5,0.2));
#4916=CARTESIAN_POINT('',(0.949999999998453,-1.5,-4.09394740330526E-16));
#4917=CARTESIAN_POINT('Origin',(0.949999999998454,1.5,-4.16333634234434E-17));
#4918=CARTESIAN_POINT('',(0.949999999998454,1.5,-4.16333634234434E-17));
#4919=CARTESIAN_POINT('',(0.949999999998453,-1.5,-4.09394740330526E-16));
#4920=CARTESIAN_POINT('',(0.949999999998454,1.5,0.2));
#4921=CARTESIAN_POINT('',(0.949999999998453,-1.5,0.2));
#4922=CARTESIAN_POINT('',(0.949999999998454,1.5,-4.16333634234434E-17));
#4923=CARTESIAN_POINT('Origin',(1.19999999999664,1.5,-4.16333634234434E-17));
#4924=CARTESIAN_POINT('',(1.19999999999664,1.5,-4.16333634234434E-17));
#4925=CARTESIAN_POINT('',(0.949999999998454,1.5,-4.16333634234434E-17));
#4926=CARTESIAN_POINT('',(1.19999999999664,1.5,0.2));
#4927=CARTESIAN_POINT('',(0.949999999998454,1.5,0.2));
#4928=CARTESIAN_POINT('',(1.19999999999664,1.5,-4.16333634234434E-17));
#4929=CARTESIAN_POINT('Origin',(1.19999999999663,-1.5,-4.09394740330526E-16));
#4930=CARTESIAN_POINT('',(1.19999999999664,1.5,-4.16333634234434E-17));
#4931=CARTESIAN_POINT('',(1.19999999999664,1.5,0.2));
#4932=CARTESIAN_POINT('Origin',(1.07499999999754,3.5527136788005E-15,-2.22044604925031E-16));
#4933=CARTESIAN_POINT('Origin',(1.07499999999754,3.5527136788005E-15,0.2));
#4934=CARTESIAN_POINT('Origin',(-1.75,0.920000000000002,0.99));
#4935=CARTESIAN_POINT('',(-1.75,0.770000000000001,0.98));
#4936=CARTESIAN_POINT('Origin',(-1.75,0.920000000000002,0.98));
#4937=CARTESIAN_POINT('',(-1.75,0.770000000000001,0.99));
#4938=CARTESIAN_POINT('Origin',(-1.75,0.920000000000002,0.99));
#4939=CARTESIAN_POINT('Origin',(-1.75,0.920000000000002,0.99));
#4940=CARTESIAN_POINT('Origin',(-1.75,0.920000000000002,0.98));
#4941=CARTESIAN_POINT('Origin',(1.0613831071439,-0.90565866212975,1.));
#4942=CARTESIAN_POINT('',(1.0613831071439,-0.90565866212975,1.));
#4943=CARTESIAN_POINT('',(1.23581927714772,-0.905658662087998,1.));
#4944=CARTESIAN_POINT('',(1.0613831071439,-0.90565866212975,1.));
#4945=CARTESIAN_POINT('',(1.23581927714772,-0.905658662087998,1.01));
#4946=CARTESIAN_POINT('',(1.23581927714772,-0.905658662087998,1.));
#4947=CARTESIAN_POINT('',(1.0613831071439,-0.90565866212975,1.01));
#4948=CARTESIAN_POINT('',(1.0613831071439,-0.90565866212975,1.01));
#4949=CARTESIAN_POINT('',(1.0613831071439,-0.90565866212975,1.));
#4950=CARTESIAN_POINT('Origin',(1.0613831071439,-0.86039052152975,1.));
#4951=CARTESIAN_POINT('',(1.0613831071439,-0.86039052152975,1.));
#4952=CARTESIAN_POINT('',(1.0613831071439,-0.86039052152975,1.));
#4953=CARTESIAN_POINT('',(1.0613831071439,-0.86039052152975,1.01));
#4954=CARTESIAN_POINT('',(1.0613831071439,-0.86039052152975,1.01));
#4955=CARTESIAN_POINT('',(1.0613831071439,-0.86039052152975,1.));
#4956=CARTESIAN_POINT('Origin',(1.3037787743439,-0.86039052152975,1.));
#4957=CARTESIAN_POINT('',(1.3037787743439,-0.86039052152975,1.));
#4958=CARTESIAN_POINT('',(1.3037787743439,-0.86039052152975,1.));
#4959=CARTESIAN_POINT('',(1.3037787743439,-0.86039052152975,1.01));
#4960=CARTESIAN_POINT('',(1.3037787743439,-0.86039052152975,1.01));
#4961=CARTESIAN_POINT('',(1.3037787743439,-0.86039052152975,1.));
#4962=CARTESIAN_POINT('Origin',(1.3037787743439,-0.90565866212975,1.));
#4963=CARTESIAN_POINT('',(1.3037787743439,-0.90565866212975,1.));
#4964=CARTESIAN_POINT('',(1.3037787743439,-0.90565866212975,1.));
#4965=CARTESIAN_POINT('',(1.3037787743439,-0.90565866212975,1.01));
#4966=CARTESIAN_POINT('',(1.3037787743439,-0.90565866212975,1.01));
#4967=CARTESIAN_POINT('',(1.3037787743439,-0.90565866212975,1.));
#4968=CARTESIAN_POINT('Origin',(1.2838198421439,-0.90565866212975,1.));
#4969=CARTESIAN_POINT('',(1.2838198421439,-0.90565866212975,1.));
#4970=CARTESIAN_POINT('',(1.2838198421439,-0.90565866212975,1.));
#4971=CARTESIAN_POINT('',(1.2838198421439,-0.90565866212975,1.01));
#4972=CARTESIAN_POINT('',(1.2838198421439,-0.90565866212975,1.01));
#4973=CARTESIAN_POINT('',(1.2838198421439,-0.90565866212975,1.));
#4974=CARTESIAN_POINT('Origin',(1.28381984214379,-0.908372006804532,1.));
#4975=CARTESIAN_POINT('',(1.28381984214379,-0.908372006804532,1.));
#4976=CARTESIAN_POINT('',(1.28381984214379,-0.908372006804532,1.));
#4977=CARTESIAN_POINT('',(1.28381984214379,-0.908372006804532,1.01));
#4978=CARTESIAN_POINT('',(1.28381984214379,-0.908372006804532,1.01));
#4979=CARTESIAN_POINT('',(1.28381984214379,-0.908372006804532,1.));
#4980=CARTESIAN_POINT('Ctrl Pts',(1.2634151393439,-1.00992052042975,1.));
#4981=CARTESIAN_POINT('Ctrl Pts',(1.2634151393439,-1.00992052042975,1.01));
#4982=CARTESIAN_POINT('Ctrl Pts',(1.29434693009117,-1.0027192353603,1.));
#4983=CARTESIAN_POINT('Ctrl Pts',(1.29434693009117,-1.0027192353603,1.01));
#4984=CARTESIAN_POINT('Ctrl Pts',(1.31811322455338,-0.956560793402188,1.));
#4985=CARTESIAN_POINT('Ctrl Pts',(1.31811322455338,-0.956560793402188,1.01));
#4986=CARTESIAN_POINT('Ctrl Pts',(1.29159370582219,-0.915597523163449,1.));
#4987=CARTESIAN_POINT('Ctrl Pts',(1.29159370582219,-0.915597523163449,1.01));
#4988=CARTESIAN_POINT('Ctrl Pts',(1.28381984214379,-0.908372006804532,1.));
#4989=CARTESIAN_POINT('Ctrl Pts',(1.28381984214379,-0.908372006804532,1.01));
#4990=CARTESIAN_POINT('',(1.2634151393439,-1.00992052042975,1.));
#4991=CARTESIAN_POINT('Ctrl Pts',(1.2634151393439,-1.00992052042975,1.));
#4992=CARTESIAN_POINT('Ctrl Pts',(1.29434693009117,-1.0027192353603,1.));
#4993=CARTESIAN_POINT('Ctrl Pts',(1.31811322455338,-0.956560793402188,1.));
#4994=CARTESIAN_POINT('Ctrl Pts',(1.29159370582219,-0.915597523163449,1.));
#4995=CARTESIAN_POINT('Ctrl Pts',(1.28381984214379,-0.908372006804532,1.));
#4996=CARTESIAN_POINT('',(1.2634151393439,-1.00992052042975,1.01));
#4997=CARTESIAN_POINT('Ctrl Pts',(1.2634151393439,-1.00992052042975,1.01));
#4998=CARTESIAN_POINT('Ctrl Pts',(1.29434693009117,-1.0027192353603,1.01));
#4999=CARTESIAN_POINT('Ctrl Pts',(1.31811322455338,-0.956560793402188,1.01));
#5000=CARTESIAN_POINT('Ctrl Pts',(1.29159370582219,-0.915597523163449,1.01));
#5001=CARTESIAN_POINT('Ctrl Pts',(1.28381984214379,-0.908372006804532,1.01));
#5002=CARTESIAN_POINT('',(1.2634151393439,-1.00992052042975,1.));
#5003=CARTESIAN_POINT('Origin',(1.0602912014439,-1.00992052042975,1.));
#5004=CARTESIAN_POINT('',(1.0602912014439,-1.00992052042975,1.));
#5005=CARTESIAN_POINT('',(1.0602912014439,-1.00992052042975,1.));
#5006=CARTESIAN_POINT('',(1.0602912014439,-1.00992052042975,1.01));
#5007=CARTESIAN_POINT('',(1.0602912014439,-1.00992052042975,1.01));
#5008=CARTESIAN_POINT('',(1.0602912014439,-1.00992052042975,1.));
#5009=CARTESIAN_POINT('Origin',(1.0602912014439,-0.96537960162975,1.));
#5010=CARTESIAN_POINT('',(1.0602912014439,-0.96537960162975,1.));
#5011=CARTESIAN_POINT('',(1.0602912014439,-0.96537960162975,1.));
#5012=CARTESIAN_POINT('',(1.0602912014439,-0.96537960162975,1.01));
#5013=CARTESIAN_POINT('',(1.0602912014439,-0.96537960162975,1.01));
#5014=CARTESIAN_POINT('',(1.0602912014439,-0.96537960162975,1.));
#5015=CARTESIAN_POINT('Origin',(1.23889732149085,-0.965379601604507,1.));
#5016=CARTESIAN_POINT('',(1.23889732149085,-0.965379601604507,1.));
#5017=CARTESIAN_POINT('',(1.23889732149085,-0.965379601604507,1.));
#5018=CARTESIAN_POINT('',(1.23889732149085,-0.965379601604507,1.01));
#5019=CARTESIAN_POINT('',(1.23889732149085,-0.965379601604507,1.01));
#5020=CARTESIAN_POINT('',(1.23889732149085,-0.965379601604507,1.));
#5021=CARTESIAN_POINT('Ctrl Pts',(1.23581927714772,-0.905658662087998,1.));
#5022=CARTESIAN_POINT('Ctrl Pts',(1.23581927714772,-0.905658662087998,1.01));
#5023=CARTESIAN_POINT('Ctrl Pts',(1.24385818778097,-0.906431249298965,1.));
#5024=CARTESIAN_POINT('Ctrl Pts',(1.24385818778097,-0.906431249298965,1.01));
#5025=CARTESIAN_POINT('Ctrl Pts',(1.25745196395944,-0.910660028918379,1.));
#5026=CARTESIAN_POINT('Ctrl Pts',(1.25745196395944,-0.910660028918379,1.01));
#5027=CARTESIAN_POINT('Ctrl Pts',(1.26796334112887,-0.929072157891193,1.));
#5028=CARTESIAN_POINT('Ctrl Pts',(1.26796334112887,-0.929072157891193,1.01));
#5029=CARTESIAN_POINT('Ctrl Pts',(1.26807922867258,-0.954560813908787,1.));
#5030=CARTESIAN_POINT('Ctrl Pts',(1.26807922867258,-0.954560813908787,1.01));
#5031=CARTESIAN_POINT('Ctrl Pts',(1.24889626705461,-0.9650315200521,1.));
#5032=CARTESIAN_POINT('Ctrl Pts',(1.24889626705461,-0.9650315200521,1.01));
#5033=CARTESIAN_POINT('Ctrl Pts',(1.23889732149085,-0.965379601604507,1.));
#5034=CARTESIAN_POINT('Ctrl Pts',(1.23889732149085,-0.965379601604507,1.01));
#5035=CARTESIAN_POINT('Ctrl Pts',(1.23581927714772,-0.905658662087998,1.));
#5036=CARTESIAN_POINT('Ctrl Pts',(1.24385818778097,-0.906431249298965,1.));
#5037=CARTESIAN_POINT('Ctrl Pts',(1.25745196395944,-0.910660028918379,1.));
#5038=CARTESIAN_POINT('Ctrl Pts',(1.26796334112887,-0.929072157891193,1.));
#5039=CARTESIAN_POINT('Ctrl Pts',(1.26807922867258,-0.954560813908787,1.));
#5040=CARTESIAN_POINT('Ctrl Pts',(1.24889626705461,-0.9650315200521,1.));
#5041=CARTESIAN_POINT('Ctrl Pts',(1.23889732149085,-0.965379601604507,1.));
#5042=CARTESIAN_POINT('Ctrl Pts',(1.23581927714772,-0.905658662087998,1.01));
#5043=CARTESIAN_POINT('Ctrl Pts',(1.24385818778097,-0.906431249298965,1.01));
#5044=CARTESIAN_POINT('Ctrl Pts',(1.25745196395944,-0.910660028918379,1.01));
#5045=CARTESIAN_POINT('Ctrl Pts',(1.26796334112887,-0.929072157891193,1.01));
#5046=CARTESIAN_POINT('Ctrl Pts',(1.26807922867258,-0.954560813908787,1.01));
#5047=CARTESIAN_POINT('Ctrl Pts',(1.24889626705461,-0.9650315200521,1.01));
#5048=CARTESIAN_POINT('Ctrl Pts',(1.23889732149085,-0.965379601604507,1.01));
#5049=CARTESIAN_POINT('Origin',(1.18425945769411,-0.933351910696902,1.01));
#5050=CARTESIAN_POINT('Origin',(1.18425945769411,-0.933351910696902,1.));
#5051=CARTESIAN_POINT('Origin',(1.06553332721843,-0.320642676160907,1.));
#5052=CARTESIAN_POINT('',(1.06553332721843,-0.320642676160907,1.));
#5053=CARTESIAN_POINT('',(1.23996949722225,-0.320642676119155,1.));
#5054=CARTESIAN_POINT('',(1.06553332721843,-0.320642676160907,1.));
#5055=CARTESIAN_POINT('',(1.23996949722225,-0.320642676119155,1.01));
#5056=CARTESIAN_POINT('',(1.23996949722225,-0.320642676119155,1.));
#5057=CARTESIAN_POINT('',(1.06553332721843,-0.320642676160907,1.01));
#5058=CARTESIAN_POINT('',(1.06553332721843,-0.320642676160907,1.01));
#5059=CARTESIAN_POINT('',(1.06553332721843,-0.320642676160907,1.));
#5060=CARTESIAN_POINT('Origin',(1.06553332721843,-0.275374535560907,1.));
#5061=CARTESIAN_POINT('',(1.06553332721843,-0.275374535560907,1.));
#5062=CARTESIAN_POINT('',(1.06553332721843,-0.275374535560907,1.));
#5063=CARTESIAN_POINT('',(1.06553332721843,-0.275374535560907,1.01));
#5064=CARTESIAN_POINT('',(1.06553332721843,-0.275374535560907,1.01));
#5065=CARTESIAN_POINT('',(1.06553332721843,-0.275374535560907,1.));
#5066=CARTESIAN_POINT('Origin',(1.30792899441843,-0.275374535560908,1.));
#5067=CARTESIAN_POINT('',(1.30792899441843,-0.275374535560908,1.));
#5068=CARTESIAN_POINT('',(1.30792899441843,-0.275374535560908,1.));
#5069=CARTESIAN_POINT('',(1.30792899441843,-0.275374535560908,1.01));
#5070=CARTESIAN_POINT('',(1.30792899441843,-0.275374535560908,1.01));
#5071=CARTESIAN_POINT('',(1.30792899441843,-0.275374535560908,1.));
#5072=CARTESIAN_POINT('Origin',(1.30792899441843,-0.320642676160907,1.));
#5073=CARTESIAN_POINT('',(1.30792899441843,-0.320642676160907,1.));
#5074=CARTESIAN_POINT('',(1.30792899441843,-0.320642676160907,1.));
#5075=CARTESIAN_POINT('',(1.30792899441843,-0.320642676160907,1.01));
#5076=CARTESIAN_POINT('',(1.30792899441843,-0.320642676160907,1.01));
#5077=CARTESIAN_POINT('',(1.30792899441843,-0.320642676160907,1.));
#5078=CARTESIAN_POINT('Origin',(1.28797006221843,-0.320642676160908,1.));
#5079=CARTESIAN_POINT('',(1.28797006221843,-0.320642676160908,1.));
#5080=CARTESIAN_POINT('',(1.28797006221843,-0.320642676160908,1.));
#5081=CARTESIAN_POINT('',(1.28797006221843,-0.320642676160908,1.01));
#5082=CARTESIAN_POINT('',(1.28797006221843,-0.320642676160908,1.01));
#5083=CARTESIAN_POINT('',(1.28797006221843,-0.320642676160908,1.));
#5084=CARTESIAN_POINT('Origin',(1.28797006221832,-0.323356020835689,1.));
#5085=CARTESIAN_POINT('',(1.28797006221832,-0.323356020835689,1.));
#5086=CARTESIAN_POINT('',(1.28797006221832,-0.323356020835689,1.));
#5087=CARTESIAN_POINT('',(1.28797006221832,-0.323356020835689,1.01));
#5088=CARTESIAN_POINT('',(1.28797006221832,-0.323356020835689,1.01));
#5089=CARTESIAN_POINT('',(1.28797006221832,-0.323356020835689,1.));
#5090=CARTESIAN_POINT('Ctrl Pts',(1.26756535941843,-0.424904534460907,1.));
#5091=CARTESIAN_POINT('Ctrl Pts',(1.26756535941843,-0.424904534460907,1.01));
#5092=CARTESIAN_POINT('Ctrl Pts',(1.2984971501657,-0.417703249391456,1.));
#5093=CARTESIAN_POINT('Ctrl Pts',(1.2984971501657,-0.417703249391456,1.01));
#5094=CARTESIAN_POINT('Ctrl Pts',(1.3222634446279,-0.371544807433345,1.));
#5095=CARTESIAN_POINT('Ctrl Pts',(1.3222634446279,-0.371544807433345,1.01));
#5096=CARTESIAN_POINT('Ctrl Pts',(1.29574392589672,-0.330581537194606,1.));
#5097=CARTESIAN_POINT('Ctrl Pts',(1.29574392589672,-0.330581537194606,1.01));
#5098=CARTESIAN_POINT('Ctrl Pts',(1.28797006221832,-0.323356020835689,1.));
#5099=CARTESIAN_POINT('Ctrl Pts',(1.28797006221832,-0.323356020835689,1.01));
#5100=CARTESIAN_POINT('',(1.26756535941843,-0.424904534460907,1.));
#5101=CARTESIAN_POINT('Ctrl Pts',(1.26756535941843,-0.424904534460907,1.));
#5102=CARTESIAN_POINT('Ctrl Pts',(1.2984971501657,-0.417703249391456,1.));
#5103=CARTESIAN_POINT('Ctrl Pts',(1.3222634446279,-0.371544807433345,1.));
#5104=CARTESIAN_POINT('Ctrl Pts',(1.29574392589672,-0.330581537194606,1.));
#5105=CARTESIAN_POINT('Ctrl Pts',(1.28797006221832,-0.323356020835689,1.));
#5106=CARTESIAN_POINT('',(1.26756535941843,-0.424904534460907,1.01));
#5107=CARTESIAN_POINT('Ctrl Pts',(1.26756535941843,-0.424904534460907,1.01));
#5108=CARTESIAN_POINT('Ctrl Pts',(1.2984971501657,-0.417703249391456,1.01));
#5109=CARTESIAN_POINT('Ctrl Pts',(1.3222634446279,-0.371544807433345,1.01));
#5110=CARTESIAN_POINT('Ctrl Pts',(1.29574392589672,-0.330581537194606,1.01));
#5111=CARTESIAN_POINT('Ctrl Pts',(1.28797006221832,-0.323356020835689,1.01));
#5112=CARTESIAN_POINT('',(1.26756535941843,-0.424904534460907,1.));
#5113=CARTESIAN_POINT('Origin',(1.06444142151843,-0.424904534460907,1.));
#5114=CARTESIAN_POINT('',(1.06444142151843,-0.424904534460907,1.));
#5115=CARTESIAN_POINT('',(1.06444142151843,-0.424904534460907,1.));
#5116=CARTESIAN_POINT('',(1.06444142151843,-0.424904534460907,1.01));
#5117=CARTESIAN_POINT('',(1.06444142151843,-0.424904534460907,1.01));
#5118=CARTESIAN_POINT('',(1.06444142151843,-0.424904534460907,1.));
#5119=CARTESIAN_POINT('Origin',(1.06444142151843,-0.380363615660907,1.));
#5120=CARTESIAN_POINT('',(1.06444142151843,-0.380363615660907,1.));
#5121=CARTESIAN_POINT('',(1.06444142151843,-0.380363615660907,1.));
#5122=CARTESIAN_POINT('',(1.06444142151843,-0.380363615660907,1.01));
#5123=CARTESIAN_POINT('',(1.06444142151843,-0.380363615660907,1.01));
#5124=CARTESIAN_POINT('',(1.06444142151843,-0.380363615660907,1.));
#5125=CARTESIAN_POINT('Origin',(1.24304754156538,-0.380363615635664,1.));
#5126=CARTESIAN_POINT('',(1.24304754156538,-0.380363615635664,1.));
#5127=CARTESIAN_POINT('',(1.24304754156538,-0.380363615635664,1.));
#5128=CARTESIAN_POINT('',(1.24304754156538,-0.380363615635664,1.01));
#5129=CARTESIAN_POINT('',(1.24304754156538,-0.380363615635664,1.01));
#5130=CARTESIAN_POINT('',(1.24304754156538,-0.380363615635664,1.));
#5131=CARTESIAN_POINT('Ctrl Pts',(1.23996949722225,-0.320642676119155,1.));
#5132=CARTESIAN_POINT('Ctrl Pts',(1.23996949722225,-0.320642676119155,1.01));
#5133=CARTESIAN_POINT('Ctrl Pts',(1.2480084078555,-0.321415263330122,1.));
#5134=CARTESIAN_POINT('Ctrl Pts',(1.2480084078555,-0.321415263330122,1.01));
#5135=CARTESIAN_POINT('Ctrl Pts',(1.26160218403397,-0.325644042949536,1.));
#5136=CARTESIAN_POINT('Ctrl Pts',(1.26160218403397,-0.325644042949536,1.01));
#5137=CARTESIAN_POINT('Ctrl Pts',(1.2721135612034,-0.34405617192235,1.));
#5138=CARTESIAN_POINT('Ctrl Pts',(1.2721135612034,-0.34405617192235,1.01));
#5139=CARTESIAN_POINT('Ctrl Pts',(1.27222944874711,-0.369544827939944,1.));
#5140=CARTESIAN_POINT('Ctrl Pts',(1.27222944874711,-0.369544827939944,1.01));
#5141=CARTESIAN_POINT('Ctrl Pts',(1.25304648712914,-0.380015534083257,1.));
#5142=CARTESIAN_POINT('Ctrl Pts',(1.25304648712914,-0.380015534083257,1.01));
#5143=CARTESIAN_POINT('Ctrl Pts',(1.24304754156538,-0.380363615635664,1.));
#5144=CARTESIAN_POINT('Ctrl Pts',(1.24304754156538,-0.380363615635664,1.01));
#5145=CARTESIAN_POINT('Ctrl Pts',(1.23996949722225,-0.320642676119155,1.));
#5146=CARTESIAN_POINT('Ctrl Pts',(1.2480084078555,-0.321415263330122,1.));
#5147=CARTESIAN_POINT('Ctrl Pts',(1.26160218403397,-0.325644042949536,1.));
#5148=CARTESIAN_POINT('Ctrl Pts',(1.2721135612034,-0.34405617192235,1.));
#5149=CARTESIAN_POINT('Ctrl Pts',(1.27222944874711,-0.369544827939944,1.));
#5150=CARTESIAN_POINT('Ctrl Pts',(1.25304648712914,-0.380015534083257,1.));
#5151=CARTESIAN_POINT('Ctrl Pts',(1.24304754156538,-0.380363615635664,1.));
#5152=CARTESIAN_POINT('Ctrl Pts',(1.23996949722225,-0.320642676119155,1.01));
#5153=CARTESIAN_POINT('Ctrl Pts',(1.2480084078555,-0.321415263330122,1.01));
#5154=CARTESIAN_POINT('Ctrl Pts',(1.26160218403397,-0.325644042949536,1.01));
#5155=CARTESIAN_POINT('Ctrl Pts',(1.2721135612034,-0.34405617192235,1.01));
#5156=CARTESIAN_POINT('Ctrl Pts',(1.27222944874711,-0.369544827939944,1.01));
#5157=CARTESIAN_POINT('Ctrl Pts',(1.25304648712914,-0.380015534083257,1.01));
#5158=CARTESIAN_POINT('Ctrl Pts',(1.24304754156538,-0.380363615635664,1.01));
#5159=CARTESIAN_POINT('Origin',(1.18840967776864,-0.348335924728059,1.01));
#5160=CARTESIAN_POINT('Origin',(1.18840967776864,-0.348335924728059,1.));
#5161=CARTESIAN_POINT('Origin',(1.0619787730439,0.25143263017025,1.));
#5162=CARTESIAN_POINT('',(1.0619787730439,0.25143263017025,1.));
#5163=CARTESIAN_POINT('',(1.0619787730439,0.20362231287025,1.));
#5164=CARTESIAN_POINT('',(1.0619787730439,0.25143263017025,1.));
#5165=CARTESIAN_POINT('',(1.0619787730439,0.20362231287025,1.01));
#5166=CARTESIAN_POINT('',(1.0619787730439,0.20362231287025,1.));
#5167=CARTESIAN_POINT('',(1.0619787730439,0.25143263017025,1.01));
#5168=CARTESIAN_POINT('',(1.0619787730439,0.25143263017025,1.01));
#5169=CARTESIAN_POINT('',(1.0619787730439,0.25143263017025,1.));
#5170=CARTESIAN_POINT('Origin',(1.4262560758439,0.25143263017025,1.));
#5171=CARTESIAN_POINT('',(1.4262560758439,0.25143263017025,1.));
#5172=CARTESIAN_POINT('',(1.4262560758439,0.25143263017025,1.));
#5173=CARTESIAN_POINT('',(1.4262560758439,0.25143263017025,1.01));
#5174=CARTESIAN_POINT('',(1.4262560758439,0.25143263017025,1.01));
#5175=CARTESIAN_POINT('',(1.4262560758439,0.25143263017025,1.));
#5176=CARTESIAN_POINT('Origin',(1.4262560758439,0.20362231287025,1.));
#5177=CARTESIAN_POINT('',(1.4262560758439,0.20362231287025,1.));
#5178=CARTESIAN_POINT('',(1.4262560758439,0.20362231287025,1.));
#5179=CARTESIAN_POINT('',(1.4262560758439,0.20362231287025,1.01));
#5180=CARTESIAN_POINT('',(1.4262560758439,0.20362231287025,1.01));
#5181=CARTESIAN_POINT('',(1.4262560758439,0.20362231287025,1.));
#5182=CARTESIAN_POINT('Origin',(1.0619787730439,0.20362231287025,1.));
#5183=CARTESIAN_POINT('',(1.0619787730439,0.20362231287025,1.));
#5184=CARTESIAN_POINT('',(1.0619787730439,0.20362231287025,1.01));
#5185=CARTESIAN_POINT('Origin',(1.2441174244439,0.22752747152025,1.01));
#5186=CARTESIAN_POINT('Origin',(1.2441174244439,0.22752747152025,1.));
#5187=CARTESIAN_POINT('Origin',(1.0645633462439,0.0975588070702497,1.));
#5188=CARTESIAN_POINT('',(1.0645633462439,0.0975588070702497,1.));
#5189=CARTESIAN_POINT('',(1.23899951624772,0.0975588071120026,1.));
#5190=CARTESIAN_POINT('',(1.0645633462439,0.0975588070702497,1.));
#5191=CARTESIAN_POINT('',(1.23899951624772,0.0975588071120026,1.01));
#5192=CARTESIAN_POINT('',(1.23899951624772,0.0975588071120026,1.));
#5193=CARTESIAN_POINT('',(1.0645633462439,0.0975588070702497,1.01));
#5194=CARTESIAN_POINT('',(1.0645633462439,0.0975588070702497,1.01));
#5195=CARTESIAN_POINT('',(1.0645633462439,0.0975588070702497,1.));
#5196=CARTESIAN_POINT('Origin',(1.0645633462439,0.14282694767025,1.));
#5197=CARTESIAN_POINT('',(1.0645633462439,0.14282694767025,1.));
#5198=CARTESIAN_POINT('',(1.0645633462439,0.14282694767025,1.));
#5199=CARTESIAN_POINT('',(1.0645633462439,0.14282694767025,1.01));
#5200=CARTESIAN_POINT('',(1.0645633462439,0.14282694767025,1.01));
#5201=CARTESIAN_POINT('',(1.0645633462439,0.14282694767025,1.));
#5202=CARTESIAN_POINT('Origin',(1.3069590134439,0.14282694767025,1.));
#5203=CARTESIAN_POINT('',(1.3069590134439,0.14282694767025,1.));
#5204=CARTESIAN_POINT('',(1.3069590134439,0.14282694767025,1.));
#5205=CARTESIAN_POINT('',(1.3069590134439,0.14282694767025,1.01));
#5206=CARTESIAN_POINT('',(1.3069590134439,0.14282694767025,1.01));
#5207=CARTESIAN_POINT('',(1.3069590134439,0.14282694767025,1.));
#5208=CARTESIAN_POINT('Origin',(1.3069590134439,0.0975588070702497,1.));
#5209=CARTESIAN_POINT('',(1.3069590134439,0.0975588070702497,1.));
#5210=CARTESIAN_POINT('',(1.3069590134439,0.0975588070702497,1.));
#5211=CARTESIAN_POINT('',(1.3069590134439,0.0975588070702497,1.01));
#5212=CARTESIAN_POINT('',(1.3069590134439,0.0975588070702497,1.01));
#5213=CARTESIAN_POINT('',(1.3069590134439,0.0975588070702497,1.));
#5214=CARTESIAN_POINT('Origin',(1.2870000812439,0.0975588070702496,1.));
#5215=CARTESIAN_POINT('',(1.2870000812439,0.0975588070702496,1.));
#5216=CARTESIAN_POINT('',(1.2870000812439,0.0975588070702496,1.));
#5217=CARTESIAN_POINT('',(1.2870000812439,0.0975588070702496,1.01));
#5218=CARTESIAN_POINT('',(1.2870000812439,0.0975588070702496,1.01));
#5219=CARTESIAN_POINT('',(1.2870000812439,0.0975588070702496,1.));
#5220=CARTESIAN_POINT('Origin',(1.28700008124379,0.0948454623954682,1.));
#5221=CARTESIAN_POINT('',(1.28700008124379,0.0948454623954682,1.));
#5222=CARTESIAN_POINT('',(1.28700008124379,0.0948454623954682,1.));
#5223=CARTESIAN_POINT('',(1.28700008124379,0.0948454623954682,1.01));
#5224=CARTESIAN_POINT('',(1.28700008124379,0.0948454623954682,1.01));
#5225=CARTESIAN_POINT('',(1.28700008124379,0.0948454623954682,1.));
#5226=CARTESIAN_POINT('Ctrl Pts',(1.2665953784439,-0.00670305122975031,
1.));
#5227=CARTESIAN_POINT('Ctrl Pts',(1.2665953784439,-0.00670305122975031,
1.01));
#5228=CARTESIAN_POINT('Ctrl Pts',(1.29752716919118,0.000498233839700706,
1.));
#5229=CARTESIAN_POINT('Ctrl Pts',(1.29752716919118,0.000498233839700706,
1.01));
#5230=CARTESIAN_POINT('Ctrl Pts',(1.32129346365338,0.0466566757978118,1.));
#5231=CARTESIAN_POINT('Ctrl Pts',(1.32129346365338,0.0466566757978118,1.01));
#5232=CARTESIAN_POINT('Ctrl Pts',(1.29477394492219,0.087619946036551,1.));
#5233=CARTESIAN_POINT('Ctrl Pts',(1.29477394492219,0.087619946036551,1.01));
#5234=CARTESIAN_POINT('Ctrl Pts',(1.28700008124379,0.0948454623954682,1.));
#5235=CARTESIAN_POINT('Ctrl Pts',(1.28700008124379,0.0948454623954682,1.01));
#5236=CARTESIAN_POINT('',(1.2665953784439,-0.00670305122975031,1.));
#5237=CARTESIAN_POINT('Ctrl Pts',(1.2665953784439,-0.00670305122975031,
1.));
#5238=CARTESIAN_POINT('Ctrl Pts',(1.29752716919118,0.000498233839700706,
1.));
#5239=CARTESIAN_POINT('Ctrl Pts',(1.32129346365338,0.0466566757978118,1.));
#5240=CARTESIAN_POINT('Ctrl Pts',(1.29477394492219,0.087619946036551,1.));
#5241=CARTESIAN_POINT('Ctrl Pts',(1.28700008124379,0.0948454623954682,1.));
#5242=CARTESIAN_POINT('',(1.2665953784439,-0.00670305122975031,1.01));
#5243=CARTESIAN_POINT('Ctrl Pts',(1.2665953784439,-0.00670305122975031,
1.01));
#5244=CARTESIAN_POINT('Ctrl Pts',(1.29752716919118,0.000498233839700706,
1.01));
#5245=CARTESIAN_POINT('Ctrl Pts',(1.32129346365338,0.0466566757978118,1.01));
#5246=CARTESIAN_POINT('Ctrl Pts',(1.29477394492219,0.087619946036551,1.01));
#5247=CARTESIAN_POINT('Ctrl Pts',(1.28700008124379,0.0948454623954682,1.01));
#5248=CARTESIAN_POINT('',(1.2665953784439,-0.00670305122975031,1.));
#5249=CARTESIAN_POINT('Origin',(1.0634714405439,-0.00670305122975026,1.));
#5250=CARTESIAN_POINT('',(1.0634714405439,-0.00670305122975026,1.));
#5251=CARTESIAN_POINT('',(1.0634714405439,-0.00670305122975026,1.));
#5252=CARTESIAN_POINT('',(1.0634714405439,-0.00670305122975026,1.01));
#5253=CARTESIAN_POINT('',(1.0634714405439,-0.00670305122975026,1.01));
#5254=CARTESIAN_POINT('',(1.0634714405439,-0.00670305122975026,1.));
#5255=CARTESIAN_POINT('Origin',(1.0634714405439,0.0378378675702497,1.));
#5256=CARTESIAN_POINT('',(1.0634714405439,0.0378378675702497,1.));
#5257=CARTESIAN_POINT('',(1.0634714405439,0.0378378675702497,1.));
#5258=CARTESIAN_POINT('',(1.0634714405439,0.0378378675702497,1.01));
#5259=CARTESIAN_POINT('',(1.0634714405439,0.0378378675702497,1.01));
#5260=CARTESIAN_POINT('',(1.0634714405439,0.0378378675702497,1.));
#5261=CARTESIAN_POINT('Origin',(1.24207756059085,0.0378378675954927,1.));
#5262=CARTESIAN_POINT('',(1.24207756059085,0.0378378675954927,1.));
#5263=CARTESIAN_POINT('',(1.24207756059085,0.0378378675954927,1.));
#5264=CARTESIAN_POINT('',(1.24207756059085,0.0378378675954927,1.01));
#5265=CARTESIAN_POINT('',(1.24207756059085,0.0378378675954927,1.01));
#5266=CARTESIAN_POINT('',(1.24207756059085,0.0378378675954927,1.));
#5267=CARTESIAN_POINT('Ctrl Pts',(1.23899951624772,0.0975588071120026,1.));
#5268=CARTESIAN_POINT('Ctrl Pts',(1.23899951624772,0.0975588071120026,1.01));
#5269=CARTESIAN_POINT('Ctrl Pts',(1.24703842688097,0.0967862199010354,1.));
#5270=CARTESIAN_POINT('Ctrl Pts',(1.24703842688097,0.0967862199010354,1.01));
#5271=CARTESIAN_POINT('Ctrl Pts',(1.26063220305944,0.0925574402816209,1.));
#5272=CARTESIAN_POINT('Ctrl Pts',(1.26063220305944,0.0925574402816209,1.01));
#5273=CARTESIAN_POINT('Ctrl Pts',(1.27114358022887,0.0741453113088069,1.));
#5274=CARTESIAN_POINT('Ctrl Pts',(1.27114358022887,0.0741453113088069,1.01));
#5275=CARTESIAN_POINT('Ctrl Pts',(1.27125946777258,0.0486566552912131,1.));
#5276=CARTESIAN_POINT('Ctrl Pts',(1.27125946777258,0.0486566552912131,1.01));
#5277=CARTESIAN_POINT('Ctrl Pts',(1.25207650615461,0.0381859491479002,1.));
#5278=CARTESIAN_POINT('Ctrl Pts',(1.25207650615461,0.0381859491479002,1.01));
#5279=CARTESIAN_POINT('Ctrl Pts',(1.24207756059085,0.0378378675954927,1.));
#5280=CARTESIAN_POINT('Ctrl Pts',(1.24207756059085,0.0378378675954927,1.01));
#5281=CARTESIAN_POINT('Ctrl Pts',(1.23899951624772,0.0975588071120026,1.));
#5282=CARTESIAN_POINT('Ctrl Pts',(1.24703842688097,0.0967862199010354,1.));
#5283=CARTESIAN_POINT('Ctrl Pts',(1.26063220305944,0.0925574402816209,1.));
#5284=CARTESIAN_POINT('Ctrl Pts',(1.27114358022887,0.0741453113088069,1.));
#5285=CARTESIAN_POINT('Ctrl Pts',(1.27125946777258,0.0486566552912131,1.));
#5286=CARTESIAN_POINT('Ctrl Pts',(1.25207650615461,0.0381859491479002,1.));
#5287=CARTESIAN_POINT('Ctrl Pts',(1.24207756059085,0.0378378675954927,1.));
#5288=CARTESIAN_POINT('Ctrl Pts',(1.23899951624772,0.0975588071120026,1.01));
#5289=CARTESIAN_POINT('Ctrl Pts',(1.24703842688097,0.0967862199010354,1.01));
#5290=CARTESIAN_POINT('Ctrl Pts',(1.26063220305944,0.0925574402816209,1.01));
#5291=CARTESIAN_POINT('Ctrl Pts',(1.27114358022887,0.0741453113088069,1.01));
#5292=CARTESIAN_POINT('Ctrl Pts',(1.27125946777258,0.0486566552912131,1.01));
#5293=CARTESIAN_POINT('Ctrl Pts',(1.25207650615461,0.0381859491479002,1.01));
#5294=CARTESIAN_POINT('Ctrl Pts',(1.24207756059085,0.0378378675954927,1.01));
#5295=CARTESIAN_POINT('Origin',(1.18743969679411,0.0698655585030983,1.01));
#5296=CARTESIAN_POINT('Origin',(1.18743969679411,0.0698655585030983,1.));
#5297=CARTESIAN_POINT('Ctrl Pts',(1.3928974853439,-0.10952808302975,1.));
#5298=CARTESIAN_POINT('Ctrl Pts',(1.3928974853439,-0.10952808302975,1.01));
#5299=CARTESIAN_POINT('Ctrl Pts',(1.41014032113356,-0.113757562436529,1.));
#5300=CARTESIAN_POINT('Ctrl Pts',(1.41014032113356,-0.113757562436529,1.01));
#5301=CARTESIAN_POINT('Ctrl Pts',(1.4153713333178,-0.126613812249511,1.));
#5302=CARTESIAN_POINT('Ctrl Pts',(1.4153713333178,-0.126613812249511,1.01));
#5303=CARTESIAN_POINT('Ctrl Pts',(1.40859052188784,-0.148096832504252,1.));
#5304=CARTESIAN_POINT('Ctrl Pts',(1.40859052188784,-0.148096832504252,1.01));
#5305=CARTESIAN_POINT('',(1.3928974853439,-0.10952808302975,1.));
#5306=CARTESIAN_POINT('',(1.4085905218439,-0.14809683252975,1.));
#5307=CARTESIAN_POINT('Ctrl Pts',(1.3928974853439,-0.10952808302975,1.));
#5308=CARTESIAN_POINT('Ctrl Pts',(1.41014032113356,-0.113757562436529,1.));
#5309=CARTESIAN_POINT('Ctrl Pts',(1.4153713333178,-0.126613812249511,1.));
#5310=CARTESIAN_POINT('Ctrl Pts',(1.40859052188784,-0.148096832504252,1.));
#5311=CARTESIAN_POINT('',(1.4085905218439,-0.14809683252975,1.01));
#5312=CARTESIAN_POINT('',(1.4085905218439,-0.14809683252975,1.));
#5313=CARTESIAN_POINT('',(1.3928974853439,-0.10952808302975,1.01));
#5314=CARTESIAN_POINT('Ctrl Pts',(1.3928974853439,-0.10952808302975,1.01));
#5315=CARTESIAN_POINT('Ctrl Pts',(1.41014032113356,-0.113757562436529,1.01));
#5316=CARTESIAN_POINT('Ctrl Pts',(1.4153713333178,-0.126613812249511,1.01));
#5317=CARTESIAN_POINT('Ctrl Pts',(1.40859052188784,-0.148096832504252,1.01));
#5318=CARTESIAN_POINT('',(1.3928974853439,-0.10952808302975,1.));
#5319=CARTESIAN_POINT('Origin',(1.3060402387439,-0.10952808302975,1.));
#5320=CARTESIAN_POINT('',(1.3060402387439,-0.10952808302975,1.));
#5321=CARTESIAN_POINT('',(1.3060402387439,-0.10952808302975,1.));
#5322=CARTESIAN_POINT('',(1.3060402387439,-0.10952808302975,1.01));
#5323=CARTESIAN_POINT('',(1.3060402387439,-0.10952808302975,1.01));
#5324=CARTESIAN_POINT('',(1.3060402387439,-0.10952808302975,1.));
#5325=CARTESIAN_POINT('Origin',(1.3060402387439,-0.14439213032975,1.));
#5326=CARTESIAN_POINT('',(1.3060402387439,-0.14439213032975,1.));
#5327=CARTESIAN_POINT('',(1.3060402387439,-0.14439213032975,1.));
#5328=CARTESIAN_POINT('',(1.3060402387439,-0.14439213032975,1.01));
#5329=CARTESIAN_POINT('',(1.3060402387439,-0.14439213032975,1.01));
#5330=CARTESIAN_POINT('',(1.3060402387439,-0.14439213032975,1.));
#5331=CARTESIAN_POINT('Origin',(1.2716691696439,-0.14439213032975,1.));
#5332=CARTESIAN_POINT('',(1.2716691696439,-0.14439213032975,1.));
#5333=CARTESIAN_POINT('',(1.2716691696439,-0.14439213032975,1.));
#5334=CARTESIAN_POINT('',(1.2716691696439,-0.14439213032975,1.01));
#5335=CARTESIAN_POINT('',(1.2716691696439,-0.14439213032975,1.01));
#5336=CARTESIAN_POINT('',(1.2716691696439,-0.14439213032975,1.));
#5337=CARTESIAN_POINT('Origin',(1.2716691696439,-0.10952808302975,1.));
#5338=CARTESIAN_POINT('',(1.2716691696439,-0.10952808302975,1.));
#5339=CARTESIAN_POINT('',(1.2716691696439,-0.10952808302975,1.));
#5340=CARTESIAN_POINT('',(1.2716691696439,-0.10952808302975,1.01));
#5341=CARTESIAN_POINT('',(1.2716691696439,-0.10952808302975,1.01));
#5342=CARTESIAN_POINT('',(1.2716691696439,-0.10952808302975,1.));
#5343=CARTESIAN_POINT('Origin',(1.0635096082439,-0.10952808302975,1.));
#5344=CARTESIAN_POINT('',(1.0635096082439,-0.10952808302975,1.));
#5345=CARTESIAN_POINT('',(1.0635096082439,-0.10952808302975,1.));
#5346=CARTESIAN_POINT('',(1.0635096082439,-0.10952808302975,1.01));
#5347=CARTESIAN_POINT('',(1.0635096082439,-0.10952808302975,1.01));
#5348=CARTESIAN_POINT('',(1.0635096082439,-0.10952808302975,1.));
#5349=CARTESIAN_POINT('Origin',(1.0635096082439,-0.0655236094297503,1.));
#5350=CARTESIAN_POINT('',(1.0635096082439,-0.0655236094297503,1.));
#5351=CARTESIAN_POINT('',(1.0635096082439,-0.0655236094297503,1.));
#5352=CARTESIAN_POINT('',(1.0635096082439,-0.0655236094297503,1.01));
#5353=CARTESIAN_POINT('',(1.0635096082439,-0.0655236094297503,1.01));
#5354=CARTESIAN_POINT('',(1.0635096082439,-0.0655236094297503,1.));
#5355=CARTESIAN_POINT('Origin',(1.2716691696439,-0.0655236094297503,1.));
#5356=CARTESIAN_POINT('',(1.2716691696439,-0.0655236094297503,1.));
#5357=CARTESIAN_POINT('',(1.2716691696439,-0.0655236094297503,1.));
#5358=CARTESIAN_POINT('',(1.2716691696439,-0.0655236094297503,1.01));
#5359=CARTESIAN_POINT('',(1.2716691696439,-0.0655236094297503,1.01));
#5360=CARTESIAN_POINT('',(1.2716691696439,-0.0655236094297503,1.));
#5361=CARTESIAN_POINT('Origin',(1.2716691696439,-0.0412789230297503,1.));
#5362=CARTESIAN_POINT('',(1.2716691696439,-0.0412789230297503,1.));
#5363=CARTESIAN_POINT('',(1.2716691696439,-0.0412789230297503,1.));
#5364=CARTESIAN_POINT('',(1.2716691696439,-0.0412789230297503,1.01));
#5365=CARTESIAN_POINT('',(1.2716691696439,-0.0412789230297503,1.01));
#5366=CARTESIAN_POINT('',(1.2716691696439,-0.0412789230297503,1.));
#5367=CARTESIAN_POINT('Origin',(1.3060402387439,-0.0412789230297503,1.));
#5368=CARTESIAN_POINT('',(1.3060402387439,-0.0412789230297503,1.));
#5369=CARTESIAN_POINT('',(1.3060402387439,-0.0412789230297503,1.));
#5370=CARTESIAN_POINT('',(1.3060402387439,-0.0412789230297503,1.01));
#5371=CARTESIAN_POINT('',(1.3060402387439,-0.0412789230297503,1.01));
#5372=CARTESIAN_POINT('',(1.3060402387439,-0.0412789230297503,1.));
#5373=CARTESIAN_POINT('Origin',(1.3060402387439,-0.0655236094297503,1.));
#5374=CARTESIAN_POINT('',(1.3060402387439,-0.0655236094297503,1.));
#5375=CARTESIAN_POINT('',(1.3060402387439,-0.0655236094297503,1.));
#5376=CARTESIAN_POINT('',(1.3060402387439,-0.0655236094297503,1.01));
#5377=CARTESIAN_POINT('',(1.3060402387439,-0.0655236094297503,1.01));
#5378=CARTESIAN_POINT('',(1.3060402387439,-0.0655236094297503,1.));
#5379=CARTESIAN_POINT('Origin',(1.40456222785549,-0.0655236093844783,1.));
#5380=CARTESIAN_POINT('',(1.40456222785549,-0.0655236093844783,1.));
#5381=CARTESIAN_POINT('',(1.40456222785549,-0.0655236093844783,1.));
#5382=CARTESIAN_POINT('',(1.40456222785549,-0.0655236093844783,1.01));
#5383=CARTESIAN_POINT('',(1.40456222785549,-0.0655236093844783,1.01));
#5384=CARTESIAN_POINT('',(1.40456222785549,-0.0655236093844783,1.));
#5385=CARTESIAN_POINT('Ctrl Pts',(1.4452331411439,-0.14809683252975,1.));
#5386=CARTESIAN_POINT('Ctrl Pts',(1.4452331411439,-0.14809683252975,1.01));
#5387=CARTESIAN_POINT('Ctrl Pts',(1.47120386075107,-0.117184409929555,1.));
#5388=CARTESIAN_POINT('Ctrl Pts',(1.47120386075107,-0.117184409929555,1.01));
#5389=CARTESIAN_POINT('Ctrl Pts',(1.44467510387259,-0.0616485195848309,
1.));
#5390=CARTESIAN_POINT('Ctrl Pts',(1.44467510387259,-0.0616485195848309,
1.01));
#5391=CARTESIAN_POINT('Ctrl Pts',(1.40456222785549,-0.0655236093844783,
1.));
#5392=CARTESIAN_POINT('Ctrl Pts',(1.40456222785549,-0.0655236093844783,
1.01));
#5393=CARTESIAN_POINT('',(1.4452331411439,-0.14809683252975,1.));
#5394=CARTESIAN_POINT('Ctrl Pts',(1.4452331411439,-0.14809683252975,1.));
#5395=CARTESIAN_POINT('Ctrl Pts',(1.47120386075107,-0.117184409929555,1.));
#5396=CARTESIAN_POINT('Ctrl Pts',(1.44467510387259,-0.0616485195848309,
1.));
#5397=CARTESIAN_POINT('Ctrl Pts',(1.40456222785549,-0.0655236093844783,
1.));
#5398=CARTESIAN_POINT('',(1.4452331411439,-0.14809683252975,1.01));
#5399=CARTESIAN_POINT('Ctrl Pts',(1.4452331411439,-0.14809683252975,1.01));
#5400=CARTESIAN_POINT('Ctrl Pts',(1.47120386075107,-0.117184409929555,1.01));
#5401=CARTESIAN_POINT('Ctrl Pts',(1.44467510387259,-0.0616485195848309,
1.01));
#5402=CARTESIAN_POINT('Ctrl Pts',(1.40456222785549,-0.0655236093844783,
1.01));
#5403=CARTESIAN_POINT('',(1.4452331411439,-0.14809683252975,1.));
#5404=CARTESIAN_POINT('Origin',(1.4085905218439,-0.14809683252975,1.));
#5405=CARTESIAN_POINT('',(1.4085905218439,-0.14809683252975,1.));
#5406=CARTESIAN_POINT('',(1.4085905218439,-0.14809683252975,1.01));
#5407=CARTESIAN_POINT('Origin',(1.26911118569913,-0.093834882471661,1.01));
#5408=CARTESIAN_POINT('Origin',(1.26911118569913,-0.093834882471661,1.));
#5409=CARTESIAN_POINT('Origin',(1.3072652803439,-0.22019222972975,1.));
#5410=CARTESIAN_POINT('',(1.3072652803439,-0.22019222972975,1.));
#5411=CARTESIAN_POINT('',(1.3072652803439,-0.17478651102975,1.));
#5412=CARTESIAN_POINT('',(1.3072652803439,-0.22019222972975,1.));
#5413=CARTESIAN_POINT('',(1.3072652803439,-0.17478651102975,1.01));
#5414=CARTESIAN_POINT('',(1.3072652803439,-0.17478651102975,1.));
#5415=CARTESIAN_POINT('',(1.3072652803439,-0.22019222972975,1.01));
#5416=CARTESIAN_POINT('',(1.3072652803439,-0.22019222972975,1.01));
#5417=CARTESIAN_POINT('',(1.3072652803439,-0.22019222972975,1.));
#5418=CARTESIAN_POINT('Origin',(1.0637353660439,-0.22019222972975,1.));
#5419=CARTESIAN_POINT('',(1.0637353660439,-0.22019222972975,1.));
#5420=CARTESIAN_POINT('',(1.0637353660439,-0.22019222972975,1.));
#5421=CARTESIAN_POINT('',(1.0637353660439,-0.22019222972975,1.01));
#5422=CARTESIAN_POINT('',(1.0637353660439,-0.22019222972975,1.01));
#5423=CARTESIAN_POINT('',(1.0637353660439,-0.22019222972975,1.));
#5424=CARTESIAN_POINT('Origin',(1.0637353660439,-0.17478651102975,1.));
#5425=CARTESIAN_POINT('',(1.0637353660439,-0.17478651102975,1.));
#5426=CARTESIAN_POINT('',(1.0637353660439,-0.17478651102975,1.));
#5427=CARTESIAN_POINT('',(1.0637353660439,-0.17478651102975,1.01));
#5428=CARTESIAN_POINT('',(1.0637353660439,-0.17478651102975,1.01));
#5429=CARTESIAN_POINT('',(1.0637353660439,-0.17478651102975,1.));
#5430=CARTESIAN_POINT('Origin',(1.3072652803439,-0.17478651102975,1.));
#5431=CARTESIAN_POINT('',(1.3072652803439,-0.17478651102975,1.));
#5432=CARTESIAN_POINT('',(1.3072652803439,-0.17478651102975,1.01));
#5433=CARTESIAN_POINT('Origin',(1.1855003231939,-0.19748937037975,1.01));
#5434=CARTESIAN_POINT('Origin',(1.1855003231939,-0.19748937037975,1.));
#5435=CARTESIAN_POINT('Origin',(1.2120030050439,-0.57876631082975,1.));
#5436=CARTESIAN_POINT('',(1.2120030050439,-0.57876631082975,1.));
#5437=CARTESIAN_POINT('',(1.23592583984189,-0.578766310799895,1.));
#5438=CARTESIAN_POINT('',(1.19202053957619,-0.57876631082975,1.));
#5439=CARTESIAN_POINT('',(1.2120030050439,-0.57876631082975,1.01));
#5440=CARTESIAN_POINT('',(1.2120030050439,-0.57876631082975,1.));
#5441=CARTESIAN_POINT('',(1.23592583984189,-0.578766310799895,1.01));
#5442=CARTESIAN_POINT('',(1.19202053957619,-0.57876631082975,1.01));
#5443=CARTESIAN_POINT('',(1.23592583984189,-0.578766310799895,1.));
#5444=CARTESIAN_POINT('Origin',(1.2120030050439,-0.50824850632975,1.));
#5445=CARTESIAN_POINT('',(1.2120030050439,-0.50824850632975,1.));
#5446=CARTESIAN_POINT('',(1.2120030050439,-0.527116152611392,1.));
#5447=CARTESIAN_POINT('',(1.2120030050439,-0.50824850632975,1.01));
#5448=CARTESIAN_POINT('',(1.2120030050439,-0.50824850632975,1.));
#5449=CARTESIAN_POINT('',(1.2120030050439,-0.527116152611392,1.01));
#5450=CARTESIAN_POINT('Origin',(1.22920502314476,-0.508248506338909,1.));
#5451=CARTESIAN_POINT('',(1.22920502314476,-0.508248506338909,1.));
#5452=CARTESIAN_POINT('',(1.20062154865676,-0.508248506293255,1.));
#5453=CARTESIAN_POINT('',(1.22920502314476,-0.508248506338909,1.01));
#5454=CARTESIAN_POINT('',(1.22920502314476,-0.508248506338909,1.));
#5455=CARTESIAN_POINT('',(1.20062154865676,-0.508248506293255,1.01));
#5456=CARTESIAN_POINT('Ctrl Pts',(1.23592583984189,-0.578766310799895,1.));
#5457=CARTESIAN_POINT('Ctrl Pts',(1.23592583984189,-0.578766310799895,1.01));
#5458=CARTESIAN_POINT('Ctrl Pts',(1.2443432738082,-0.5762174184976,1.));
#5459=CARTESIAN_POINT('Ctrl Pts',(1.2443432738082,-0.5762174184976,1.01));
#5460=CARTESIAN_POINT('Ctrl Pts',(1.26036727748194,-0.573996651449212,1.));
#5461=CARTESIAN_POINT('Ctrl Pts',(1.26036727748194,-0.573996651449212,1.01));
#5462=CARTESIAN_POINT('Ctrl Pts',(1.27633807872819,-0.555772959135802,1.));
#5463=CARTESIAN_POINT('Ctrl Pts',(1.27633807872819,-0.555772959135802,1.01));
#5464=CARTESIAN_POINT('Ctrl Pts',(1.27607312349658,-0.534081597942758,1.));
#5465=CARTESIAN_POINT('Ctrl Pts',(1.27607312349658,-0.534081597942758,1.01));
#5466=CARTESIAN_POINT('Ctrl Pts',(1.25954474361414,-0.513205188440374,1.));
#5467=CARTESIAN_POINT('Ctrl Pts',(1.25954474361414,-0.513205188440374,1.01));
#5468=CARTESIAN_POINT('Ctrl Pts',(1.23999776596919,-0.510878720445698,1.));
#5469=CARTESIAN_POINT('Ctrl Pts',(1.23999776596919,-0.510878720445698,1.01));
#5470=CARTESIAN_POINT('Ctrl Pts',(1.22920502314476,-0.508248506338909,1.));
#5471=CARTESIAN_POINT('Ctrl Pts',(1.22920502314476,-0.508248506338909,1.01));
#5472=CARTESIAN_POINT('Ctrl Pts',(1.23592583984189,-0.578766310799895,1.));
#5473=CARTESIAN_POINT('Ctrl Pts',(1.2443432738082,-0.5762174184976,1.));
#5474=CARTESIAN_POINT('Ctrl Pts',(1.26036727748194,-0.573996651449212,1.));
#5475=CARTESIAN_POINT('Ctrl Pts',(1.27633807872819,-0.555772959135802,1.));
#5476=CARTESIAN_POINT('Ctrl Pts',(1.27607312349658,-0.534081597942758,1.));
#5477=CARTESIAN_POINT('Ctrl Pts',(1.25954474361414,-0.513205188440374,1.));
#5478=CARTESIAN_POINT('Ctrl Pts',(1.23999776596919,-0.510878720445698,1.));
#5479=CARTESIAN_POINT('Ctrl Pts',(1.22920502314476,-0.508248506338909,1.));
#5480=CARTESIAN_POINT('Ctrl Pts',(1.22920502314476,-0.508248506338909,1.01));
#5481=CARTESIAN_POINT('Ctrl Pts',(1.23999776596919,-0.510878720445698,1.01));
#5482=CARTESIAN_POINT('Ctrl Pts',(1.25954474361414,-0.513205188440374,1.01));
#5483=CARTESIAN_POINT('Ctrl Pts',(1.27607312349658,-0.534081597942758,1.01));
#5484=CARTESIAN_POINT('Ctrl Pts',(1.27633807872819,-0.555772959135802,1.01));
#5485=CARTESIAN_POINT('Ctrl Pts',(1.26036727748194,-0.573996651449212,1.01));
#5486=CARTESIAN_POINT('Ctrl Pts',(1.2443432738082,-0.5762174184976,1.01));
#5487=CARTESIAN_POINT('Ctrl Pts',(1.23592583984189,-0.578766310799895,1.01));
#5488=CARTESIAN_POINT('Ctrl Pts',(1.1432968054439,-0.57762972492975,1.));
#5489=CARTESIAN_POINT('Ctrl Pts',(1.1432968054439,-0.57762972492975,1.01));
#5490=CARTESIAN_POINT('Ctrl Pts',(1.13210563005087,-0.576267119111055,1.));
#5491=CARTESIAN_POINT('Ctrl Pts',(1.13210563005087,-0.576267119111055,1.01));
#5492=CARTESIAN_POINT('Ctrl Pts',(1.11010805186292,-0.577607632905385,1.));
#5493=CARTESIAN_POINT('Ctrl Pts',(1.11010805186292,-0.577607632905385,1.01));
#5494=CARTESIAN_POINT('Ctrl Pts',(1.09395583191508,-0.55451577616482,1.));
#5495=CARTESIAN_POINT('Ctrl Pts',(1.09395583191508,-0.55451577616482,1.01));
#5496=CARTESIAN_POINT('Ctrl Pts',(1.09645974943874,-0.519901607583924,1.));
#5497=CARTESIAN_POINT('Ctrl Pts',(1.09645974943874,-0.519901607583924,1.01));
#5498=CARTESIAN_POINT('Ctrl Pts',(1.12902402136079,-0.511157831252386,1.));
#5499=CARTESIAN_POINT('Ctrl Pts',(1.12902402136079,-0.511157831252386,1.01));
#5500=CARTESIAN_POINT('Ctrl Pts',(1.14329680548372,-0.510030423788374,1.));
#5501=CARTESIAN_POINT('Ctrl Pts',(1.14329680548372,-0.510030423788374,1.01));
#5502=CARTESIAN_POINT('',(1.1432968054439,-0.57762972492975,1.));
#5503=CARTESIAN_POINT('',(1.1432968054439,-0.51003042382975,1.));
#5504=CARTESIAN_POINT('Ctrl Pts',(1.1432968054439,-0.57762972492975,1.));
#5505=CARTESIAN_POINT('Ctrl Pts',(1.13210563005087,-0.576267119111055,1.));
#5506=CARTESIAN_POINT('Ctrl Pts',(1.11010805186292,-0.577607632905385,1.));
#5507=CARTESIAN_POINT('Ctrl Pts',(1.09395583191508,-0.55451577616482,1.));
#5508=CARTESIAN_POINT('Ctrl Pts',(1.09645974943874,-0.519901607583924,1.));
#5509=CARTESIAN_POINT('Ctrl Pts',(1.12902402136079,-0.511157831252386,1.));
#5510=CARTESIAN_POINT('Ctrl Pts',(1.14329680548372,-0.510030423788374,1.));
#5511=CARTESIAN_POINT('',(1.1432968054439,-0.51003042382975,1.01));
#5512=CARTESIAN_POINT('',(1.1432968054439,-0.51003042382975,1.));
#5513=CARTESIAN_POINT('',(1.1432968054439,-0.57762972492975,1.01));
#5514=CARTESIAN_POINT('Ctrl Pts',(1.1432968054439,-0.57762972492975,1.01));
#5515=CARTESIAN_POINT('Ctrl Pts',(1.13210563005087,-0.576267119111055,1.01));
#5516=CARTESIAN_POINT('Ctrl Pts',(1.11010805186292,-0.577607632905385,1.01));
#5517=CARTESIAN_POINT('Ctrl Pts',(1.09395583191508,-0.55451577616482,1.01));
#5518=CARTESIAN_POINT('Ctrl Pts',(1.09645974943874,-0.519901607583924,1.01));
#5519=CARTESIAN_POINT('Ctrl Pts',(1.12902402136079,-0.511157831252386,1.01));
#5520=CARTESIAN_POINT('Ctrl Pts',(1.14329680548372,-0.510030423788374,1.01));
#5521=CARTESIAN_POINT('',(1.1432968054439,-0.57762972492975,1.));
#5522=CARTESIAN_POINT('Origin',(1.14329680548372,-0.619020157504163,1.));
#5523=CARTESIAN_POINT('',(1.14329680548372,-0.619020157504163,1.));
#5524=CARTESIAN_POINT('',(1.14329680548372,-0.619020157504163,1.));
#5525=CARTESIAN_POINT('',(1.14329680548372,-0.619020157504163,1.01));
#5526=CARTESIAN_POINT('',(1.14329680548372,-0.619020157504163,1.01));
#5527=CARTESIAN_POINT('',(1.14329680548372,-0.619020157504163,1.));
#5528=CARTESIAN_POINT('Ctrl Pts',(1.1489693074439,-0.46680892832975,1.));
#5529=CARTESIAN_POINT('Ctrl Pts',(1.1489693074439,-0.46680892832975,1.01));
#5530=CARTESIAN_POINT('Ctrl Pts',(1.12487752195474,-0.471924084908966,1.));
#5531=CARTESIAN_POINT('Ctrl Pts',(1.12487752195474,-0.471924084908966,1.01));
#5532=CARTESIAN_POINT('Ctrl Pts',(1.07838590847437,-0.478120888989415,1.));
#5533=CARTESIAN_POINT('Ctrl Pts',(1.07838590847437,-0.478120888989415,1.01));
#5534=CARTESIAN_POINT('Ctrl Pts',(1.0552665026886,-0.530564008350009,1.));
#5535=CARTESIAN_POINT('Ctrl Pts',(1.0552665026886,-0.530564008350009,1.01));
#5536=CARTESIAN_POINT('Ctrl Pts',(1.05546980286014,-0.570714262005572,1.));
#5537=CARTESIAN_POINT('Ctrl Pts',(1.05546980286014,-0.570714262005572,1.01));
#5538=CARTESIAN_POINT('Ctrl Pts',(1.08534953574723,-0.613310776620421,1.));
#5539=CARTESIAN_POINT('Ctrl Pts',(1.08534953574723,-0.613310776620421,1.01));
#5540=CARTESIAN_POINT('Ctrl Pts',(1.1217906956394,-0.619606453563796,1.));
#5541=CARTESIAN_POINT('Ctrl Pts',(1.1217906956394,-0.619606453563796,1.01));
#5542=CARTESIAN_POINT('Ctrl Pts',(1.14329680548372,-0.619020157504163,1.));
#5543=CARTESIAN_POINT('Ctrl Pts',(1.14329680548372,-0.619020157504163,1.01));
#5544=CARTESIAN_POINT('',(1.1489693074439,-0.46680892832975,1.));
#5545=CARTESIAN_POINT('Ctrl Pts',(1.1489693074439,-0.46680892832975,1.));
#5546=CARTESIAN_POINT('Ctrl Pts',(1.12487752195474,-0.471924084908966,1.));
#5547=CARTESIAN_POINT('Ctrl Pts',(1.07838590847437,-0.478120888989415,1.));
#5548=CARTESIAN_POINT('Ctrl Pts',(1.0552665026886,-0.530564008350009,1.));
#5549=CARTESIAN_POINT('Ctrl Pts',(1.05546980286014,-0.570714262005572,1.));
#5550=CARTESIAN_POINT('Ctrl Pts',(1.08534953574723,-0.613310776620421,1.));
#5551=CARTESIAN_POINT('Ctrl Pts',(1.1217906956394,-0.619606453563796,1.));
#5552=CARTESIAN_POINT('Ctrl Pts',(1.14329680548372,-0.619020157504163,1.));
#5553=CARTESIAN_POINT('',(1.1489693074439,-0.46680892832975,1.01));
#5554=CARTESIAN_POINT('Ctrl Pts',(1.1489693074439,-0.46680892832975,1.01));
#5555=CARTESIAN_POINT('Ctrl Pts',(1.12487752195474,-0.471924084908966,1.01));
#5556=CARTESIAN_POINT('Ctrl Pts',(1.07838590847437,-0.478120888989415,1.01));
#5557=CARTESIAN_POINT('Ctrl Pts',(1.0552665026886,-0.530564008350009,1.01));
#5558=CARTESIAN_POINT('Ctrl Pts',(1.05546980286014,-0.570714262005572,1.01));
#5559=CARTESIAN_POINT('Ctrl Pts',(1.08534953574723,-0.613310776620421,1.01));
#5560=CARTESIAN_POINT('Ctrl Pts',(1.1217906956394,-0.619606453563796,1.01));
#5561=CARTESIAN_POINT('Ctrl Pts',(1.14329680548372,-0.619020157504163,1.01));
#5562=CARTESIAN_POINT('',(1.1489693074439,-0.46680892832975,1.));
#5563=CARTESIAN_POINT('Origin',(1.22920502314476,-0.468674597342904,1.));
#5564=CARTESIAN_POINT('',(1.22920502314476,-0.468674597342904,1.));
#5565=CARTESIAN_POINT('',(1.22920502314476,-0.468674597342904,1.));
#5566=CARTESIAN_POINT('',(1.22920502314476,-0.468674597342904,1.01));
#5567=CARTESIAN_POINT('',(1.22920502314476,-0.468674597342904,1.01));
#5568=CARTESIAN_POINT('',(1.22920502314476,-0.468674597342904,1.));
#5569=CARTESIAN_POINT('Ctrl Pts',(1.2292050231439,-0.62148213052975,1.));
#5570=CARTESIAN_POINT('Ctrl Pts',(1.2292050231439,-0.62148213052975,1.01));
#5571=CARTESIAN_POINT('Ctrl Pts',(1.2512366581294,-0.618062109676453,1.));
#5572=CARTESIAN_POINT('Ctrl Pts',(1.2512366581294,-0.618062109676453,1.01));
#5573=CARTESIAN_POINT('Ctrl Pts',(1.29169611446731,-0.607877738898964,1.));
#5574=CARTESIAN_POINT('Ctrl Pts',(1.29169611446731,-0.607877738898964,1.01));
#5575=CARTESIAN_POINT('Ctrl Pts',(1.3132401758998,-0.562991537328951,1.));
#5576=CARTESIAN_POINT('Ctrl Pts',(1.3132401758998,-0.562991537328951,1.01));
#5577=CARTESIAN_POINT('Ctrl Pts',(1.3142737368115,-0.527732911320901,1.));
#5578=CARTESIAN_POINT('Ctrl Pts',(1.3142737368115,-0.527732911320901,1.01));
#5579=CARTESIAN_POINT('Ctrl Pts',(1.29137945646066,-0.483900377390878,1.));
#5580=CARTESIAN_POINT('Ctrl Pts',(1.29137945646066,-0.483900377390878,1.01));
#5581=CARTESIAN_POINT('Ctrl Pts',(1.25238800814399,-0.472631601330571,1.));
#5582=CARTESIAN_POINT('Ctrl Pts',(1.25238800814399,-0.472631601330571,1.01));
#5583=CARTESIAN_POINT('Ctrl Pts',(1.22920502314476,-0.468674597342904,1.));
#5584=CARTESIAN_POINT('Ctrl Pts',(1.22920502314476,-0.468674597342904,1.01));
#5585=CARTESIAN_POINT('',(1.2292050231439,-0.62148213052975,1.));
#5586=CARTESIAN_POINT('Ctrl Pts',(1.2292050231439,-0.62148213052975,1.));
#5587=CARTESIAN_POINT('Ctrl Pts',(1.2512366581294,-0.618062109676453,1.));
#5588=CARTESIAN_POINT('Ctrl Pts',(1.29169611446731,-0.607877738898964,1.));
#5589=CARTESIAN_POINT('Ctrl Pts',(1.3132401758998,-0.562991537328951,1.));
#5590=CARTESIAN_POINT('Ctrl Pts',(1.3142737368115,-0.527732911320901,1.));
#5591=CARTESIAN_POINT('Ctrl Pts',(1.29137945646066,-0.483900377390878,1.));
#5592=CARTESIAN_POINT('Ctrl Pts',(1.25238800814399,-0.472631601330571,1.));
#5593=CARTESIAN_POINT('Ctrl Pts',(1.22920502314476,-0.468674597342904,1.));
#5594=CARTESIAN_POINT('',(1.2292050231439,-0.62148213052975,1.01));
#5595=CARTESIAN_POINT('Ctrl Pts',(1.2292050231439,-0.62148213052975,1.01));
#5596=CARTESIAN_POINT('Ctrl Pts',(1.2512366581294,-0.618062109676453,1.01));
#5597=CARTESIAN_POINT('Ctrl Pts',(1.29169611446731,-0.607877738898964,1.01));
#5598=CARTESIAN_POINT('Ctrl Pts',(1.3132401758998,-0.562991537328951,1.01));
#5599=CARTESIAN_POINT('Ctrl Pts',(1.3142737368115,-0.527732911320901,1.01));
#5600=CARTESIAN_POINT('Ctrl Pts',(1.29137945646066,-0.483900377390878,1.01));
#5601=CARTESIAN_POINT('Ctrl Pts',(1.25238800814399,-0.472631601330571,1.01));
#5602=CARTESIAN_POINT('Ctrl Pts',(1.22920502314476,-0.468674597342904,1.01));
#5603=CARTESIAN_POINT('',(1.2292050231439,-0.62148213052975,1.));
#5604=CARTESIAN_POINT('Origin',(1.1763568342439,-0.62148213052975,1.));
#5605=CARTESIAN_POINT('',(1.1763568342439,-0.62148213052975,1.));
#5606=CARTESIAN_POINT('',(1.1763568342439,-0.62148213052975,1.));
#5607=CARTESIAN_POINT('',(1.1763568342439,-0.62148213052975,1.01));
#5608=CARTESIAN_POINT('',(1.1763568342439,-0.62148213052975,1.01));
#5609=CARTESIAN_POINT('',(1.1763568342439,-0.62148213052975,1.));
#5610=CARTESIAN_POINT('Origin',(1.1763568342439,-0.51003042382975,1.));
#5611=CARTESIAN_POINT('',(1.1763568342439,-0.51003042382975,1.));
#5612=CARTESIAN_POINT('',(1.1763568342439,-0.51003042382975,1.));
#5613=CARTESIAN_POINT('',(1.1763568342439,-0.51003042382975,1.01));
#5614=CARTESIAN_POINT('',(1.1763568342439,-0.51003042382975,1.01));
#5615=CARTESIAN_POINT('',(1.1763568342439,-0.51003042382975,1.));
#5616=CARTESIAN_POINT('Origin',(1.1432968054439,-0.51003042382975,1.));
#5617=CARTESIAN_POINT('',(1.1432968054439,-0.51003042382975,1.));
#5618=CARTESIAN_POINT('',(1.1432968054439,-0.51003042382975,1.01));
#5619=CARTESIAN_POINT('Origin',(1.17203807410848,-0.545983798893033,1.01));
#5620=CARTESIAN_POINT('Origin',(1.17203807410848,-0.545983798893033,1.));
#5621=CARTESIAN_POINT('Origin',(1.1205007929439,0.58763645507025,1.));
#5622=CARTESIAN_POINT('',(1.1205007929439,0.58763645507025,1.));
#5623=CARTESIAN_POINT('',(1.3071744146439,0.63108138727025,1.));
#5624=CARTESIAN_POINT('',(1.1205007929439,0.58763645507025,1.));
#5625=CARTESIAN_POINT('',(1.3071744146439,0.63108138727025,1.01));
#5626=CARTESIAN_POINT('',(1.3071744146439,0.63108138727025,1.));
#5627=CARTESIAN_POINT('',(1.1205007929439,0.58763645507025,1.01));
#5628=CARTESIAN_POINT('',(1.1205007929439,0.58763645507025,1.01));
#5629=CARTESIAN_POINT('',(1.1205007929439,0.58763645507025,1.));
#5630=CARTESIAN_POINT('Origin',(1.1205007929439,0.70266880467025,1.));
#5631=CARTESIAN_POINT('',(1.1205007929439,0.70266880467025,1.));
#5632=CARTESIAN_POINT('',(1.1205007929439,0.70266880467025,1.));
#5633=CARTESIAN_POINT('',(1.1205007929439,0.70266880467025,1.01));
#5634=CARTESIAN_POINT('',(1.1205007929439,0.70266880467025,1.01));
#5635=CARTESIAN_POINT('',(1.1205007929439,0.70266880467025,1.));
#5636=CARTESIAN_POINT('Origin',(1.3071744146439,0.74611373697025,1.));
#5637=CARTESIAN_POINT('',(1.3071744146439,0.74611373697025,1.));
#5638=CARTESIAN_POINT('',(1.3071744146439,0.74611373697025,1.));
#5639=CARTESIAN_POINT('',(1.3071744146439,0.74611373697025,1.01));
#5640=CARTESIAN_POINT('',(1.3071744146439,0.74611373697025,1.01));
#5641=CARTESIAN_POINT('',(1.3071744146439,0.74611373697025,1.));
#5642=CARTESIAN_POINT('Origin',(1.3071744146439,0.63108138727025,1.));
#5643=CARTESIAN_POINT('',(1.3071744146439,0.63108138727025,1.));
#5644=CARTESIAN_POINT('',(1.3071744146439,0.63108138727025,1.01));
#5645=CARTESIAN_POINT('Origin',(1.21383760380912,0.666875096000916,1.01));
#5646=CARTESIAN_POINT('Origin',(1.21383760380912,0.666875096000916,1.));
#5647=CARTESIAN_POINT('Origin',(1.3989227823439,0.70975477617025,1.));
#5648=CARTESIAN_POINT('',(1.3989227823439,0.648702173511918,1.01));
#5649=CARTESIAN_POINT('Origin',(1.3989227823439,0.70975477617025,1.01));
#5650=CARTESIAN_POINT('',(1.3989227823439,0.648702173511918,1.));
#5651=CARTESIAN_POINT('Origin',(1.3989227823439,0.70975477617025,1.));
#5652=CARTESIAN_POINT('Origin',(1.3989227823439,0.70975477617025,1.01));
#5653=CARTESIAN_POINT('Origin',(1.3989227823439,0.70975477617025,1.));
#5654=CARTESIAN_POINT('Origin',(1.3811469100439,-0.19696292572975,1.));
#5655=CARTESIAN_POINT('',(1.3811469100439,-0.227015993118236,1.01));
#5656=CARTESIAN_POINT('Origin',(1.3811469100439,-0.19696292572975,1.01));
#5657=CARTESIAN_POINT('',(1.3811469100439,-0.227015993118236,1.));
#5658=CARTESIAN_POINT('Origin',(1.3811469100439,-0.19696292572975,1.));
#5659=CARTESIAN_POINT('Origin',(1.3811469100439,-0.19696292572975,1.01));
#5660=CARTESIAN_POINT('Origin',(1.3811469100439,-0.19696292572975,1.));
#5661=CARTESIAN_POINT('Ctrl Pts',(1.11040767750164,0.494252231990073,1.));
#5662=CARTESIAN_POINT('Ctrl Pts',(1.11040767750164,0.494252231990073,1.01));
#5663=CARTESIAN_POINT('Ctrl Pts',(1.06350768978616,0.580617224333087,1.));
#5664=CARTESIAN_POINT('Ctrl Pts',(1.06350768978616,0.580617224333087,1.01));
#5665=CARTESIAN_POINT('Ctrl Pts',(1.07219158616833,0.734291644223138,1.));
#5666=CARTESIAN_POINT('Ctrl Pts',(1.07219158616833,0.734291644223138,1.01));
#5667=CARTESIAN_POINT('Ctrl Pts',(1.19420238115838,0.834055700429037,1.));
#5668=CARTESIAN_POINT('Ctrl Pts',(1.19420238115838,0.834055700429037,1.01));
#5669=CARTESIAN_POINT('Ctrl Pts',(1.2819475780892,0.840595537530768,1.));
#5670=CARTESIAN_POINT('Ctrl Pts',(1.2819475780892,0.840595537530768,1.01));
#5671=CARTESIAN_POINT('Ctrl Pts',(1.33504736688298,0.810365851003077,1.));
#5672=CARTESIAN_POINT('Ctrl Pts',(1.33504736688298,0.810365851003077,1.01));
#5673=CARTESIAN_POINT('Ctrl Pts',(1.35237868193892,0.782152801938217,1.));
#5674=CARTESIAN_POINT('Ctrl Pts',(1.35237868193892,0.782152801938217,1.01));
#5675=CARTESIAN_POINT('',(1.11040767750164,0.494252231990073,1.));
#5676=CARTESIAN_POINT('',(1.3523786819439,0.78215280197025,1.));
#5677=CARTESIAN_POINT('Ctrl Pts',(1.11040767750164,0.494252231990073,1.));
#5678=CARTESIAN_POINT('Ctrl Pts',(1.06350768978616,0.580617224333087,1.));
#5679=CARTESIAN_POINT('Ctrl Pts',(1.07219158616833,0.734291644223138,1.));
#5680=CARTESIAN_POINT('Ctrl Pts',(1.19420238115838,0.834055700429037,1.));
#5681=CARTESIAN_POINT('Ctrl Pts',(1.2819475780892,0.840595537530768,1.));
#5682=CARTESIAN_POINT('Ctrl Pts',(1.33504736688298,0.810365851003077,1.));
#5683=CARTESIAN_POINT('Ctrl Pts',(1.35237868193892,0.782152801938217,1.));
#5684=CARTESIAN_POINT('',(1.3523786819439,0.78215280197025,1.01));
#5685=CARTESIAN_POINT('',(1.3523786819439,0.78215280197025,1.));
#5686=CARTESIAN_POINT('',(1.11040767750164,0.494252231990073,1.01));
#5687=CARTESIAN_POINT('Ctrl Pts',(1.11040767750164,0.494252231990073,1.01));
#5688=CARTESIAN_POINT('Ctrl Pts',(1.06350768978616,0.580617224333087,1.01));
#5689=CARTESIAN_POINT('Ctrl Pts',(1.07219158616833,0.734291644223138,1.01));
#5690=CARTESIAN_POINT('Ctrl Pts',(1.19420238115838,0.834055700429037,1.01));
#5691=CARTESIAN_POINT('Ctrl Pts',(1.2819475780892,0.840595537530768,1.01));
#5692=CARTESIAN_POINT('Ctrl Pts',(1.33504736688298,0.810365851003077,1.01));
#5693=CARTESIAN_POINT('Ctrl Pts',(1.35237868193892,0.782152801938217,1.01));
#5694=CARTESIAN_POINT('',(1.11040767750164,0.494252231990073,1.));
#5695=CARTESIAN_POINT('Origin',(1.4045622278439,0.56281993407025,1.));
#5696=CARTESIAN_POINT('',(1.4045622278439,0.56281993407025,1.));
#5697=CARTESIAN_POINT('',(1.4045622278439,0.56281993407025,1.));
#5698=CARTESIAN_POINT('',(1.4045622278439,0.56281993407025,1.01));
#5699=CARTESIAN_POINT('',(1.4045622278439,0.56281993407025,1.01));
#5700=CARTESIAN_POINT('',(1.4045622278439,0.56281993407025,1.));
#5701=CARTESIAN_POINT('Origin',(1.4045622278439,0.623867149470249,1.));
#5702=CARTESIAN_POINT('',(1.4045622278439,0.623867149470249,1.));
#5703=CARTESIAN_POINT('',(1.4045622278439,0.623867149470249,1.));
#5704=CARTESIAN_POINT('',(1.4045622278439,0.623867149470249,1.01));
#5705=CARTESIAN_POINT('',(1.4045622278439,0.623867149470249,1.01));
#5706=CARTESIAN_POINT('',(1.4045622278439,0.623867149470249,1.));
#5707=CARTESIAN_POINT('Origin',(1.4265524119439,0.62596244797025,1.));
#5708=CARTESIAN_POINT('',(1.4265524119439,0.62596244797025,1.));
#5709=CARTESIAN_POINT('',(1.4265524119439,0.62596244797025,1.));
#5710=CARTESIAN_POINT('',(1.4265524119439,0.62596244797025,1.01));
#5711=CARTESIAN_POINT('',(1.4265524119439,0.62596244797025,1.01));
#5712=CARTESIAN_POINT('',(1.4265524119439,0.62596244797025,1.));
#5713=CARTESIAN_POINT('Origin',(1.42071096529354,0.554925414250469,1.));
#5714=CARTESIAN_POINT('',(1.42071096529354,0.554925414250469,1.));
#5715=CARTESIAN_POINT('',(1.42071096529354,0.554925414250469,1.));
#5716=CARTESIAN_POINT('',(1.42071096529354,0.554925414250469,1.01));
#5717=CARTESIAN_POINT('',(1.42071096529354,0.554925414250469,1.01));
#5718=CARTESIAN_POINT('',(1.42071096529354,0.554925414250469,1.));
#5719=CARTESIAN_POINT('Origin',(1.39602161792099,0.557584966567066,1.));
#5720=CARTESIAN_POINT('',(1.4012847140439,0.53331694417025,1.));
#5721=CARTESIAN_POINT('Origin',(1.39602161792706,0.55758496656984,1.));
#5722=CARTESIAN_POINT('',(1.4012847140439,0.53331694417025,1.01));
#5723=CARTESIAN_POINT('Origin',(1.39602161792706,0.55758496656984,1.01));
#5724=CARTESIAN_POINT('',(1.4012847140439,0.53331694417025,1.));
#5725=CARTESIAN_POINT('Origin',(1.10348629080296,0.468732295154091,1.));
#5726=CARTESIAN_POINT('',(1.10348629080296,0.468732295154091,1.));
#5727=CARTESIAN_POINT('',(1.10348629080296,0.468732295154091,1.));
#5728=CARTESIAN_POINT('',(1.10348629080296,0.468732295154091,1.01));
#5729=CARTESIAN_POINT('',(1.10348629080296,0.468732295154091,1.01));
#5730=CARTESIAN_POINT('',(1.10348629080296,0.468732295154091,1.));
#5731=CARTESIAN_POINT('Ctrl Pts',(1.3828086639439,0.79566320887025,1.));
#5732=CARTESIAN_POINT('Ctrl Pts',(1.3828086639439,0.79566320887025,1.01));
#5733=CARTESIAN_POINT('Ctrl Pts',(1.36237176471228,0.836437064411133,1.));
#5734=CARTESIAN_POINT('Ctrl Pts',(1.36237176471228,0.836437064411133,1.01));
#5735=CARTESIAN_POINT('Ctrl Pts',(1.3070548597973,0.90184515983931,1.));
#5736=CARTESIAN_POINT('Ctrl Pts',(1.3070548597973,0.90184515983931,1.01));
#5737=CARTESIAN_POINT('Ctrl Pts',(1.19943403468583,0.899043070085045,1.));
#5738=CARTESIAN_POINT('Ctrl Pts',(1.19943403468583,0.899043070085045,1.01));
#5739=CARTESIAN_POINT('Ctrl Pts',(1.13664718547011,0.851933772835703,1.));
#5740=CARTESIAN_POINT('Ctrl Pts',(1.13664718547011,0.851933772835703,1.01));
#5741=CARTESIAN_POINT('Ctrl Pts',(1.08124223644693,0.773620877762891,1.));
#5742=CARTESIAN_POINT('Ctrl Pts',(1.08124223644693,0.773620877762891,1.01));
#5743=CARTESIAN_POINT('Ctrl Pts',(1.04493183584861,0.637536025338419,1.));
#5744=CARTESIAN_POINT('Ctrl Pts',(1.04493183584861,0.637536025338419,1.01));
#5745=CARTESIAN_POINT('Ctrl Pts',(1.07140957558094,0.525611862999269,1.));
#5746=CARTESIAN_POINT('Ctrl Pts',(1.07140957558094,0.525611862999269,1.01));
#5747=CARTESIAN_POINT('Ctrl Pts',(1.10348629080296,0.468732295154091,1.));
#5748=CARTESIAN_POINT('Ctrl Pts',(1.10348629080296,0.468732295154091,1.01));
#5749=CARTESIAN_POINT('',(1.3828086639439,0.79566320887025,1.));
#5750=CARTESIAN_POINT('Ctrl Pts',(1.3828086639439,0.79566320887025,1.));
#5751=CARTESIAN_POINT('Ctrl Pts',(1.36237176471228,0.836437064411133,1.));
#5752=CARTESIAN_POINT('Ctrl Pts',(1.3070548597973,0.90184515983931,1.));
#5753=CARTESIAN_POINT('Ctrl Pts',(1.19943403468583,0.899043070085045,1.));
#5754=CARTESIAN_POINT('Ctrl Pts',(1.13664718547011,0.851933772835703,1.));
#5755=CARTESIAN_POINT('Ctrl Pts',(1.08124223644693,0.773620877762891,1.));
#5756=CARTESIAN_POINT('Ctrl Pts',(1.04493183584861,0.637536025338419,1.));
#5757=CARTESIAN_POINT('Ctrl Pts',(1.07140957558094,0.525611862999269,1.));
#5758=CARTESIAN_POINT('Ctrl Pts',(1.10348629080296,0.468732295154091,1.));
#5759=CARTESIAN_POINT('',(1.3828086639439,0.79566320887025,1.01));
#5760=CARTESIAN_POINT('Ctrl Pts',(1.3828086639439,0.79566320887025,1.01));
#5761=CARTESIAN_POINT('Ctrl Pts',(1.36237176471228,0.836437064411133,1.01));
#5762=CARTESIAN_POINT('Ctrl Pts',(1.3070548597973,0.90184515983931,1.01));
#5763=CARTESIAN_POINT('Ctrl Pts',(1.19943403468583,0.899043070085045,1.01));
#5764=CARTESIAN_POINT('Ctrl Pts',(1.13664718547011,0.851933772835703,1.01));
#5765=CARTESIAN_POINT('Ctrl Pts',(1.08124223644693,0.773620877762891,1.01));
#5766=CARTESIAN_POINT('Ctrl Pts',(1.04493183584861,0.637536025338419,1.01));
#5767=CARTESIAN_POINT('Ctrl Pts',(1.07140957558094,0.525611862999269,1.01));
#5768=CARTESIAN_POINT('Ctrl Pts',(1.10348629080296,0.468732295154091,1.01));
#5769=CARTESIAN_POINT('',(1.3828086639439,0.79566320887025,1.));
#5770=CARTESIAN_POINT('Origin',(1.3523786819439,0.78215280197025,1.));
#5771=CARTESIAN_POINT('',(1.3523786819439,0.78215280197025,1.));
#5772=CARTESIAN_POINT('',(1.3523786819439,0.78215280197025,1.01));
#5773=CARTESIAN_POINT('Origin',(1.21449008077409,0.660086473577143,1.01));
#5774=CARTESIAN_POINT('Origin',(1.21449008077409,0.660086473577143,1.));
#5775=CARTESIAN_POINT('Ctrl Pts',(1.22027423216868,-0.703601965980631,1.));
#5776=CARTESIAN_POINT('Ctrl Pts',(1.22027423216868,-0.703601965980631,1.01));
#5777=CARTESIAN_POINT('Ctrl Pts',(1.19031437894785,-0.698118692031549,1.));
#5778=CARTESIAN_POINT('Ctrl Pts',(1.19031437894785,-0.698118692031549,1.01));
#5779=CARTESIAN_POINT('Ctrl Pts',(1.14929125249086,-0.698341723060595,1.));
#5780=CARTESIAN_POINT('Ctrl Pts',(1.14929125249086,-0.698341723060595,1.01));
#5781=CARTESIAN_POINT('Ctrl Pts',(1.09591912437947,-0.71943313415131,1.));
#5782=CARTESIAN_POINT('Ctrl Pts',(1.09591912437947,-0.71943313415131,1.01));
#5783=CARTESIAN_POINT('Ctrl Pts',(1.09887020052083,-0.768659293000255,1.));
#5784=CARTESIAN_POINT('Ctrl Pts',(1.09887020052083,-0.768659293000255,1.01));
#5785=CARTESIAN_POINT('Ctrl Pts',(1.16323586149446,-0.778878158249063,1.));
#5786=CARTESIAN_POINT('Ctrl Pts',(1.16323586149446,-0.778878158249063,1.01));
#5787=CARTESIAN_POINT('Ctrl Pts',(1.21232765459427,-0.780109182029772,1.));
#5788=CARTESIAN_POINT('Ctrl Pts',(1.21232765459427,-0.780109182029772,1.01));
#5789=CARTESIAN_POINT('Ctrl Pts',(1.25070029475581,-0.767001284732062,1.));
#5790=CARTESIAN_POINT('Ctrl Pts',(1.25070029475581,-0.767001284732062,1.01));
#5791=CARTESIAN_POINT('Ctrl Pts',(1.2741156541555,-0.753926003596015,1.));
#5792=CARTESIAN_POINT('Ctrl Pts',(1.2741156541555,-0.753926003596015,1.01));
#5793=CARTESIAN_POINT('Ctrl Pts',(1.2717910596609,-0.719843774018255,1.));
#5794=CARTESIAN_POINT('Ctrl Pts',(1.2717910596609,-0.719843774018255,1.01));
#5795=CARTESIAN_POINT('Ctrl Pts',(1.24437752210117,-0.708788433224509,1.));
#5796=CARTESIAN_POINT('Ctrl Pts',(1.24437752210117,-0.708788433224509,1.01));
#5797=CARTESIAN_POINT('Ctrl Pts',(1.22715139860713,-0.704860629943286,1.));
#5798=CARTESIAN_POINT('Ctrl Pts',(1.22715139860713,-0.704860629943286,1.01));
#5799=CARTESIAN_POINT('Ctrl Pts',(1.22027423216868,-0.703601965980631,1.));
#5800=CARTESIAN_POINT('Ctrl Pts',(1.22027423216868,-0.703601965980631,1.01));
#5801=CARTESIAN_POINT('',(1.22027423216868,-0.703601965980631,1.));
#5802=CARTESIAN_POINT('Ctrl Pts',(1.22027423216868,-0.703601965980631,1.));
#5803=CARTESIAN_POINT('Ctrl Pts',(1.19031437894785,-0.698118692031549,1.));
#5804=CARTESIAN_POINT('Ctrl Pts',(1.14929125249086,-0.698341723060595,1.));
#5805=CARTESIAN_POINT('Ctrl Pts',(1.09591912437947,-0.71943313415131,1.));
#5806=CARTESIAN_POINT('Ctrl Pts',(1.09887020052083,-0.768659293000255,1.));
#5807=CARTESIAN_POINT('Ctrl Pts',(1.16323586149446,-0.778878158249063,1.));
#5808=CARTESIAN_POINT('Ctrl Pts',(1.21232765459427,-0.780109182029772,1.));
#5809=CARTESIAN_POINT('Ctrl Pts',(1.25070029475581,-0.767001284732062,1.));
#5810=CARTESIAN_POINT('Ctrl Pts',(1.2741156541555,-0.753926003596015,1.));
#5811=CARTESIAN_POINT('Ctrl Pts',(1.2717910596609,-0.719843774018255,1.));
#5812=CARTESIAN_POINT('Ctrl Pts',(1.24437752210117,-0.708788433224509,1.));
#5813=CARTESIAN_POINT('Ctrl Pts',(1.22715139860713,-0.704860629943286,1.));
#5814=CARTESIAN_POINT('Ctrl Pts',(1.22027423216868,-0.703601965980631,1.));
#5815=CARTESIAN_POINT('',(1.22027423216868,-0.703601965980631,1.01));
#5816=CARTESIAN_POINT('',(1.22027423216868,-0.703601965980631,1.));
#5817=CARTESIAN_POINT('Ctrl Pts',(1.22027423216868,-0.703601965980631,1.01));
#5818=CARTESIAN_POINT('Ctrl Pts',(1.22715139860713,-0.704860629943286,1.01));
#5819=CARTESIAN_POINT('Ctrl Pts',(1.24437752210117,-0.708788433224509,1.01));
#5820=CARTESIAN_POINT('Ctrl Pts',(1.2717910596609,-0.719843774018255,1.01));
#5821=CARTESIAN_POINT('Ctrl Pts',(1.2741156541555,-0.753926003596015,1.01));
#5822=CARTESIAN_POINT('Ctrl Pts',(1.25070029475581,-0.767001284732062,1.01));
#5823=CARTESIAN_POINT('Ctrl Pts',(1.21232765459427,-0.780109182029772,1.01));
#5824=CARTESIAN_POINT('Ctrl Pts',(1.16323586149446,-0.778878158249063,1.01));
#5825=CARTESIAN_POINT('Ctrl Pts',(1.09887020052083,-0.768659293000255,1.01));
#5826=CARTESIAN_POINT('Ctrl Pts',(1.09591912437947,-0.71943313415131,1.01));
#5827=CARTESIAN_POINT('Ctrl Pts',(1.14929125249086,-0.698341723060595,1.01));
#5828=CARTESIAN_POINT('Ctrl Pts',(1.19031437894785,-0.698118692031549,1.01));
#5829=CARTESIAN_POINT('Ctrl Pts',(1.22027423216868,-0.703601965980631,1.01));
#5830=CARTESIAN_POINT('Ctrl Pts',(1.21642918086555,-0.658482874420834,1.));
#5831=CARTESIAN_POINT('Ctrl Pts',(1.21642918086555,-0.658482874420834,1.01));
#5832=CARTESIAN_POINT('Ctrl Pts',(1.19209587531107,-0.65579553510751,1.));
#5833=CARTESIAN_POINT('Ctrl Pts',(1.19209587531107,-0.65579553510751,1.01));
#5834=CARTESIAN_POINT('Ctrl Pts',(1.15589559310973,-0.655793675227933,1.));
#5835=CARTESIAN_POINT('Ctrl Pts',(1.15589559310973,-0.655793675227933,1.01));
#5836=CARTESIAN_POINT('Ctrl Pts',(1.10215814992159,-0.665810770407179,1.));
#5837=CARTESIAN_POINT('Ctrl Pts',(1.10215814992159,-0.665810770407179,1.01));
#5838=CARTESIAN_POINT('Ctrl Pts',(1.05381917991901,-0.700603383615431,1.));
#5839=CARTESIAN_POINT('Ctrl Pts',(1.05381917991901,-0.700603383615431,1.01));
#5840=CARTESIAN_POINT('Ctrl Pts',(1.05166021399662,-0.776814745079827,1.));
#5841=CARTESIAN_POINT('Ctrl Pts',(1.05166021399662,-0.776814745079827,1.01));
#5842=CARTESIAN_POINT('Ctrl Pts',(1.10627158050451,-0.814694529739043,1.));
#5843=CARTESIAN_POINT('Ctrl Pts',(1.10627158050451,-0.814694529739043,1.01));
#5844=CARTESIAN_POINT('Ctrl Pts',(1.16358954554849,-0.822713275623777,1.));
#5845=CARTESIAN_POINT('Ctrl Pts',(1.16358954554849,-0.822713275623777,1.01));
#5846=CARTESIAN_POINT('Ctrl Pts',(1.22491053228349,-0.821525535632362,1.));
#5847=CARTESIAN_POINT('Ctrl Pts',(1.22491053228349,-0.821525535632362,1.01));
#5848=CARTESIAN_POINT('Ctrl Pts',(1.27951941964537,-0.804917409157538,1.));
#5849=CARTESIAN_POINT('Ctrl Pts',(1.27951941964537,-0.804917409157538,1.01));
#5850=CARTESIAN_POINT('Ctrl Pts',(1.31488379745003,-0.762072273242327,1.));
#5851=CARTESIAN_POINT('Ctrl Pts',(1.31488379745003,-0.762072273242327,1.01));
#5852=CARTESIAN_POINT('Ctrl Pts',(1.31508636725463,-0.701974921771843,1.));
#5853=CARTESIAN_POINT('Ctrl Pts',(1.31508636725463,-0.701974921771843,1.01));
#5854=CARTESIAN_POINT('Ctrl Pts',(1.26542641381587,-0.666290315019322,1.));
#5855=CARTESIAN_POINT('Ctrl Pts',(1.26542641381587,-0.666290315019322,1.01));
#5856=CARTESIAN_POINT('Ctrl Pts',(1.23169909097021,-0.660169263869374,1.));
#5857=CARTESIAN_POINT('Ctrl Pts',(1.23169909097021,-0.660169263869374,1.01));
#5858=CARTESIAN_POINT('Ctrl Pts',(1.21642918086555,-0.658482874420834,1.));
#5859=CARTESIAN_POINT('Ctrl Pts',(1.21642918086555,-0.658482874420834,1.01));
#5860=CARTESIAN_POINT('',(1.21642918086555,-0.658482874420834,1.));
#5861=CARTESIAN_POINT('Ctrl Pts',(1.21642918086555,-0.658482874420834,1.));
#5862=CARTESIAN_POINT('Ctrl Pts',(1.19209587531107,-0.65579553510751,1.));
#5863=CARTESIAN_POINT('Ctrl Pts',(1.15589559310973,-0.655793675227933,1.));
#5864=CARTESIAN_POINT('Ctrl Pts',(1.10215814992159,-0.665810770407179,1.));
#5865=CARTESIAN_POINT('Ctrl Pts',(1.05381917991901,-0.700603383615431,1.));
#5866=CARTESIAN_POINT('Ctrl Pts',(1.05166021399662,-0.776814745079827,1.));
#5867=CARTESIAN_POINT('Ctrl Pts',(1.10627158050451,-0.814694529739043,1.));
#5868=CARTESIAN_POINT('Ctrl Pts',(1.16358954554849,-0.822713275623777,1.));
#5869=CARTESIAN_POINT('Ctrl Pts',(1.22491053228349,-0.821525535632362,1.));
#5870=CARTESIAN_POINT('Ctrl Pts',(1.27951941964537,-0.804917409157538,1.));
#5871=CARTESIAN_POINT('Ctrl Pts',(1.31488379745003,-0.762072273242327,1.));
#5872=CARTESIAN_POINT('Ctrl Pts',(1.31508636725463,-0.701974921771843,1.));
#5873=CARTESIAN_POINT('Ctrl Pts',(1.26542641381587,-0.666290315019322,1.));
#5874=CARTESIAN_POINT('Ctrl Pts',(1.23169909097021,-0.660169263869374,1.));
#5875=CARTESIAN_POINT('Ctrl Pts',(1.21642918086555,-0.658482874420834,1.));
#5876=CARTESIAN_POINT('',(1.21642918086555,-0.658482874420834,1.01));
#5877=CARTESIAN_POINT('',(1.21642918086555,-0.658482874420834,1.));
#5878=CARTESIAN_POINT('Ctrl Pts',(1.21642918086555,-0.658482874420834,1.01));
#5879=CARTESIAN_POINT('Ctrl Pts',(1.19209587531107,-0.65579553510751,1.01));
#5880=CARTESIAN_POINT('Ctrl Pts',(1.15589559310973,-0.655793675227933,1.01));
#5881=CARTESIAN_POINT('Ctrl Pts',(1.10215814992159,-0.665810770407179,1.01));
#5882=CARTESIAN_POINT('Ctrl Pts',(1.05381917991901,-0.700603383615431,1.01));
#5883=CARTESIAN_POINT('Ctrl Pts',(1.05166021399662,-0.776814745079827,1.01));
#5884=CARTESIAN_POINT('Ctrl Pts',(1.10627158050451,-0.814694529739043,1.01));
#5885=CARTESIAN_POINT('Ctrl Pts',(1.16358954554849,-0.822713275623777,1.01));
#5886=CARTESIAN_POINT('Ctrl Pts',(1.22491053228349,-0.821525535632362,1.01));
#5887=CARTESIAN_POINT('Ctrl Pts',(1.27951941964537,-0.804917409157538,1.01));
#5888=CARTESIAN_POINT('Ctrl Pts',(1.31488379745003,-0.762072273242327,1.01));
#5889=CARTESIAN_POINT('Ctrl Pts',(1.31508636725463,-0.701974921771843,1.01));
#5890=CARTESIAN_POINT('Ctrl Pts',(1.26542641381587,-0.666290315019322,1.01));
#5891=CARTESIAN_POINT('Ctrl Pts',(1.23169909097021,-0.660169263869374,1.01));
#5892=CARTESIAN_POINT('Ctrl Pts',(1.21642918086555,-0.658482874420834,1.01));
#5893=CARTESIAN_POINT('Origin',(1.18372046639697,-0.738945801107214,1.01));
#5894=CARTESIAN_POINT('Origin',(1.18372046639697,-0.738945801107214,1.));
#5895=UNCERTAINTY_MEASURE_WITH_UNIT(LENGTH_MEASURE(0.01),#5899,
'DISTANCE_ACCURACY_VALUE',
'Maximum model space distance between geometric entities at asserted c
onnectivities');
#5896=UNCERTAINTY_MEASURE_WITH_UNIT(LENGTH_MEASURE(0.01),#5899,
'DISTANCE_ACCURACY_VALUE',
'Maximum model space distance between geometric entities at asserted c
onnectivities');
#5897=(
GEOMETRIC_REPRESENTATION_CONTEXT(3)
GLOBAL_UNCERTAINTY_ASSIGNED_CONTEXT((#5895))
GLOBAL_UNIT_ASSIGNED_CONTEXT((#5899,#5901,#5900))
REPRESENTATION_CONTEXT('','3D')
);
#5898=(
GEOMETRIC_REPRESENTATION_CONTEXT(3)
GLOBAL_UNCERTAINTY_ASSIGNED_CONTEXT((#5896))
GLOBAL_UNIT_ASSIGNED_CONTEXT((#5899,#5901,#5900))
REPRESENTATION_CONTEXT('','3D')
);
#5899=(
LENGTH_UNIT()
NAMED_UNIT(*)
SI_UNIT(.MILLI.,.METRE.)
);
#5900=(
NAMED_UNIT(*)
SI_UNIT($,.STERADIAN.)
SOLID_ANGLE_UNIT()
);
#5901=(
NAMED_UNIT(*)
PLANE_ANGLE_UNIT()
SI_UNIT($,.RADIAN.)
);
#5902=SHAPE_DEFINITION_REPRESENTATION(#5903,#5904);
#5903=PRODUCT_DEFINITION_SHAPE('',$,#5906);
#5904=SHAPE_REPRESENTATION('',(#3399),#5897);
#5905=PRODUCT_DEFINITION_CONTEXT('part definition',#5910,'design');
#5906=PRODUCT_DEFINITION('Product','Product',#5907,#5905);
#5907=PRODUCT_DEFINITION_FORMATION('',$,#5912);
#5908=PRODUCT_RELATED_PRODUCT_CATEGORY('Product','Product',(#5912));
#5909=APPLICATION_PROTOCOL_DEFINITION('international standard',
'automotive_design',2009,#5910);
#5910=APPLICATION_CONTEXT(
'Core Data for Automotive Mechanical Design Process');
#5911=PRODUCT_CONTEXT('part definition',#5910,'mechanical');
#5912=PRODUCT('Product','Product',$,(#5911));
#5913=PRESENTATION_STYLE_ASSIGNMENT((#5916));
#5914=PRESENTATION_STYLE_ASSIGNMENT((#5917));
#5915=PRESENTATION_STYLE_ASSIGNMENT((#5918));
#5916=SURFACE_STYLE_USAGE(.BOTH.,#5919);
#5917=SURFACE_STYLE_USAGE(.BOTH.,#5920);
#5918=SURFACE_STYLE_USAGE(.BOTH.,#5921);
#5919=SURFACE_SIDE_STYLE('',(#5922));
#5920=SURFACE_SIDE_STYLE('',(#5923));
#5921=SURFACE_SIDE_STYLE('',(#5924));
#5922=SURFACE_STYLE_FILL_AREA(#5925);
#5923=SURFACE_STYLE_FILL_AREA(#5926);
#5924=SURFACE_STYLE_FILL_AREA(#5927);
#5925=FILL_AREA_STYLE('',(#5928));
#5926=FILL_AREA_STYLE('',(#5929));
#5927=FILL_AREA_STYLE('',(#5930));
#5928=FILL_AREA_STYLE_COLOUR('',#5931);
#5929=FILL_AREA_STYLE_COLOUR('',#5932);
#5930=FILL_AREA_STYLE_COLOUR('',#5933);
#5931=COLOUR_RGB('',0.329411764705882,0.329411764705882,0.329411764705882);
#5932=COLOUR_RGB('',0.866666666666667,0.866666666666667,0.866666666666667);
#5933=COLOUR_RGB('',1.,1.,1.);
ENDSEC;
END-ISO-10303-21;
